id,full_name,actual_churn,predicted_churn
18921,Mai Thu Thành,0,0
43441,Bùi Xuân Hưng,0,0
14760,Nguyễn Gia Linh,0,0
54424,Trần Quang Hoàng,0,1
25303,Bùi Thanh Dũng,0,1
73271,Lê Thu Duyên,0,0
64306,Dương Gia Phúc,0,0
13129,Đặng Thị Nhiên,0,1
39634,Trần Hoàng Linh,0,0
64945,Dương Minh Tùng,0,0
10931,Dương Hoàng Vân,1,1
72242,Trần Kim Quang,0,0
11944,Phạm Đức Ngọc,1,1
78786,Dương Thu Tùng,0,0
36884,Phạm Xuân Lan,0,0
51839,Bùi Xuân Quang,0,0
63727,Bùi Anh Khoa,1,1
30038,Dương Hữu Thảo,0,0
50671,Hoàng Hữu Phúc,0,0
62585,Mai Quang Yến,0,1
66973,Lê Kim Linh,0,0
21559,Dương Quang Vũ,0,0
36273,Nguyễn Kim Xuân,0,0
12272,Trần Thị Phúc,0,0
1228,Nguyễn Đức Ngọc,0,1
45068,Hoàng Thu Ánh,1,1
46352,Phạm Minh Tùng,0,1
23815,Hoàng Đức Dương,0,0
29584,Trần Ngọc Khoa,1,1
36602,Lê Quang Chi,0,1
75832,Trần Đức Khoa,1,1
26770,Vũ Hữu Dũng,0,0
53656,Lê Trần Khoa,0,0
78180,Đặng Ngọc Mai,0,1
37640,Vũ Anh Dũng,1,0
7404,Phạm Hữu Ánh,0,0
40605,Mai Hữu Tùng,0,0
57290,Trần Xuân Vân,0,0
489,Bùi Gia Minh,0,1
40058,Vũ Minh Duyên,0,1
11322,Dương Hoàng Phúc,0,0
63162,Hoàng Xuân Bảo,0,0
19651,Lê Thị Xuân,0,0
49600,Đặng Minh Dương,0,0
33957,Lê Kim Bảo,0,0
67085,Bùi Hoàng Xuân,0,0
37508,Đặng Gia Tùng,0,1
38498,Dương Minh Vi,0,0
31694,Hoàng Văn Châu,0,0
29964,Lê Hữu Hoàng,0,1
37037,Bùi Trần Vi,0,1
7847,Đặng Thu Nam,0,0
19242,Bùi Thu Hoàng,0,0
40142,Nguyễn Văn Chi,0,0
49325,Vũ Minh Hồng,0,1
54878,Bùi Ngọc Minh,0,0
23113,Lê Xuân Ánh,0,1
40825,Mai Hữu Bảo,0,0
37498,Hoàng Văn Duyên,1,1
66572,Hoàng Quang Quang,0,0
4832,Lê Minh Nhiên,0,0
78594,Phạm Gia Vi,0,0
50990,Hoàng Đức Tùng,1,1
20292,Vũ Thị Thành,0,0
45100,Hoàng Hoàng Lan,1,1
74885,Hoàng Đức Linh,0,0
3128,Vũ Thị Quang,0,0
3560,Nguyễn Thanh Nhiên,0,0
18928,Mai Quang Nam,0,0
39913,Phạm Văn Vi,0,1
72755,Phạm Văn Hưng,0,0
78926,Vũ Xuân Vũ,0,1
73409,Đặng Kim Hoàng,0,0
8369,Vũ Gia Ánh,0,1
16134,Phạm Kim Khoa,0,1
1385,Trần Thị Bảo,0,1
37470,Trần Anh Bảo,0,0
63961,Dương Trần Hoàng,0,0
33782,Bùi Hoàng Yến,0,0
35187,Vũ Xuân Dũng,0,0
45489,Trần Đức Dũng,0,1
42991,Bùi Thị Quang,0,0
310,Mai Xuân Chi,0,1
32176,Phạm Thị Xuân,1,0
19106,Bùi Xuân Thảo,1,1
39862,Mai Anh Thành,0,0
21374,Đặng Đức Trung,0,0
34124,Đặng Hoàng Tú,0,0
20064,Lê Thanh Tú,1,1
38119,Lê Đức Dũng,0,0
14044,Dương Xuân Nhiên,1,1
55176,Phạm Hoàng Huy,0,0
48388,Hoàng Văn Ánh,0,1
14230,Dương Anh Yến,0,0
35811,Lê Đức Thành,0,0
1362,Hoàng Hoàng Quang,0,1
17040,Bùi Thị Bảo,0,0
12563,Nguyễn Gia Hương,0,0
75017,Vũ Thị Vân,0,0
45642,Hoàng Trần Vũ,0,0
45160,Nguyễn Hoàng Ngọc,0,1
34365,Mai Trần Anh,0,1
18294,Đặng Trần Minh,0,0
59919,Nguyễn Gia Vũ,0,0
66305,Nguyễn Quang Yến,0,0
68420,Hoàng Đức Chi,1,1
44526,Bùi Minh Vũ,0,0
61096,Lê Hữu Lan,0,1
64141,Mai Quang Quang,0,0
28335,Vũ Thị Hưng,0,0
51244,Lê Anh Trung,0,0
29040,Phạm Kim Lan,0,1
26878,Vũ Hữu Trọng,0,0
78379,Dương Xuân Khoa,1,1
75194,Bùi Gia Ngọc,0,0
58223,Bùi Kim Xuân,0,0
44310,Hoàng Xuân Châu,0,1
65612,Dương Trần Bảo,0,0
24109,Trần Quang Ánh,1,1
9218,Bùi Trần Hưng,0,0
27988,Lê Thị Thảo,0,0
49099,Đặng Minh Mai,0,1
61142,Trần Xuân Hưng,0,0
19052,Mai Quang Huy,0,0
73209,Dương Minh Nam,0,0
27218,Dương Văn Nam,1,1
63704,Vũ Anh Chi,0,1
3971,Hoàng Xuân Linh,0,0
78642,Lê Thanh Duyên,0,1
36457,Mai Kim Dũng,0,0
52715,Trần Hữu Nhiên,1,1
44857,Nguyễn Xuân Khoa,0,0
6920,Bùi Thị Tú,0,0
66236,Trần Thu Vi,0,0
75516,Nguyễn Trần Duyên,0,0
16512,Đặng Hoàng Phúc,0,0
60793,Mai Kim Lan,0,0
24895,Phạm Thị Quang,0,0
65212,Hoàng Xuân Thành,1,1
5881,Lê Hữu Dương,0,0
54993,Phạm Hoàng Thành,0,0
12937,Dương Thị Duyên,1,1
61787,Vũ Xuân Nam,0,0
65478,Bùi Gia Vân,0,0
58053,Phạm Thu Yến,0,0
7039,Dương Gia Trọng,1,1
69320,Đặng Xuân Hoàng,1,1
36630,Trần Hữu Hưng,0,0
7554,Mai Quang Anh,0,0
38205,Vũ Xuân Hoàng,0,0
63398,Đặng Minh Nam,0,0
62413,Lê Quang Huy,0,1
70920,Hoàng Gia Vân,0,0
37805,Lê Ngọc Anh,0,0
57079,Dương Hoàng Chi,0,1
36824,Đặng Văn Dương,0,1
52538,Phạm Quang Trung,0,0
46468,Mai Đức Ngọc,0,0
37534,Nguyễn Xuân Tú,0,0
26545,Dương Văn Vi,0,0
7317,Dương Gia Ánh,0,0
27137,Mai Đức Vân,0,0
42939,Nguyễn Anh Quang,0,0
21344,Đặng Văn Huy,0,0
18517,Trần Quang Châu,0,0
29167,Dương Hoàng Trung,1,0
6534,Bùi Thanh Khoa,0,0
152,Hoàng Xuân Mai,0,0
6683,Vũ Gia Yến,0,0
76771,Hoàng Kim Ánh,0,0
40442,Hoàng Văn Vi,0,1
50873,Dương Minh Chi,1,1
5004,Hoàng Đức Huy,0,1
75763,Hoàng Thanh Hồng,0,0
30953,Dương Quang Duyên,0,0
75021,Trần Minh Duyên,0,1
51548,Trần Gia Phúc,1,0
35190,Trần Văn Thành,0,0
67127,Mai Hữu Ánh,0,1
29547,Phạm Hoàng Vi,0,0
17863,Đặng Gia Duyên,0,1
67181,Nguyễn Thanh Xuân,1,1
10792,Bùi Hữu Tùng,0,0
28431,Mai Kim Hồng,1,1
60147,Hoàng Anh Minh,0,1
77313,Vũ Thanh Nhiên,0,0
11535,Trần Kim Lan,0,0
19147,Mai Quang Dương,0,0
14916,Hoàng Kim Nam,0,0
78330,Bùi Hữu Trung,1,1
28407,Vũ Minh Trung,0,0
59820,Mai Ngọc Hoàng,0,0
62978,Dương Kim Lan,0,1
75846,Trần Hoàng Dũng,0,0
75986,Mai Thu Thảo,0,0
59840,Lê Kim Trọng,0,1
46621,Mai Văn Yến,0,0
57134,Nguyễn Xuân Trọng,1,1
38053,Vũ Hoàng Ngọc,0,0
32472,Lê Ngọc Huy,0,0
31291,Bùi Kim Tùng,0,1
20949,Hoàng Anh Hồng,0,0
41969,Vũ Hoàng Vân,0,0
36160,Vũ Thu Linh,1,0
28865,Nguyễn Quang Chi,0,0
12804,Hoàng Hoàng Dũng,0,0
39430,Nguyễn Kim Ngọc,0,0
38774,Vũ Minh Thành,0,0
61398,Bùi Minh Thành,0,0
78852,Mai Xuân Vân,0,0
47216,Nguyễn Thanh Ánh,0,0
43741,Trần Kim Vân,0,1
523,Phạm Thu Tùng,0,0
63025,Mai Thị Dũng,0,1
23177,Nguyễn Xuân Nam,0,0
12053,Dương Xuân Ngọc,0,0
42841,Vũ Thanh Ánh,0,1
16646,Hoàng Hoàng Bảo,0,1
1601,Vũ Quang Hồng,1,1
38632,Dương Xuân Quang,0,0
1955,Nguyễn Gia Dương,0,0
47851,Dương Văn Hưng,0,0
47825,Vũ Đức Xuân,1,1
79494,Trần Hữu Linh,1,1
11789,Mai Xuân Yến,0,0
16958,Bùi Trần Minh,0,0
18196,Đặng Hoàng Duyên,0,0
42451,Phạm Kim Nam,0,0
60891,Nguyễn Minh Vân,1,1
941,Lê Quang Chi,0,0
37819,Trần Thị Mai,0,1
75011,Hoàng Thu Ngọc,0,0
79636,Vũ Quang Hồng,1,0
78890,Lê Thu Hồng,1,0
57846,Hoàng Xuân Hồng,1,1
25572,Vũ Thanh Vũ,0,1
34226,Lê Anh Hoàng,0,1
17031,Phạm Anh Tú,0,1
5602,Lê Thu Thảo,0,1
28149,Hoàng Xuân Linh,0,0
29189,Vũ Thanh Vi,0,1
21749,Nguyễn Gia Trung,1,1
29892,Trần Ngọc Trung,0,0
14471,Nguyễn Thu Phúc,0,0
37405,Đặng Anh Châu,0,0
49739,Đặng Quang Vũ,0,0
17110,Dương Hoàng Hương,1,1
78888,Hoàng Văn Minh,0,1
71302,Trần Đức Trung,1,1
6014,Trần Thị Quang,0,1
70099,Hoàng Trần Nam,0,0
52223,Lê Gia Chi,1,1
38558,Phạm Xuân Yến,0,0
73697,Lê Văn Tú,1,1
37379,Hoàng Hữu Hồng,0,0
27876,Hoàng Kim Tú,0,0
38659,Mai Thu Lan,0,0
13532,Vũ Thị Yến,0,1
49737,Bùi Đức Quang,0,0
55208,Đặng Thanh Khoa,0,1
25972,Vũ Quang Thành,0,0
52987,Mai Văn Xuân,0,0
64551,Vũ Kim Nam,0,1
13490,Phạm Kim Thành,0,1
49895,Bùi Anh Bảo,1,1
75962,Hoàng Quang Linh,0,0
24145,Nguyễn Gia Nhiên,0,0
61828,Trần Thanh Dương,0,0
65229,Trần Anh Yến,0,1
58633,Trần Kim Thành,0,0
28357,Mai Trần Nam,1,0
79526,Dương Kim Tùng,0,1
22202,Mai Ngọc Thành,0,1
15462,Bùi Xuân Thành,0,0
47488,Lê Gia Vũ,0,1
50820,Đặng Văn Chi,0,0
30909,Nguyễn Anh Vũ,1,1
69947,Trần Anh Anh,1,0
30632,Vũ Văn Vi,0,1
38808,Hoàng Đức Anh,0,1
21425,Hoàng Trần Khoa,0,1
42341,Bùi Hữu Vũ,0,0
10709,Dương Trần Yến,1,1
34948,Bùi Xuân Dũng,0,0
2050,Trần Quang Vân,0,1
59054,Đặng Xuân Xuân,0,1
16281,Bùi Gia Chi,0,0
65939,Nguyễn Hoàng Chi,0,0
53606,Nguyễn Minh Duyên,1,0
55860,Nguyễn Thu Lan,0,1
3722,Vũ Đức Bảo,0,0
49109,Phạm Minh Huy,0,1
48393,Phạm Gia Vi,0,1
11800,Mai Thanh Phúc,0,0
26901,Nguyễn Thanh Hồng,1,1
49102,Bùi Đức Duyên,0,0
32930,Bùi Thị Mai,0,0
77522,Nguyễn Hoàng Yến,0,0
33271,Vũ Thu Ánh,1,1
33303,Dương Anh Châu,1,0
26652,Bùi Thị Châu,0,0
39042,Đặng Xuân Nam,0,0
25359,Nguyễn Văn Mai,0,0
52580,Đặng Thu Vi,0,0
36531,Trần Minh Hồng,0,0
63157,Nguyễn Văn Trung,0,0
22614,Phạm Minh Vân,0,1
3866,Mai Anh Trung,0,1
22662,Phạm Anh Chi,0,0
41415,Phạm Hoàng Châu,0,1
58541,Lê Hoàng Dũng,0,0
13082,Bùi Ngọc Tùng,0,1
50393,Phạm Minh Ngọc,0,0
78682,Bùi Xuân Vân,0,1
77768,Nguyễn Thu Hưng,1,1
76966,Lê Ngọc Trọng,0,0
29082,Trần Trần Xuân,0,1
29374,Đặng Văn Yến,1,0
72552,Hoàng Ngọc Xuân,0,1
72716,Trần Xuân Linh,0,1
8535,Vũ Thị Hoàng,0,0
3227,Nguyễn Quang Lan,0,0
63479,Vũ Ngọc Dương,0,1
8606,Nguyễn Minh Bảo,0,0
62858,Nguyễn Thị Ánh,1,0
41449,Bùi Ngọc Ánh,0,1
66624,Đặng Quang Yến,0,0
25538,Nguyễn Anh Hương,0,1
40571,Bùi Kim Chi,1,1
37040,Đặng Ngọc Phúc,0,0
19159,Mai Hữu Mai,1,1
9139,Vũ Ngọc Yến,0,0
43092,Vũ Đức Vũ,0,0
24917,Lê Xuân Nhiên,0,0
41253,Bùi Thị Trung,0,0
52044,Đặng Thu Tú,0,1
38638,Đặng Thanh Linh,0,0
23578,Bùi Kim Hưng,0,1
21531,Lê Thanh Yến,0,0
52505,Đặng Gia Duyên,0,1
8020,Lê Thanh Vũ,0,0
49111,Vũ Thanh Huy,1,1
3083,Bùi Anh Quang,1,0
15700,Dương Thu Quang,0,0
59642,Vũ Xuân Mai,0,1
33981,Hoàng Hoàng Minh,0,0
20770,Nguyễn Hoàng Nam,0,1
30931,Vũ Hoàng Linh,0,0
77556,Vũ Minh Quang,0,0
79103,Phạm Ngọc Hồng,0,0
15518,Bùi Ngọc Tú,1,0
39360,Bùi Gia Vi,0,1
10764,Mai Ngọc Khoa,1,1
30687,Dương Văn Vũ,0,1
45401,Phạm Gia Yến,1,1
54890,Đặng Hữu Hồng,0,0
65546,Lê Minh Vi,0,0
9639,Hoàng Đức Quang,1,1
54529,Bùi Thanh Phúc,0,1
35446,Đặng Minh Vũ,0,0
41970,Bùi Quang Vân,0,0
54212,Hoàng Kim Vũ,0,1
5066,Đặng Hữu Tùng,0,0
44872,Dương Thanh Trung,0,1
40190,Vũ Minh Ánh,1,0
7875,Hoàng Thu Bảo,0,0
67050,Bùi Minh Bảo,0,0
62354,Vũ Đức Phúc,0,0
43661,Vũ Minh Mai,0,0
28700,Hoàng Ngọc Trung,0,1
44391,Lê Đức Thành,0,0
19073,Mai Quang Thành,0,0
11802,Phạm Hoàng Trung,0,0
57296,Bùi Đức Hương,0,0
79272,Phạm Hữu Trọng,0,0
46851,Đặng Minh Hoàng,0,0
39845,Hoàng Văn Ngọc,1,1
31808,Hoàng Thị Yến,0,1
53493,Phạm Văn Thảo,0,0
76880,Phạm Thanh Chi,0,0
9637,Lê Gia Tú,1,1
25532,Hoàng Gia Lan,0,0
55028,Phạm Xuân Linh,0,0
61351,Nguyễn Gia Quang,0,1
23876,Vũ Hoàng Thảo,0,0
21682,Lê Minh Khoa,0,0
71918,Bùi Thanh Hoàng,0,0
73753,Đặng Kim Vân,0,0
56873,Vũ Thanh Hương,0,0
1917,Bùi Thị Tùng,0,0
50004,Bùi Gia Hoàng,0,0
10856,Mai Hữu Quang,0,0
27645,Đặng Gia Duyên,0,0
19836,Phạm Xuân Dương,0,0
38856,Lê Trần Chi,0,1
52638,Lê Trần Chi,0,1
56326,Hoàng Văn Dũng,0,0
27247,Trần Xuân Thảo,0,1
426,Bùi Quang Mai,0,0
35738,Đặng Quang Ngọc,1,1
21035,Bùi Thu Châu,0,0
75819,Bùi Ngọc Huy,0,0
18676,Đặng Kim Huy,0,0
43907,Vũ Anh Vân,1,0
76320,Phạm Gia Phúc,0,0
1134,Hoàng Thu Hồng,0,1
12296,Lê Hữu Hương,0,1
54771,Trần Thu Ánh,0,0
30957,Dương Hoàng Hồng,1,1
13000,Bùi Đức Bảo,0,0
63061,Lê Hữu Thảo,0,0
75764,Bùi Xuân Vân,0,1
49257,Vũ Đức Yến,0,1
50442,Vũ Kim Trọng,0,0
14752,Dương Minh Quang,0,0
44339,Vũ Kim Phúc,0,0
9234,Hoàng Quang Quang,0,1
23596,Bùi Minh Vũ,0,1
51937,Phạm Văn Trung,1,1
24743,Đặng Trần Nam,0,1
9904,Dương Thanh Anh,0,0
52615,Mai Gia Hoàng,1,1
23829,Lê Minh Hương,0,0
68540,Vũ Đức Ánh,0,0
5589,Mai Thị Vân,1,1
77896,Phạm Đức Ngọc,1,0
51606,Lê Quang Quang,0,0
35078,Hoàng Kim Hoàng,0,1
26790,Trần Minh Nhiên,0,0
40233,Đặng Anh Xuân,0,0
43358,Hoàng Thị Mai,0,0
16048,Phạm Hoàng Vân,0,0
32171,Hoàng Hữu Quang,1,1
28376,Nguyễn Đức Thảo,0,0
55352,Vũ Thanh Thành,0,0
9147,Lê Thanh Vũ,0,0
647,Nguyễn Thanh Nam,0,0
56802,Mai Văn Phúc,0,0
60519,Nguyễn Hoàng Vi,0,0
18047,Đặng Anh Nam,0,1
36631,Nguyễn Minh Thảo,0,0
75085,Bùi Gia Anh,1,1
16791,Phạm Trần Yến,0,0
24228,Phạm Hoàng Tùng,0,0
26296,Trần Trần Tú,0,0
26340,Phạm Anh Lan,0,1
77235,Vũ Hữu Dương,0,0
9336,Dương Thị Thảo,1,1
36863,Nguyễn Kim Dương,0,1
35053,Trần Trần Trung,0,0
19075,Vũ Kim Anh,0,1
76487,Lê Hữu Dũng,0,0
67054,Hoàng Anh Dương,1,1
19923,Dương Văn Lan,0,1
73711,Nguyễn Xuân Phúc,0,1
6197,Nguyễn Kim Phúc,0,0
53607,Lê Minh Trung,0,0
72740,Trần Thị Lan,0,1
11051,Lê Đức Yến,0,0
36535,Lê Thu Nhiên,0,0
21242,Đặng Kim Quang,0,0
66428,Hoàng Thanh Trung,0,0
34116,Đặng Văn Hương,0,1
45000,Bùi Thanh Thảo,1,1
34831,Mai Minh Hồng,0,0
12752,Lê Minh Quang,0,1
18181,Lê Minh Ánh,0,0
40232,Trần Trần Trung,0,0
45564,Dương Minh Xuân,0,0
10586,Bùi Kim Tùng,0,0
21058,Phạm Thị Dương,0,0
15344,Trần Trần Lan,0,0
72460,Đặng Thị Dũng,0,1
13673,Phạm Kim Duyên,0,1
75725,Lê Ngọc Nam,0,0
65026,Mai Kim Mai,0,0
28742,Dương Thu Thảo,0,0
31893,Nguyễn Ngọc Quang,0,0
63937,Vũ Trần Ngọc,0,1
60036,Hoàng Anh Minh,0,0
45393,Phạm Minh Anh,0,0
3428,Hoàng Thu Hưng,1,1
52530,Trần Hoàng Quang,0,0
28061,Lê Hoàng Yến,1,1
21738,Đặng Đức Trọng,0,0
53150,Nguyễn Thanh Nhiên,0,0
34861,Lê Văn Ngọc,0,0
61752,Dương Trần Quang,0,0
9788,Bùi Hữu Lan,0,0
49961,Dương Thanh Bảo,1,1
42802,Đặng Thanh Huy,0,0
7884,Nguyễn Thanh Yến,0,0
48025,Bùi Thanh Dương,0,0
54162,Dương Thu Tùng,0,0
73131,Đặng Đức Vi,0,1
70750,Nguyễn Trần Xuân,0,0
9677,Dương Thu Tùng,1,1
65587,Phạm Xuân Khoa,0,1
5142,Vũ Minh Tùng,0,0
71830,Mai Ngọc Ánh,0,0
77786,Nguyễn Quang Yến,1,1
72796,Phạm Xuân Vân,0,1
32987,Lê Ngọc Dương,0,0
16682,Lê Anh Nhiên,0,1
14091,Mai Kim Linh,0,0
46366,Trần Hoàng Ánh,1,0
33470,Dương Xuân Nam,0,1
65202,Dương Ngọc Linh,0,0
20229,Vũ Văn Lan,0,1
53186,Trần Thu Ánh,0,1
29161,Bùi Thanh Vi,0,1
54210,Bùi Anh Quang,0,1
71951,Dương Thu Phúc,1,1
76666,Mai Thanh Hồng,0,1
37412,Bùi Kim Xuân,0,0
19018,Phạm Thị Hương,1,1
6434,Trần Quang Tùng,1,1
63829,Phạm Hữu Xuân,0,1
29654,Mai Thu Thảo,0,0
41363,Vũ Trần Trung,0,0
24615,Đặng Gia Tùng,0,0
77083,Vũ Thị Lan,1,1
48687,Lê Thị Vũ,0,0
8553,Vũ Xuân Hồng,0,0
10869,Lê Thị Nhiên,0,0
70444,Hoàng Văn Ánh,0,1
44170,Nguyễn Ngọc Anh,1,1
46611,Hoàng Minh Ánh,1,1
2679,Phạm Gia Lan,1,1
72390,Trần Hoàng Linh,0,1
41186,Dương Thu Tú,0,0
39176,Hoàng Quang Hoàng,0,0
74294,Mai Quang Trọng,1,1
51657,Mai Thanh Ánh,0,0
71129,Dương Hoàng Hồng,0,1
37339,Phạm Quang Mai,0,1
53181,Nguyễn Ngọc Hoàng,0,0
44527,Dương Thị Linh,0,0
4553,Bùi Quang Vi,0,1
6637,Dương Xuân Quang,0,0
1335,Đặng Trần Minh,0,1
4469,Lê Thu Yến,0,0
72638,Bùi Đức Dương,0,1
16145,Nguyễn Ngọc Trọng,0,1
16068,Lê Ngọc Linh,0,0
66857,Mai Hoàng Tú,1,1
38277,Mai Thanh Minh,0,0
18074,Mai Ngọc Châu,0,0
6582,Nguyễn Thu Ngọc,1,1
813,Trần Minh Quang,0,0
41981,Phạm Thu Dũng,0,1
58941,Mai Văn Vi,0,0
69258,Nguyễn Anh Bảo,1,1
38835,Dương Anh Chi,0,0
43462,Vũ Đức Vân,0,0
50798,Hoàng Quang Hoàng,0,1
72338,Mai Đức Anh,1,1
75534,Phạm Đức Ngọc,0,1
39157,Nguyễn Thị Dương,0,0
21311,Vũ Văn Mai,0,1
32117,Trần Trần Dương,0,0
21394,Mai Gia Chi,0,0
79693,Nguyễn Thu Ánh,0,0
53409,Mai Trần Huy,0,0
65390,Hoàng Văn Dũng,0,1
62493,Hoàng Ngọc Linh,0,0
8239,Đặng Hữu Hương,0,1
60215,Hoàng Ngọc Bảo,0,1
79448,Nguyễn Xuân Lan,0,1
39815,Phạm Hoàng Vi,0,0
21680,Phạm Văn Xuân,0,0
50877,Đặng Quang Yến,0,0
46549,Đặng Đức Huy,0,0
73937,Mai Quang Quang,0,1
15326,Phạm Đức Quang,0,0
72792,Nguyễn Thị Dũng,0,0
37121,Lê Minh Duyên,1,1
5621,Vũ Thu Trọng,0,1
9327,Dương Ngọc Hương,0,0
71923,Nguyễn Hoàng Chi,0,1
53125,Vũ Thị Yến,1,0
4515,Trần Trần Thảo,1,1
38566,Đặng Thu Phúc,0,1
51312,Trần Ngọc Xuân,0,0
50785,Đặng Thanh Nam,0,0
23384,Lê Ngọc Hồng,0,0
46466,Trần Trần Dương,0,0
54850,Bùi Hữu Khoa,0,0
43749,Mai Gia Mai,0,1
931,Trần Văn Mai,0,0
26513,Vũ Xuân Quang,0,0
50075,Đặng Kim Yến,1,0
12611,Nguyễn Gia Huy,0,0
3464,Đặng Ngọc Huy,1,0
8881,Nguyễn Ngọc Trung,0,0
36116,Đặng Kim Vân,0,0
65299,Đặng Anh Hương,0,0
60258,Lê Quang Dương,0,0
52607,Trần Văn Chi,0,1
30207,Vũ Ngọc Hoàng,1,1
31059,Hoàng Thị Bảo,0,0
79701,Mai Thanh Vũ,0,0
17090,Vũ Hữu Huy,0,1
32145,Phạm Hoàng Hương,1,1
64497,Hoàng Thanh Thảo,0,0
53276,Phạm Thanh Trung,0,1
58659,Trần Hoàng Dũng,0,1
24975,Trần Quang Trọng,0,1
55129,Vũ Thanh Dũng,0,1
49634,Bùi Đức Khoa,0,0
34942,Phạm Anh Bảo,0,0
5848,Phạm Thanh Vũ,0,0
65948,Phạm Xuân Linh,0,0
43522,Lê Ngọc Linh,0,0
25738,Trần Trần Hồng,0,0
70816,Bùi Thị Hưng,0,0
49753,Hoàng Thanh Linh,0,0
54691,Trần Thu Hương,0,0
1890,Mai Thanh Dũng,1,1
58354,Dương Minh Linh,0,0
65624,Bùi Xuân Lan,0,0
49593,Bùi Anh Thảo,0,1
72964,Phạm Gia Quang,1,1
21352,Hoàng Quang Dương,0,0
49494,Bùi Kim Tùng,0,1
20143,Bùi Xuân Khoa,1,1
7157,Bùi Thanh Thảo,0,1
27130,Đặng Hữu Hoàng,0,0
46158,Dương Kim Vân,0,0
20696,Hoàng Kim Xuân,0,0
24548,Trần Ngọc Nam,0,0
67351,Đặng Văn Nam,0,0
15244,Hoàng Thị Mai,0,0
33478,Vũ Ngọc Trung,0,1
20494,Mai Xuân Nhiên,0,0
39501,Đặng Hữu Lan,0,1
1270,Vũ Hoàng Vân,0,0
71982,Phạm Kim Tùng,0,0
32647,Dương Đức Dương,0,0
65468,Bùi Trần Vi,0,1
59381,Dương Kim Nhiên,0,0
32594,Đặng Trần Duyên,1,1
60243,Nguyễn Minh Quang,0,0
79690,Trần Thanh Khoa,1,1
3354,Nguyễn Hữu Quang,0,0
50551,Nguyễn Quang Quang,0,0
61974,Mai Anh Trung,0,0
1635,Mai Xuân Anh,0,1
45566,Bùi Thu Hoàng,0,0
3436,Nguyễn Trần Thảo,0,1
17679,Trần Kim Ánh,0,0
74329,Dương Anh Khoa,0,0
1204,Bùi Hữu Mai,0,1
64035,Mai Quang Yến,0,0
70866,Bùi Gia Tùng,0,0
73107,Mai Thanh Dương,0,0
47757,Bùi Gia Thảo,0,1
55602,Hoàng Xuân Phúc,0,0
48109,Phạm Xuân Mai,0,1
61489,Đặng Đức Phúc,0,1
74944,Phạm Đức Dũng,0,0
57676,Dương Anh Yến,0,1
28095,Trần Quang Ngọc,0,0
58351,Hoàng Thanh Linh,0,1
16278,Hoàng Đức Hưng,0,1
28158,Dương Đức Tú,0,1
37786,Lê Trần Thảo,0,0
67991,Trần Ngọc Hoàng,1,0
78996,Dương Đức Vân,1,1
26835,Trần Văn Châu,0,0
54457,Hoàng Minh Bảo,0,0
5688,Hoàng Xuân Phúc,0,0
44291,Lê Thanh Dương,1,1
69607,Vũ Hoàng Quang,0,0
73304,Phạm Trần Hương,0,1
71393,Vũ Gia Huy,0,1
31574,Vũ Hữu Dũng,0,1
60191,Bùi Ngọc Hưng,0,0
77485,Mai Thanh Huy,0,0
53695,Mai Quang Mai,0,0
29570,Đặng Thị Yến,0,0
56727,Mai Quang Tùng,0,1
74433,Nguyễn Ngọc Hương,0,1
3649,Mai Minh Bảo,0,0
24167,Nguyễn Quang Ánh,0,1
30381,Đặng Văn Yến,1,1
14022,Đặng Hoàng Lan,0,1
10971,Nguyễn Thu Châu,0,0
25457,Mai Hữu Hương,0,0
2484,Lê Anh Minh,1,1
65187,Trần Đức Quang,0,0
53803,Trần Ngọc Ánh,0,0
20396,Mai Thanh Trung,0,0
51700,Trần Quang Chi,0,0
17194,Hoàng Quang Vân,0,0
59570,Đặng Đức Yến,0,1
44854,Dương Hữu Tùng,0,0
7179,Đặng Văn Xuân,0,0
39081,Phạm Hoàng Hồng,0,0
40335,Dương Hoàng Huy,0,0
56371,Phạm Kim Hoàng,1,1
41457,Hoàng Thu Bảo,0,1
58648,Lê Ngọc Linh,0,0
38273,Nguyễn Đức Mai,0,0
2945,Trần Quang Vân,0,1
39175,Đặng Đức Hương,0,0
55141,Trần Kim Khoa,0,0
50370,Trần Gia Hương,0,1
64841,Hoàng Văn Huy,0,0
18163,Hoàng Anh Mai,0,0
43190,Hoàng Quang Trọng,0,1
15005,Lê Gia Linh,0,0
29597,Đặng Hữu Mai,0,1
15215,Nguyễn Văn Dương,0,0
12692,Nguyễn Văn Châu,0,0
36302,Bùi Thu Vân,0,0
63502,Đặng Xuân Anh,0,1
50402,Bùi Văn Ánh,0,0
36677,Bùi Ngọc Quang,0,0
69143,Vũ Hữu Mai,0,1
55801,Nguyễn Ngọc Linh,0,0
9660,Hoàng Văn Lan,0,0
43301,Vũ Đức Thảo,0,0
23735,Vũ Anh Nam,0,0
59365,Trần Thanh Hương,0,0
52688,Vũ Hữu Thành,1,1
21018,Nguyễn Thanh Tùng,0,1
54601,Trần Văn Quang,0,0
26499,Mai Thu Phúc,0,0
298,Dương Anh Dương,0,0
10231,Phạm Quang Nam,0,0
6934,Phạm Minh Tùng,0,0
38502,Trần Quang Hoàng,0,0
46673,Lê Minh Thành,0,0
63885,Nguyễn Minh Xuân,0,0
5406,Nguyễn Văn Trọng,0,1
27226,Mai Trần Xuân,1,0
46944,Đặng Ngọc Mai,1,1
20295,Lê Thanh Xuân,0,0
20320,Phạm Hữu Dũng,0,0
74034,Mai Văn Vũ,0,0
28417,Dương Văn Dũng,0,0
15379,Trần Anh Nhiên,0,0
16965,Trần Thanh Quang,0,0
70870,Dương Hoàng Trung,0,1
57896,Mai Gia Thảo,1,1
72084,Phạm Anh Nam,0,0
32577,Vũ Quang Quang,0,0
43355,Phạm Văn Tùng,0,1
36992,Dương Xuân Vũ,0,1
61616,Mai Hữu Anh,0,0
20338,Trần Xuân Bảo,0,0
5012,Mai Thu Tùng,1,1
26885,Bùi Hoàng Vân,1,0
38477,Mai Ngọc Lan,1,1
35990,Hoàng Thu Lan,1,1
37020,Nguyễn Văn Tùng,0,0
46808,Dương Kim Mai,0,0
58028,Phạm Kim Trung,0,0
32140,Dương Kim Anh,0,1
6430,Lê Xuân Lan,0,1
20948,Hoàng Ngọc Nhiên,0,0
1391,Phạm Văn Quang,0,1
60971,Mai Xuân Nam,0,0
70005,Lê Văn Hồng,0,0
29944,Lê Quang Xuân,0,0
15930,Bùi Trần Minh,0,0
79254,Trần Hữu Ngọc,0,0
10383,Nguyễn Hữu Trọng,1,1
39301,Trần Gia Mai,0,1
18404,Trần Thanh Tú,0,1
47621,Lê Đức Linh,0,0
40043,Mai Thị Dũng,0,0
20480,Hoàng Kim Trọng,0,0
17707,Lê Anh Linh,1,1
54560,Đặng Đức Bảo,0,0
48870,Lê Đức Tú,0,1
10530,Phạm Minh Linh,0,0
23601,Đặng Xuân Mai,0,1
23914,Hoàng Thanh Hương,0,0
63687,Trần Thanh Duyên,0,0
8306,Đặng Thanh Trung,1,1
31742,Dương Hữu Phúc,0,0
53297,Hoàng Kim Chi,0,0
56257,Đặng Ngọc Dương,0,1
6309,Nguyễn Ngọc Xuân,1,1
30415,Dương Thanh Dương,0,0
3360,Vũ Anh Hương,0,0
41023,Mai Anh Thành,0,0
17393,Vũ Gia Quang,0,1
16525,Mai Anh Lan,0,0
44158,Phạm Ngọc Tú,0,0
73834,Phạm Ngọc Phúc,0,0
60432,Đặng Ngọc Ánh,0,0
10040,Mai Minh Ngọc,1,0
9431,Trần Minh Minh,0,1
46085,Trần Xuân Tú,0,0
31858,Phạm Xuân Tùng,0,1
45599,Đặng Anh Vũ,0,1
23726,Bùi Gia Dương,0,0
26808,Phạm Thanh Anh,0,0
72574,Lê Thị Nam,0,0
15274,Hoàng Anh Chi,0,1
67365,Lê Trần Phúc,0,1
59294,Hoàng Trần Mai,0,0
42952,Trần Gia Hoàng,0,0
67167,Phạm Kim Chi,0,1
5109,Nguyễn Thu Thảo,0,0
36950,Vũ Quang Linh,0,0
47844,Mai Hữu Mai,0,1
3238,Đặng Thu Nam,0,0
26743,Đặng Đức Hoàng,0,1
7368,Đặng Thị Minh,0,0
54617,Dương Gia Lan,0,0
4224,Nguyễn Hữu Quang,0,1
25155,Nguyễn Hữu Thành,0,0
57665,Hoàng Gia Mai,0,0
40102,Phạm Minh Bảo,0,0
2127,Nguyễn Quang Hoàng,1,1
66060,Lê Minh Vi,0,1
59321,Đặng Ngọc Yến,0,0
48381,Mai Gia Ngọc,0,0
14116,Nguyễn Thị Vân,0,0
56877,Dương Kim Yến,0,0
66911,Bùi Trần Yến,0,0
77115,Lê Thu Quang,0,1
79462,Dương Quang Chi,0,0
1732,Nguyễn Hoàng Quang,0,0
58391,Mai Xuân Duyên,0,1
18770,Bùi Hoàng Thành,0,0
29786,Phạm Minh Nam,1,1
72613,Nguyễn Đức Châu,0,1
69041,Vũ Anh Hồng,0,0
15638,Đặng Đức Dương,0,1
24673,Lê Đức Thành,1,1
14487,Đặng Hữu Ánh,0,0
70865,Phạm Thu Khoa,0,0
71985,Nguyễn Gia Hương,1,1
39960,Vũ Văn Vân,0,1
46419,Lê Văn Hoàng,1,1
72958,Lê Trần Vi,0,1
3110,Hoàng Xuân Huy,0,1
69268,Dương Văn Ngọc,0,1
77211,Mai Văn Nam,0,0
30431,Nguyễn Gia Khoa,0,1
25568,Dương Hữu Dương,0,0
13786,Mai Minh Ánh,0,0
25590,Mai Thị Linh,0,1
23069,Dương Kim Vân,1,0
66232,Bùi Thanh Ngọc,0,0
40636,Phạm Đức Thảo,0,1
50242,Hoàng Đức Hương,1,1
79308,Hoàng Trần Chi,0,0
62624,Bùi Ngọc Ánh,0,1
14499,Lê Hoàng Hương,0,0
36890,Lê Văn Thảo,0,0
20587,Bùi Quang Hồng,1,1
33184,Bùi Hữu Hoàng,0,1
32024,Bùi Ngọc Chi,0,0
48267,Bùi Gia Thành,0,0
24574,Dương Trần Anh,0,0
14858,Mai Kim Chi,0,0
29834,Đặng Kim Nam,0,1
21879,Mai Quang Vi,1,1
79707,Nguyễn Thanh Xuân,0,1
34399,Vũ Trần Tú,0,0
18155,Hoàng Hữu Ngọc,0,0
3188,Phạm Đức Nam,1,1
5792,Bùi Gia Dương,0,0
65267,Dương Kim Chi,0,0
17677,Lê Gia Ngọc,0,0
49068,Vũ Thị Hưng,0,0
58453,Dương Gia Dương,0,0
74148,Mai Văn Vân,0,0
67541,Phạm Minh Xuân,0,0
26855,Phạm Đức Xuân,0,1
31193,Nguyễn Ngọc Thành,1,0
37310,Dương Đức Hương,0,0
53258,Dương Văn Xuân,0,0
10800,Mai Minh Phúc,0,0
50718,Nguyễn Thu Nhiên,0,0
38778,Nguyễn Ngọc Huy,0,0
30626,Phạm Anh Linh,1,0
66182,Bùi Văn Nam,0,1
47285,Phạm Xuân Vân,0,0
44312,Dương Thị Trọng,0,0
39637,Phạm Quang Bảo,0,0
71583,Dương Xuân Thành,0,1
78832,Nguyễn Xuân Dương,0,1
45862,Dương Xuân Tùng,0,0
17118,Dương Minh Yến,0,0
73829,Mai Kim Dương,0,0
31047,Dương Thị Hưng,0,1
70325,Dương Đức Duyên,0,1
29644,Lê Hữu Nam,0,0
21884,Hoàng Minh Hưng,0,0
51464,Mai Quang Vân,0,0
21779,Bùi Gia Tùng,0,0
65275,Bùi Văn Khoa,0,0
71406,Mai Trần Trung,1,1
45701,Lê Trần Châu,0,1
34569,Phạm Đức Linh,0,0
79934,Đặng Xuân Anh,0,0
49609,Vũ Quang Lan,0,0
30118,Hoàng Thị Chi,0,0
50469,Lê Gia Thảo,0,0
17953,Trần Văn Dũng,0,0
28640,Dương Ngọc Xuân,0,0
5968,Đặng Anh Vân,0,1
7583,Hoàng Xuân Bảo,0,1
63417,Hoàng Anh Linh,0,0
37619,Hoàng Anh Nam,0,0
33968,Lê Thanh Vũ,0,0
18367,Phạm Ngọc Xuân,0,1
29562,Phạm Kim Minh,1,1
21112,Đặng Xuân Tùng,0,0
13837,Mai Văn Xuân,0,0
24835,Nguyễn Thị Huy,0,1
24054,Dương Ngọc Trung,0,0
25760,Trần Gia Duyên,0,0
53725,Đặng Gia Yến,0,1
72489,Hoàng Thị Anh,0,0
62702,Bùi Hữu Hưng,0,0
3522,Vũ Thu Lan,0,0
66692,Đặng Thu Linh,0,0
5811,Phạm Xuân Quang,0,1
66377,Bùi Thanh Quang,0,0
22111,Hoàng Kim Vi,0,0
74817,Đặng Hoàng Quang,1,1
17074,Nguyễn Kim Thành,0,0
36899,Phạm Quang Dũng,0,0
8808,Dương Thị Ánh,0,0
45814,Hoàng Trần Thành,0,1
57389,Trần Gia Hưng,0,0
40041,Lê Thu Châu,1,1
5203,Đặng Hữu Ngọc,0,1
35924,Vũ Xuân Hồng,0,0
17835,Vũ Đức Minh,0,0
73823,Dương Thị Trung,0,1
37831,Phạm Xuân Vi,0,1
54184,Phạm Kim Duyên,0,1
77498,Dương Xuân Yến,1,1
26281,Hoàng Hoàng Khoa,1,0
59621,Đặng Trần Tú,0,1
30917,Dương Gia Yến,0,1
41036,Mai Anh Chi,0,1
27939,Lê Gia Nhiên,0,0
68265,Đặng Đức Quang,0,0
41100,Mai Quang Hưng,0,1
5388,Nguyễn Thanh Duyên,0,0
66786,Lê Văn Tùng,0,0
51399,Dương Thanh Quang,0,0
50675,Đặng Trần Xuân,0,0
2052,Bùi Quang Khoa,0,1
22934,Đặng Kim Ngọc,0,0
63329,Bùi Thu Mai,0,0
27573,Vũ Anh Yến,0,0
61222,Lê Thị Linh,0,0
55374,Vũ Thị Hoàng,0,0
69818,Mai Hoàng Duyên,0,0
2318,Dương Thanh Quang,0,1
58443,Đặng Gia Huy,1,1
40405,Dương Quang Phúc,0,1
33739,Vũ Hoàng Trọng,0,0
19397,Đặng Minh Bảo,0,0
23861,Lê Quang Hồng,0,1
6208,Mai Gia Vi,0,0
17394,Lê Trần Yến,0,0
10986,Nguyễn Thu Bảo,1,1
54740,Phạm Hữu Khoa,0,0
24720,Phạm Hoàng Tú,0,0
14809,Mai Thanh Yến,1,1
7745,Hoàng Thu Quang,0,1
56827,Hoàng Văn Khoa,1,1
52740,Lê Hoàng Linh,0,0
529,Dương Minh Vi,0,0
11150,Mai Anh Quang,0,1
77467,Vũ Minh Linh,0,0
33747,Mai Thị Vi,0,0
11955,Lê Xuân Chi,0,0
30598,Dương Đức Lan,1,1
51267,Lê Kim Nhiên,0,0
78167,Hoàng Thu Nam,0,1
40468,Lê Trần Nhiên,0,0
41751,Mai Xuân Ánh,0,0
12731,Trần Anh Trung,0,0
12170,Dương Đức Vân,0,0
36987,Đặng Quang Dương,1,1
59470,Mai Hữu Nam,0,1
13732,Vũ Đức Thành,1,1
38117,Trần Hoàng Nam,1,1
46919,Trần Hoàng Hoàng,0,1
12923,Phạm Kim Thảo,0,0
57858,Dương Quang Hoàng,0,0
19616,Đặng Gia Thảo,0,0
45225,Hoàng Thu Minh,1,1
55863,Vũ Trần Tùng,0,1
651,Mai Ngọc Hoàng,0,0
26253,Đặng Hữu Bảo,0,0
64177,Nguyễn Thị Thảo,0,1
69300,Trần Xuân Lan,0,0
4730,Vũ Anh Vân,0,1
52734,Phạm Kim Trung,0,0
3058,Mai Thu Trung,0,1
12730,Nguyễn Hoàng Châu,0,0
39712,Phạm Thị Vi,1,1
23962,Đặng Quang Mai,0,0
60553,Hoàng Thị Quang,0,1
38855,Vũ Anh Vũ,0,0
46306,Mai Quang Yến,1,1
43822,Bùi Hữu Hương,0,0
67863,Vũ Hoàng Trọng,0,0
60698,Lê Hoàng Vân,1,1
66717,Trần Kim Thành,0,0
23725,Nguyễn Kim Ngọc,0,0
73294,Lê Kim Phúc,1,1
31621,Phạm Thu Khoa,0,0
34403,Nguyễn Thu Yến,0,1
74771,Phạm Đức Chi,0,1
4413,Bùi Kim Nam,1,1
7260,Vũ Hoàng Tùng,0,0
34222,Bùi Ngọc Lan,1,1
56664,Bùi Đức Huy,0,1
25681,Vũ Văn Hồng,1,0
44997,Phạm Minh Hưng,1,0
5201,Trần Anh Lan,0,1
69685,Mai Văn Hoàng,0,1
12503,Phạm Văn Châu,0,0
45015,Vũ Anh Tùng,0,0
46480,Nguyễn Minh Ngọc,0,0
10992,Vũ Xuân Bảo,0,0
43051,Phạm Kim Tú,0,0
47457,Dương Văn Châu,0,0
34396,Nguyễn Hữu Nhiên,1,1
76463,Trần Gia Tùng,0,0
35344,Trần Gia Phúc,0,0
62784,Đặng Gia Tùng,0,0
14411,Trần Minh Trọng,0,1
64726,Lê Kim Yến,0,0
23694,Đặng Ngọc Phúc,1,0
21408,Lê Thu Ánh,0,1
2391,Dương Thị Minh,1,1
12283,Vũ Minh Vũ,0,0
45134,Trần Đức Huy,0,0
33055,Đặng Gia Vân,1,1
69436,Mai Ngọc Yến,0,0
79470,Đặng Kim Tú,0,0
66538,Nguyễn Hữu Chi,1,1
79505,Dương Minh Hưng,0,0
75050,Phạm Văn Bảo,0,0
79243,Trần Quang Chi,0,1
27125,Đặng Thị Nam,0,0
18001,Bùi Hoàng Tùng,0,1
4907,Vũ Quang Lan,0,0
34378,Trần Ngọc Dũng,1,0
47146,Bùi Hoàng Thảo,0,0
13360,Phạm Hữu Linh,1,1
63932,Mai Trần Hồng,0,0
42740,Bùi Minh Phúc,1,1
13397,Trần Hoàng Vũ,0,0
18541,Nguyễn Hữu Chi,0,0
69165,Đặng Văn Hương,0,1
53483,Hoàng Thị Khoa,1,1
52535,Đặng Anh Hồng,0,0
27478,Đặng Anh Vi,0,1
55936,Trần Thị Minh,0,1
32272,Mai Thanh Châu,0,0
9158,Trần Đức Yến,0,1
37088,Nguyễn Kim Ngọc,0,0
19991,Nguyễn Trần Ánh,0,1
41794,Dương Gia Ánh,0,0
51427,Nguyễn Ngọc Xuân,1,1
59735,Vũ Kim Vân,0,1
12048,Mai Văn Tú,0,0
54558,Trần Hoàng Ngọc,0,1
78774,Trần Thanh Châu,0,1
5653,Dương Hoàng Dương,0,0
22473,Hoàng Minh Hương,0,0
51593,Vũ Minh Nhiên,0,0
10923,Mai Hữu Hoàng,0,0
17301,Dương Xuân Tùng,0,0
33240,Bùi Minh Hồng,1,0
61520,Dương Ngọc Hương,1,1
15969,Mai Gia Hoàng,0,1
30697,Lê Minh Phúc,0,1
440,Trần Ngọc Tùng,0,0
45979,Nguyễn Ngọc Dũng,0,0
16107,Nguyễn Quang Trọng,0,0
45771,Mai Anh Mai,1,1
48113,Phạm Thị Bảo,0,0
56086,Mai Anh Hương,0,1
55616,Nguyễn Thanh Mai,0,0
48997,Hoàng Ngọc Hương,0,0
39832,Bùi Hoàng Lan,0,0
19712,Hoàng Anh Dũng,0,0
64178,Trần Gia Hồng,0,0
73336,Lê Hữu Quang,0,0
48548,Lê Anh Ngọc,1,1
33508,Lê Thị Trung,0,0
79121,Đặng Văn Nhiên,0,0
77660,Đặng Trần Dương,0,0
62430,Đặng Gia Vân,0,0
13036,Dương Văn Xuân,1,1
40925,Bùi Minh Huy,1,1
15765,Nguyễn Gia Trọng,1,1
26195,Trần Trần Ánh,0,0
32792,Nguyễn Minh Minh,0,0
52765,Mai Minh Trọng,0,0
39384,Mai Kim Lan,1,1
60978,Phạm Văn Vi,0,1
68161,Vũ Thị Xuân,0,0
24038,Vũ Quang Dũng,0,0
28210,Nguyễn Kim Linh,1,0
79960,Trần Thanh Hưng,0,0
53811,Bùi Minh Duyên,1,0
42577,Trần Thị Thảo,0,0
24807,Phạm Hữu Tú,0,0
18124,Phạm Quang Vũ,0,0
7813,Lê Đức Quang,0,0
44451,Vũ Thị Hoàng,1,1
17447,Lê Anh Linh,0,1
28465,Mai Đức Dương,0,0
50470,Đặng Văn Vân,1,1
73086,Lê Thị Ngọc,1,1
72829,Dương Văn Trung,0,0
52508,Phạm Ngọc Anh,1,1
65252,Dương Thu Linh,0,0
30901,Hoàng Anh Hoàng,0,0
12832,Lê Hữu Hồng,0,1
45022,Vũ Thanh Dũng,0,0
10183,Hoàng Minh Duyên,0,0
8118,Phạm Trần Dương,0,0
19766,Bùi Ngọc Bảo,1,1
65374,Lê Anh Hưng,0,0
32245,Nguyễn Hữu Yến,0,0
35732,Bùi Trần Thành,0,1
28626,Bùi Hoàng Thảo,1,1
55064,Phạm Xuân Linh,1,1
55116,Hoàng Quang Hồng,1,1
13227,Dương Anh Vân,0,0
31295,Phạm Quang Anh,0,0
72987,Đặng Anh Quang,1,1
60721,Phạm Thị Chi,0,0
769,Phạm Hữu Lan,0,0
74130,Bùi Xuân Dương,0,0
48964,Dương Thu Châu,0,1
30206,Nguyễn Anh Minh,0,1
45105,Lê Hữu Thảo,0,0
46156,Lê Xuân Lan,1,1
22612,Bùi Thu Bảo,1,1
8660,Bùi Thanh Huy,1,1
63402,Phạm Văn Hương,1,1
28489,Đặng Minh Trọng,0,1
46819,Phạm Minh Vân,0,0
42646,Vũ Hữu Anh,0,0
31892,Nguyễn Hoàng Trung,0,1
78464,Phạm Văn Quang,0,1
16405,Mai Xuân Trung,0,0
48447,Lê Xuân Duyên,0,0
43851,Phạm Gia Xuân,0,0
70917,Mai Minh Mai,0,1
34339,Dương Thị Quang,0,0
20657,Bùi Hoàng Lan,0,1
56523,Mai Trần Yến,1,0
24273,Trần Minh Thành,0,0
53426,Nguyễn Thanh Xuân,0,1
67819,Lê Anh Hoàng,0,0
3660,Mai Gia Lan,0,0
74062,Đặng Đức Mai,0,0
42076,Bùi Hữu Trọng,0,0
49648,Mai Quang Lan,0,1
35931,Vũ Hữu Chi,0,0
23757,Phạm Anh Tú,1,1
54148,Phạm Thu Vũ,0,0
10220,Trần Kim Vân,0,1
58292,Mai Hoàng Yến,0,0
21582,Trần Thanh Bảo,0,0
66148,Hoàng Gia Quang,0,0
41194,Dương Gia Bảo,1,1
6424,Bùi Gia Dương,0,0
50288,Nguyễn Thị Tùng,1,1
50287,Trần Thanh Tùng,0,0
57704,Trần Xuân Trọng,0,0
16115,Trần Thu Duyên,0,1
43152,Vũ Trần Xuân,1,0
17271,Lê Đức Phúc,0,1
10435,Lê Ngọc Hưng,0,0
25295,Trần Kim Nam,0,0
17931,Trần Kim Tú,0,1
36181,Lê Thu Hương,0,0
61167,Mai Thu Vân,0,0
3065,Bùi Thu Nam,0,0
29711,Lê Hữu Hồng,0,0
46658,Dương Xuân Phúc,0,0
77895,Trần Trần Vi,0,0
17385,Đặng Ngọc Ngọc,0,1
42654,Đặng Kim Quang,0,1
53015,Lê Thanh Mai,0,0
36763,Phạm Quang Duyên,0,0
17079,Bùi Trần Tú,0,1
75669,Dương Thu Lan,0,0
56136,Bùi Gia Anh,1,1
22747,Lê Ngọc Linh,0,0
60840,Dương Thị Vân,1,1
75783,Nguyễn Kim Châu,0,0
21406,Hoàng Ngọc Vân,0,1
54213,Đặng Anh Linh,0,0
36624,Mai Thanh Châu,0,0
61182,Phạm Anh Hồng,0,0
65466,Đặng Thanh Trọng,1,1
10094,Đặng Xuân Trọng,0,0
38556,Dương Thu Linh,0,0
55161,Phạm Ngọc Trọng,0,1
77569,Nguyễn Minh Trọng,1,0
41133,Dương Hữu Vân,1,1
43330,Vũ Xuân Chi,0,0
6066,Bùi Hữu Nhiên,0,0
26101,Phạm Văn Tùng,0,0
67897,Bùi Trần Chi,0,0
46984,Vũ Trần Thảo,0,0
55112,Lê Thu Vũ,0,0
23201,Đặng Thanh Quang,0,0
32154,Bùi Ngọc Yến,0,0
69145,Mai Xuân Tú,1,1
43808,Dương Kim Ngọc,0,0
66507,Mai Hoàng Duyên,0,0
69445,Đặng Xuân Lan,1,1
71656,Đặng Thanh Xuân,1,1
50871,Nguyễn Anh Khoa,0,0
63846,Vũ Hữu Vi,0,1
5884,Vũ Hữu Trung,0,1
22206,Bùi Gia Chi,0,0
48033,Vũ Đức Quang,0,0
29768,Nguyễn Hoàng Ánh,0,0
77888,Dương Xuân Chi,0,0
37079,Đặng Thanh Thảo,0,0
921,Lê Quang Phúc,0,0
62335,Nguyễn Thị Vi,0,0
52749,Hoàng Thu Châu,0,0
70832,Dương Văn Ngọc,0,0
27116,Phạm Hữu Xuân,1,1
5896,Phạm Kim Vi,0,1
24452,Hoàng Văn Dũng,0,0
40495,Nguyễn Văn Ngọc,0,1
19861,Mai Gia Phúc,0,1
29693,Hoàng Gia Chi,0,0
43613,Trần Minh Duyên,1,1
6113,Hoàng Trần Thảo,0,0
49704,Bùi Thị Vân,0,0
12212,Đặng Minh Trung,0,0
41658,Lê Hữu Hương,0,0
36370,Bùi Quang Phúc,0,0
79872,Phạm Văn Duyên,0,1
62342,Mai Anh Bảo,0,1
3912,Dương Anh Vũ,0,0
36959,Vũ Thị Khoa,0,0
62580,Vũ Thanh Nam,0,0
66276,Vũ Trần Lan,0,0
54772,Trần Hoàng Duyên,0,0
59385,Lê Quang Bảo,0,1
66179,Nguyễn Xuân Vân,0,1
732,Nguyễn Kim Dũng,0,1
25730,Trần Trần Duyên,0,0
29044,Bùi Thanh Vi,0,0
6375,Mai Kim Tùng,0,0
572,Phạm Minh Tú,0,0
31311,Vũ Văn Quang,0,0
36955,Hoàng Ngọc Tú,0,0
73354,Mai Anh Minh,0,0
62499,Đặng Trần Vi,0,0
19225,Đặng Kim Quang,0,1
58156,Đặng Hoàng Vân,1,1
43844,Hoàng Anh Thảo,0,0
35677,Mai Thị Thảo,0,1
3900,Nguyễn Trần Tú,1,1
4926,Mai Thu Vũ,1,1
51740,Hoàng Văn Phúc,0,1
22402,Đặng Đức Bảo,0,1
48888,Lê Ngọc Ánh,0,1
2747,Lê Hoàng Chi,0,0
18868,Vũ Thanh Trung,0,0
50320,Đặng Anh Bảo,0,0
60439,Trần Thu Vân,1,1
2294,Mai Thị Trọng,0,0
18387,Nguyễn Ngọc Tú,0,1
65139,Trần Trần Hưng,0,0
19452,Nguyễn Xuân Bảo,1,0
37846,Dương Hữu Trung,0,1
3650,Phạm Hữu Quang,1,0
54756,Hoàng Thu Nam,0,1
66090,Lê Gia Nhiên,0,0
24865,Trần Văn Dũng,1,1
69952,Nguyễn Đức Ánh,0,0
78437,Lê Hữu Vi,0,0
10603,Mai Gia Bảo,0,0
12454,Dương Hữu Chi,0,1
46899,Đặng Thu Tú,0,0
56805,Trần Hữu Minh,1,1
48740,Phạm Gia Thành,0,1
55004,Phạm Hoàng Linh,1,1
47061,Trần Xuân Duyên,0,0
74856,Trần Văn Dương,0,0
32765,Trần Văn Hương,0,1
41333,Lê Quang Anh,0,1
58729,Mai Ngọc Quang,1,0
8132,Đặng Hoàng Vi,1,1
55796,Vũ Thị Trọng,0,0
44907,Trần Văn Ngọc,0,0
50151,Phạm Hữu Xuân,0,0
40356,Phạm Xuân Thành,0,0
36451,Bùi Thị Ánh,1,1
77102,Hoàng Minh Minh,0,0
58661,Bùi Đức Hồng,0,0
1592,Nguyễn Hữu Lan,1,0
41262,Đặng Ngọc Tùng,0,1
34615,Đặng Văn Yến,1,1
43449,Nguyễn Ngọc Trung,1,1
53402,Trần Quang Anh,0,0
71130,Phạm Hữu Dũng,0,1
9701,Vũ Gia Quang,0,0
6286,Đặng Văn Vân,0,0
62155,Mai Trần Xuân,0,0
56500,Mai Hoàng Tú,0,0
3298,Nguyễn Thị Hồng,0,0
15259,Mai Ngọc Duyên,0,1
65833,Dương Trần Thảo,0,1
41392,Phạm Thu Xuân,1,1
47378,Phạm Thị Hương,0,1
2292,Lê Gia Bảo,0,1
76785,Vũ Xuân Nhiên,0,0
45476,Trần Kim Yến,0,0
50814,Đặng Minh Xuân,0,0
19264,Bùi Văn Linh,0,1
17253,Lê Xuân Ngọc,1,1
59014,Trần Thu Anh,0,0
24214,Đặng Trần Vân,0,1
26261,Bùi Hữu Dương,0,1
34950,Lê Kim Hoàng,1,1
2692,Mai Thanh Tú,0,0
19830,Lê Ngọc Mai,0,0
75456,Lê Thị Duyên,0,1
69964,Phạm Văn Mai,0,0
33095,Vũ Ngọc Dương,1,1
38910,Dương Anh Duyên,0,0
20030,Hoàng Hoàng Thảo,1,0
73239,Dương Minh Ngọc,0,0
70012,Trần Đức Chi,0,0
62818,Phạm Minh Thảo,0,0
11270,Đặng Quang Nhiên,0,1
60161,Lê Kim Thảo,0,0
55018,Bùi Văn Khoa,1,1
45925,Mai Hoàng Nam,1,1
78814,Bùi Anh Quang,1,1
68868,Dương Trần Châu,1,1
28024,Đặng Trần Nam,0,0
72828,Mai Gia Minh,0,0
41749,Mai Gia Xuân,0,0
210,Vũ Thị Mai,0,1
16529,Lê Hoàng Bảo,1,0
35141,Trần Ngọc Vi,0,0
20552,Dương Thị Hương,0,1
57306,Dương Ngọc Tú,0,0
20342,Đặng Xuân Nam,1,0
40355,Lê Trần Thảo,1,1
54881,Đặng Thị Trung,0,0
2865,Mai Trần Quang,0,0
41676,Phạm Quang Linh,1,0
9795,Nguyễn Kim Dũng,0,1
74319,Trần Hoàng Quang,0,1
67021,Bùi Gia Phúc,0,0
59391,Hoàng Kim Duyên,0,0
22445,Nguyễn Quang Thành,1,1
33666,Bùi Trần Quang,0,0
49926,Trần Minh Châu,0,0
27360,Đặng Đức Lan,0,0
38673,Đặng Thị Hồng,0,0
55432,Dương Thanh Lan,0,0
78875,Hoàng Gia Nam,1,1
68543,Vũ Thanh Tú,0,0
19828,Lê Thị Ánh,0,0
33881,Phạm Quang Nam,0,0
65135,Trần Trần Trọng,1,1
37396,Phạm Xuân Lan,0,0
11267,Hoàng Hữu Ngọc,0,0
14835,Phạm Hoàng Vân,1,1
48206,Mai Thị Châu,0,0
49479,Nguyễn Hữu Dương,0,1
1501,Dương Hữu Mai,0,0
10631,Mai Quang Huy,0,0
35536,Trần Ngọc Hồng,1,0
9802,Nguyễn Anh Xuân,0,0
66430,Mai Trần Linh,0,0
51389,Dương Văn Ngọc,0,0
75917,Nguyễn Đức Quang,0,1
68371,Lê Thị Yến,0,1
24140,Đặng Quang Mai,0,1
64866,Phạm Kim Thành,0,1
45956,Lê Hoàng Khoa,0,0
22763,Nguyễn Hoàng Thảo,0,0
62514,Trần Kim Vi,1,1
19619,Lê Anh Vũ,0,1
72564,Bùi Thanh Hưng,0,0
4642,Phạm Hoàng Thành,0,1
69991,Trần Minh Ngọc,0,0
10259,Lê Đức Hồng,0,0
52783,Dương Ngọc Châu,0,0
52029,Vũ Thị Linh,0,0
25656,Hoàng Gia Nhiên,0,1
21241,Đặng Hữu Chi,0,0
38159,Hoàng Thanh Tùng,0,1
40006,Nguyễn Đức Yến,0,0
71932,Trần Thị Khoa,0,0
71571,Đặng Thị Trọng,0,0
39011,Dương Đức Nhiên,0,0
32722,Mai Kim Nam,0,0
53469,Trần Trần Ngọc,0,0
1119,Dương Thu Bảo,0,0
60986,Phạm Xuân Yến,0,0
26146,Lê Quang Yến,0,1
41587,Mai Minh Hưng,0,0
57603,Mai Anh Lan,0,1
59878,Nguyễn Đức Khoa,1,1
40182,Hoàng Ngọc Trọng,0,0
68303,Nguyễn Anh Hương,0,1
11990,Nguyễn Hoàng Anh,0,0
51676,Bùi Trần Nam,0,0
65216,Lê Thanh Xuân,0,0
31075,Mai Ngọc Huy,0,0
26899,Vũ Anh Thành,0,0
27773,Phạm Thị Nhiên,1,1
56832,Vũ Ngọc Vân,0,1
35782,Trần Quang Quang,0,1
38620,Dương Trần Châu,1,0
27673,Hoàng Quang Chi,0,0
71681,Phạm Hữu Chi,0,1
15262,Vũ Xuân Khoa,0,0
58486,Phạm Thanh Vi,0,0
34056,Lê Anh Vân,0,0
66209,Vũ Kim Quang,0,1
26740,Phạm Gia Dương,1,1
67163,Dương Hữu Dương,0,1
62910,Đặng Thu Hưng,0,0
78080,Đặng Gia Hồng,0,0
44607,Mai Quang Vân,0,0
11499,Hoàng Văn Ngọc,0,0
46163,Lê Thu Ánh,0,1
1187,Nguyễn Thị Xuân,1,1
54939,Trần Kim Thành,0,0
15889,Lê Minh Phúc,0,0
74715,Hoàng Văn Ánh,0,0
58620,Trần Văn Duyên,0,1
18989,Trần Trần Ánh,1,1
2848,Đặng Hữu Thành,0,0
2727,Dương Quang Minh,0,0
52507,Vũ Văn Chi,0,0
57677,Dương Trần Hương,0,0
5249,Hoàng Kim Hoàng,1,1
31035,Phạm Anh Quang,0,0
38854,Đặng Ngọc Hương,0,0
4552,Hoàng Hữu Lan,0,0
50484,Lê Xuân Trung,0,0
817,Phạm Thu Hồng,0,1
32081,Đặng Thanh Phúc,0,1
42541,Hoàng Thu Khoa,0,0
73691,Bùi Kim Phúc,0,1
77781,Mai Anh Mai,0,1
34585,Hoàng Thanh Lan,0,0
51748,Mai Anh Duyên,0,1
19899,Lê Xuân Dũng,0,0
47179,Đặng Văn Nam,0,0
22178,Phạm Văn Vi,1,1
18585,Nguyễn Thanh Dương,1,1
38076,Dương Hữu Mai,0,0
6766,Đặng Kim Quang,0,0
31723,Bùi Quang Dương,0,1
29858,Hoàng Trần Quang,0,0
57223,Đặng Thanh Vân,0,0
44627,Vũ Văn Bảo,0,0
29371,Hoàng Thị Xuân,0,0
46080,Phạm Hoàng Mai,0,0
55511,Đặng Hoàng Nam,0,0
263,Trần Xuân Hương,0,1
12533,Phạm Trần Yến,0,0
20094,Dương Xuân Minh,1,1
41190,Nguyễn Văn Quang,0,0
77688,Phạm Văn Ánh,0,0
64812,Hoàng Ngọc Linh,0,0
52000,Mai Văn Hoàng,1,1
53831,Lê Thị Thảo,0,0
64080,Phạm Xuân Bảo,0,0
15939,Vũ Văn Linh,0,0
14199,Lê Hoàng Thảo,0,0
60201,Trần Trần Hương,0,1
16257,Vũ Đức Minh,0,0
27347,Vũ Quang Thảo,0,0
79761,Dương Thị Khoa,1,1
79265,Dương Thị Nam,0,0
18620,Trần Gia Vi,0,0
31738,Trần Kim Ánh,0,0
70057,Lê Quang Quang,0,0
68426,Bùi Hữu Xuân,0,0
35244,Dương Trần Hương,0,0
23627,Phạm Minh Chi,0,0
66763,Trần Trần Vân,1,0
11013,Bùi Trần Chi,0,0
6172,Lê Thu Thành,0,0
9672,Mai Minh Dương,1,1
52981,Dương Đức Dương,0,0
27011,Lê Quang Hương,0,0
26576,Phạm Kim Linh,0,0
10412,Dương Trần Thảo,0,0
64413,Trần Hoàng Anh,0,0
55806,Trần Gia Dương,0,0
78391,Hoàng Thanh Linh,0,0
6334,Trần Văn Dũng,0,0
73388,Lê Quang Châu,0,0
77333,Bùi Quang Ánh,1,1
16428,Mai Thị Duyên,0,1
62079,Nguyễn Ngọc Duyên,0,0
18225,Vũ Thị Ngọc,1,1
30713,Hoàng Hoàng Hồng,0,1
26060,Phạm Thu Ánh,0,1
69447,Hoàng Đức Thảo,0,0
73865,Bùi Hữu Nam,0,0
37321,Nguyễn Thanh Nam,0,0
70019,Mai Ngọc Vi,0,1
8467,Phạm Minh Vi,0,0
34869,Phạm Hữu Hồng,0,0
54615,Vũ Thị Chi,0,0
31421,Vũ Gia Vân,0,0
40204,Mai Thị Quang,0,0
14996,Trần Đức Chi,0,0
36375,Bùi Hữu Dũng,1,1
38110,Nguyễn Văn Hồng,1,1
7810,Dương Xuân Hưng,0,0
48832,Dương Thanh Lan,0,1
109,Mai Văn Bảo,0,0
64715,Vũ Minh Vân,0,0
33469,Bùi Trần Quang,0,0
6702,Phạm Trần Vi,0,0
51964,Lê Hoàng Hưng,1,1
33675,Bùi Kim Vân,0,0
64911,Đặng Thị Trung,0,0
13430,Nguyễn Thanh Vi,0,0
68158,Lê Hữu Thành,1,1
644,Lê Thị Lan,0,0
10503,Vũ Hữu Châu,0,0
2867,Hoàng Gia Mai,0,0
49631,Dương Thu Vũ,0,0
2281,Hoàng Anh Hưng,0,1
58578,Vũ Gia Phúc,0,0
16385,Mai Trần Tú,0,0
6118,Lê Anh Linh,1,1
22964,Vũ Xuân Lan,0,0
77523,Lê Văn Nam,0,1
67843,Vũ Kim Vũ,0,0
73066,Đặng Xuân Yến,0,0
71190,Trần Hữu Thảo,0,0
53733,Nguyễn Thị Vi,1,0
31833,Phạm Thu Hương,0,0
38843,Vũ Anh Trung,0,1
56817,Đặng Thị Yến,1,1
65767,Phạm Gia Ánh,0,0
16329,Vũ Kim Tú,0,0
18733,Đặng Quang Dũng,0,0
14287,Phạm Thanh Thảo,0,0
54419,Nguyễn Quang Dương,0,0
27472,Hoàng Gia Quang,0,1
35635,Hoàng Gia Huy,0,0
59948,Lê Gia Anh,0,0
45246,Đặng Quang Dũng,0,0
67041,Bùi Thu Chi,0,0
10901,Phạm Quang Vũ,0,0
13884,Hoàng Hoàng Yến,0,0
3674,Mai Anh Nam,0,0
66150,Hoàng Hữu Hưng,0,1
4115,Đặng Hoàng Minh,0,0
57142,Lê Văn Anh,0,0
44951,Đặng Đức Duyên,0,0
31978,Nguyễn Văn Phúc,0,0
46736,Đặng Gia Ánh,0,0
17799,Lê Đức Ánh,1,1
39356,Mai Ngọc Thành,0,0
6459,Nguyễn Thu Duyên,0,0
58463,Hoàng Đức Hương,0,0
4661,Nguyễn Thu Thảo,0,0
27805,Đặng Minh Mai,0,0
19296,Nguyễn Thu Hồng,0,0
11835,Đặng Trần Phúc,1,1
55246,Nguyễn Hoàng Anh,0,1
75107,Nguyễn Hoàng Hoàng,0,0
18118,Lê Anh Huy,1,1
26158,Bùi Kim Lan,0,0
10932,Mai Anh Trọng,0,0
25539,Mai Minh Huy,0,0
407,Dương Kim Thành,1,1
59231,Phạm Thu Thảo,0,1
31460,Bùi Hữu Ngọc,0,0
28350,Bùi Văn Vũ,0,1
65476,Phạm Gia Duyên,0,1
1417,Mai Ngọc Khoa,0,0
19498,Vũ Ngọc Vi,0,0
48788,Mai Hữu Tú,0,0
68074,Mai Thanh Thảo,0,0
58440,Dương Ngọc Hoàng,0,0
61166,Vũ Đức Tùng,0,0
29797,Bùi Anh Dương,0,1
70883,Trần Hoàng Duyên,0,0
15692,Đặng Đức Xuân,0,0
46744,Lê Anh Quang,1,1
21038,Trần Ngọc Hưng,0,0
37093,Dương Hoàng Hưng,0,0
78201,Phạm Thị Hưng,1,1
40197,Phạm Ngọc Khoa,0,0
17809,Bùi Thu Vũ,0,0
26880,Lê Xuân Nam,0,1
43966,Dương Văn Bảo,0,0
53719,Dương Trần Ánh,0,1
70203,Dương Hoàng Ánh,0,0
60270,Mai Trần Mai,0,0
76750,Phạm Thu Chi,0,0
12282,Hoàng Quang Vân,0,0
32740,Hoàng Thu Xuân,0,0
3599,Mai Xuân Vũ,0,1
7271,Hoàng Thu Vũ,0,1
63674,Phạm Hoàng Yến,0,0
9475,Dương Thị Thành,1,1
61945,Nguyễn Xuân Xuân,0,0
28300,Đặng Trần Duyên,0,1
38226,Đặng Xuân Bảo,0,1
4312,Nguyễn Gia Tú,1,1
25502,Dương Minh Nam,1,1
73196,Bùi Minh Trọng,0,0
24201,Lê Hữu Xuân,0,1
36394,Phạm Hoàng Dũng,0,1
32341,Phạm Thị Hưng,0,0
50726,Phạm Ngọc Dũng,1,0
69370,Mai Thu Trọng,0,0
58965,Dương Đức Tùng,0,1
65454,Bùi Anh Vũ,0,0
24898,Bùi Văn Nhiên,1,1
19406,Nguyễn Hữu Dương,0,0
3541,Mai Hữu Quang,0,1
61195,Nguyễn Trần Bảo,0,1
43432,Hoàng Hoàng Yến,1,1
19265,Lê Thu Hưng,0,0
30145,Nguyễn Anh Quang,0,1
65621,Mai Quang Chi,1,1
19891,Bùi Trần Tùng,0,0
37129,Trần Văn Tú,1,1
14833,Đặng Đức Nam,0,1
28708,Phạm Anh Lan,0,0
30976,Hoàng Xuân Tùng,1,0
71543,Vũ Gia Thảo,0,0
14811,Dương Quang Bảo,1,0
28006,Bùi Xuân Minh,0,0
29965,Trần Thị Ánh,0,0
67977,Mai Ngọc Hưng,0,0
25393,Bùi Trần Yến,0,0
47671,Trần Xuân Huy,0,1
68338,Vũ Anh Thảo,0,0
27399,Hoàng Hoàng Linh,0,0
14801,Phạm Kim Châu,0,0
14746,Phạm Thanh Hưng,0,0
61304,Nguyễn Thị Xuân,0,1
55593,Hoàng Hữu Hưng,1,1
28230,Phạm Trần Hồng,0,0
67705,Phạm Đức Xuân,0,0
69386,Nguyễn Kim Ánh,0,0
10247,Đặng Hữu Linh,1,0
19462,Mai Xuân Ngọc,1,1
3307,Lê Gia Phúc,0,1
1609,Dương Trần Xuân,1,1
29670,Đặng Văn Nam,0,0
42191,Nguyễn Hữu Hoàng,1,1
78898,Bùi Thị Vi,0,0
5566,Bùi Thanh Quang,0,1
21048,Vũ Minh Chi,0,0
71472,Dương Trần Duyên,0,0
37343,Nguyễn Đức Trọng,0,0
57244,Bùi Xuân Anh,0,0
67907,Mai Kim Mai,0,0
32932,Đặng Hoàng Hương,0,1
14798,Dương Văn Tùng,1,1
14844,Trần Anh Duyên,0,0
68408,Mai Gia Quang,1,1
69242,Mai Hữu Xuân,1,0
71209,Vũ Trần Quang,0,0
42594,Dương Minh Duyên,0,0
52963,Mai Quang Vi,0,0
1562,Đặng Hoàng Hoàng,0,0
42349,Nguyễn Trần Xuân,0,0
7515,Vũ Văn Mai,0,1
28858,Phạm Xuân Linh,0,0
75353,Bùi Đức Yến,1,0
54105,Bùi Xuân Vi,1,1
74732,Mai Đức Dương,0,1
14920,Hoàng Quang Vi,0,0
17224,Hoàng Thị Lan,0,0
78029,Vũ Anh Chi,1,1
32146,Bùi Anh Phúc,0,0
24690,Bùi Thanh Ngọc,0,0
6188,Dương Hoàng Hồng,0,0
31913,Trần Đức Minh,0,0
10224,Hoàng Thanh Tú,0,0
23480,Lê Hoàng Vũ,0,0
45478,Hoàng Quang Vi,0,1
21809,Vũ Hoàng Trọng,1,1
10003,Đặng Kim Trung,1,1
65337,Trần Minh Hương,0,0
56709,Trần Thanh Huy,0,0
4467,Nguyễn Thu Anh,0,0
40520,Phạm Minh Tùng,0,1
26802,Đặng Xuân Chi,0,0
66181,Bùi Minh Dương,0,1
64472,Trần Hoàng Hưng,0,0
45164,Trần Ngọc Chi,0,1
53436,Phạm Văn Vi,0,0
71731,Trần Thu Huy,0,1
17702,Hoàng Kim Chi,0,1
12456,Dương Đức Xuân,0,0
10394,Vũ Thu Minh,0,0
25,Hoàng Minh Tú,0,0
34329,Nguyễn Đức Dũng,0,0
18362,Lê Kim Lan,1,1
72200,Hoàng Trần Chi,0,1
2423,Bùi Thanh Anh,0,1
72587,Phạm Thu Mai,0,0
8845,Bùi Đức Minh,0,0
63020,Lê Trần Linh,0,0
29293,Phạm Hữu Vân,0,1
64465,Bùi Quang Hồng,1,1
24293,Lê Anh Anh,0,0
43657,Mai Anh Lan,0,1
61966,Mai Thanh Tú,1,1
60750,Dương Anh Xuân,1,1
24395,Dương Kim Vân,1,1
60023,Đặng Minh Ánh,1,1
17471,Bùi Quang Hưng,0,0
26330,Trần Đức Linh,0,0
16044,Mai Thị Vân,1,1
36686,Trần Anh Mai,0,0
10329,Đặng Hoàng Ngọc,0,0
58732,Phạm Quang Thảo,0,0
33807,Bùi Xuân Dũng,0,1
41477,Trần Thu Ngọc,0,1
40015,Phạm Kim Dũng,0,0
22641,Trần Gia Hưng,0,0
31653,Hoàng Quang Lan,0,1
76040,Bùi Xuân Hồng,0,1
58332,Hoàng Hữu Quang,0,1
72248,Phạm Hữu Mai,0,0
43505,Nguyễn Thu Quang,0,0
17723,Dương Ngọc Chi,0,0
20477,Trần Trần Vân,1,1
69053,Nguyễn Quang Mai,0,1
27231,Lê Văn Ánh,0,0
70484,Hoàng Thanh Mai,0,0
19267,Trần Anh Vi,0,1
33741,Vũ Anh Lan,0,0
64411,Phạm Trần Vi,0,0
13944,Nguyễn Gia Bảo,0,0
31845,Mai Xuân Hoàng,0,1
28218,Lê Minh Tùng,1,1
57983,Phạm Kim Phúc,0,0
75169,Bùi Minh Mai,0,0
7448,Vũ Xuân Thảo,0,0
29204,Mai Gia Ngọc,1,1
50661,Mai Hoàng Quang,0,1
65171,Dương Thanh Bảo,0,1
78938,Vũ Minh Huy,0,1
77061,Nguyễn Hoàng Xuân,0,0
47623,Vũ Anh Nam,0,0
39586,Mai Xuân Chi,0,0
75756,Hoàng Quang Minh,1,1
1291,Hoàng Xuân Chi,1,0
73300,Lê Thị Lan,1,0
62196,Hoàng Ngọc Vi,1,1
25408,Dương Quang Minh,0,1
73280,Nguyễn Thu Quang,0,0
12570,Lê Thu Yến,0,1
7574,Vũ Trần Phúc,0,1
42030,Hoàng Anh Ngọc,0,1
18284,Dương Thanh Vũ,0,0
47299,Dương Trần Dương,0,0
12716,Lê Thu Ngọc,0,0
75386,Phạm Hoàng Vân,0,1
24742,Đặng Kim Nhiên,0,0
60962,Phạm Thu Dương,0,0
16096,Đặng Anh Nhiên,0,0
17902,Trần Văn Vũ,0,0
16717,Hoàng Minh Lan,0,0
7472,Hoàng Trần Trọng,0,0
75228,Đặng Hoàng Trung,0,0
38330,Bùi Đức Lan,0,1
74853,Hoàng Kim Vi,0,1
78249,Hoàng Quang Mai,0,0
12674,Mai Minh Hồng,0,0
33737,Bùi Đức Hương,1,1
33837,Vũ Minh Bảo,0,1
45904,Nguyễn Ngọc Ánh,0,0
13482,Dương Minh Hồng,0,1
11675,Vũ Xuân Châu,0,0
68667,Đặng Hữu Nam,0,0
8353,Đặng Hữu Hưng,0,0
12615,Phạm Thanh Xuân,0,0
5321,Dương Thị Hương,0,1
5845,Bùi Văn Chi,0,0
31113,Phạm Anh Vân,0,0
21515,Vũ Hoàng Trung,1,0
35404,Đặng Gia Hương,0,0
57984,Hoàng Đức Ánh,0,0
26411,Hoàng Thu Khoa,0,1
25209,Mai Thị Châu,0,1
57432,Bùi Hữu Xuân,0,1
45075,Hoàng Xuân Tùng,0,0
66122,Dương Quang Hồng,0,0
16369,Vũ Gia Tùng,0,1
39975,Mai Thu Vân,0,1
69695,Hoàng Minh Thành,0,0
62665,Lê Đức Hồng,0,0
6586,Mai Văn Chi,0,1
72631,Dương Thị Tùng,0,1
52394,Bùi Văn Hương,0,0
126,Trần Đức Hoàng,0,0
11626,Lê Trần Quang,1,1
37848,Đặng Trần Xuân,0,0
33471,Đặng Quang Hương,0,0
24643,Dương Xuân Hồng,0,1
58803,Trần Quang Châu,1,0
33576,Trần Thanh Khoa,0,0
59918,Lê Xuân Xuân,0,0
5258,Phạm Gia Tùng,0,1
36007,Mai Thu Vũ,1,1
181,Vũ Xuân Mai,1,1
3256,Lê Gia Tùng,0,0
72665,Đặng Văn Mai,0,0
54265,Trần Kim Hồng,1,1
70962,Vũ Minh Ánh,0,1
58579,Trần Thanh Ngọc,1,1
56428,Phạm Thanh Hồng,0,0
54857,Hoàng Ngọc Duyên,0,1
74943,Nguyễn Gia Bảo,1,1
73150,Hoàng Kim Vi,0,0
24816,Phạm Minh Tú,0,0
36107,Đặng Thu Linh,0,1
23622,Mai Văn Tùng,0,1
65954,Bùi Minh Hương,0,0
37968,Lê Đức Linh,0,1
20685,Nguyễn Ngọc Lan,0,0
56449,Đặng Trần Thảo,0,0
70282,Trần Minh Vũ,0,1
33985,Phạm Ngọc Yến,0,0
26579,Mai Hoàng Lan,0,0
68716,Phạm Gia Huy,0,1
42927,Dương Thị Thành,0,1
47393,Dương Hoàng Hồng,1,1
71866,Lê Gia Vân,0,1
77084,Lê Thị Tú,0,1
53259,Hoàng Kim Vân,0,0
76467,Mai Hoàng Mai,0,0
8750,Vũ Minh Dũng,0,0
70998,Lê Anh Minh,0,0
78872,Vũ Trần Yến,0,0
5969,Lê Thị Ngọc,0,0
635,Dương Hoàng Vân,0,1
22777,Đặng Thị Ngọc,0,0
48296,Nguyễn Đức Vi,0,0
42361,Lê Hoàng Anh,0,0
41692,Mai Minh Nam,0,0
2317,Hoàng Thanh Nhiên,0,0
27511,Hoàng Thanh Hưng,0,0
8135,Phạm Ngọc Bảo,0,0
63098,Nguyễn Thanh Thảo,0,0
63497,Lê Quang Minh,1,1
67289,Trần Hữu Dương,0,1
26642,Dương Ngọc Trọng,1,0
5183,Hoàng Thanh Vũ,0,0
28327,Hoàng Thu Chi,0,0
61624,Phạm Văn Dũng,0,0
33784,Bùi Ngọc Thảo,0,0
32961,Hoàng Trần Hưng,0,0
79863,Mai Thanh Nhiên,0,0
49430,Hoàng Minh Dũng,0,0
43362,Dương Anh Thành,0,0
58397,Hoàng Gia Phúc,0,0
51141,Trần Văn Vi,0,0
13850,Phạm Ngọc Hương,0,0
76820,Trần Xuân Vũ,1,1
33142,Nguyễn Hoàng Trọng,0,1
64818,Nguyễn Minh Mai,0,0
17192,Phạm Quang Yến,1,0
33614,Bùi Ngọc Minh,0,1
44025,Vũ Trần Duyên,0,1
75442,Mai Văn Dũng,0,0
60620,Vũ Anh Phúc,0,1
31578,Đặng Minh Tùng,1,1
64301,Phạm Văn Minh,0,1
60659,Vũ Đức Quang,1,1
14942,Bùi Thị Xuân,1,1
59189,Bùi Trần Duyên,0,0
74286,Hoàng Hữu Nam,0,0
63268,Hoàng Hữu Khoa,0,1
37114,Phạm Thu Thảo,0,1
18437,Trần Thu Huy,1,1
68457,Hoàng Kim Chi,0,0
8274,Bùi Anh Trung,0,0
10298,Phạm Đức Nam,0,0
57316,Hoàng Thu Hương,1,1
19198,Vũ Quang Linh,0,0
51436,Trần Gia Huy,0,0
58597,Đặng Xuân Xuân,1,1
70393,Đặng Thị Nam,0,0
27344,Bùi Đức Hương,1,1
39181,Dương Ngọc Ánh,0,0
61343,Nguyễn Trần Vân,1,1
40180,Lê Thu Ánh,0,0
22594,Nguyễn Thị Vũ,0,0
23187,Bùi Kim Ánh,1,1
27491,Dương Quang Anh,0,0
62975,Lê Gia Nhiên,0,1
59410,Vũ Thanh Thảo,0,1
52472,Vũ Thị Hưng,0,0
19439,Hoàng Trần Hồng,0,0
68917,Mai Trần Hương,1,1
44758,Vũ Gia Dũng,1,1
14582,Bùi Kim Trọng,0,0
79663,Bùi Thu Nam,0,0
19703,Lê Anh Chi,0,1
56899,Đặng Kim Quang,1,1
21935,Hoàng Gia Vũ,1,1
29139,Nguyễn Minh Thảo,0,0
70255,Đặng Minh Anh,1,1
74614,Đặng Kim Dương,0,0
73706,Đặng Đức Thảo,0,1
32223,Nguyễn Ngọc Dũng,1,0
11573,Lê Anh Hưng,0,0
71603,Phạm Trần Ánh,0,0
7311,Trần Văn Hương,1,1
51029,Vũ Hữu Dũng,0,0
56346,Mai Quang Phúc,0,0
4406,Bùi Anh Thảo,1,0
32947,Vũ Văn Lan,0,1
4750,Vũ Anh Anh,0,0
66862,Phạm Thu Dũng,0,1
13724,Phạm Quang Vũ,0,1
13261,Đặng Thu Ngọc,0,0
60376,Hoàng Xuân Tú,1,1
17103,Phạm Kim Ngọc,0,0
66591,Dương Quang Ngọc,0,0
77456,Lê Văn Quang,0,0
57674,Hoàng Đức Hương,0,0
13155,Nguyễn Văn Trung,0,0
54365,Trần Gia Quang,1,1
19642,Hoàng Trần Ngọc,0,0
8497,Mai Ngọc Dũng,0,1
16690,Trần Thu Yến,0,1
63749,Phạm Anh Hương,0,1
28087,Mai Hữu Hưng,0,0
14081,Vũ Đức Mai,0,0
3585,Phạm Gia Vân,0,0
23251,Đặng Kim Huy,0,0
23666,Vũ Minh Khoa,0,1
28831,Phạm Thanh Dương,0,0
75193,Vũ Hữu Phúc,1,1
53149,Mai Quang Hoàng,0,0
45377,Hoàng Gia Thảo,0,1
23403,Vũ Đức Duyên,1,1
39333,Trần Thanh Anh,0,1
38363,Dương Thu Trung,1,1
38416,Đặng Thị Quang,0,1
9925,Bùi Hữu Minh,0,0
6343,Mai Thu Mai,0,0
14507,Lê Hoàng Hoàng,0,0
73301,Lê Minh Duyên,1,1
57587,Hoàng Quang Yến,0,1
12082,Lê Kim Tùng,0,0
42643,Nguyễn Quang Anh,1,1
511,Lê Thanh Trung,0,0
73524,Dương Đức Hoàng,1,1
37006,Đặng Hữu Hương,0,0
45827,Bùi Ngọc Anh,0,0
534,Đặng Xuân Ngọc,1,1
52531,Trần Văn Dương,0,0
72312,Vũ Trần Anh,1,1
11057,Lê Kim Vân,0,0
44435,Dương Gia Tùng,0,0
69422,Hoàng Xuân Bảo,0,1
22525,Dương Gia Vân,0,0
17273,Trần Thu Thành,0,0
77005,Nguyễn Kim Minh,0,0
68278,Phạm Minh Ngọc,1,1
34748,Phạm Hữu Hưng,0,0
15606,Đặng Thu Hương,0,0
4839,Dương Quang Quang,0,0
30939,Lê Thu Mai,0,1
24134,Hoàng Anh Yến,0,0
60369,Mai Hữu Vân,0,1
16649,Đặng Anh Linh,0,0
37864,Phạm Ngọc Quang,0,1
69031,Lê Ngọc Thảo,0,0
26951,Bùi Văn Ngọc,0,0
44624,Trần Ngọc Ngọc,0,0
61329,Vũ Hữu Huy,0,0
45398,Dương Xuân Dương,0,1
46888,Trần Hoàng Hưng,1,1
58737,Phạm Hoàng Ánh,0,0
61599,Đặng Đức Anh,0,0
41733,Dương Thanh Thảo,0,0
16355,Phạm Ngọc Huy,0,1
42033,Dương Gia Trọng,0,1
12330,Dương Đức Trung,1,1
41853,Dương Thanh Linh,0,0
44892,Bùi Minh Lan,0,0
41506,Trần Quang Trung,0,1
27220,Phạm Kim Vi,1,1
39722,Dương Trần Thành,0,1
74714,Bùi Thanh Tú,0,0
67685,Bùi Thị Quang,0,0
19089,Trần Đức Mai,0,0
65029,Dương Anh Linh,0,1
66635,Nguyễn Đức Huy,0,0
44364,Dương Anh Chi,0,0
44024,Vũ Xuân Xuân,0,0
70359,Trần Ngọc Khoa,0,1
70215,Lê Văn Hương,0,0
64331,Hoàng Xuân Phúc,0,1
42013,Trần Trần Mai,0,0
22158,Bùi Trần Hồng,0,1
47366,Phạm Văn Vi,1,1
57059,Lê Ngọc Ngọc,0,1
58506,Mai Thu Ánh,1,1
2009,Nguyễn Thị Dũng,0,0
67307,Phạm Quang Nhiên,1,1
55009,Dương Xuân Chi,1,0
60841,Trần Đức Tú,1,1
74078,Mai Quang Trọng,0,0
78130,Vũ Thu Anh,0,1
7408,Mai Minh Dương,0,0
57123,Đặng Xuân Nam,1,1
77728,Vũ Minh Mai,0,0
1150,Bùi Kim Yến,0,1
58251,Lê Văn Vũ,0,0
10908,Mai Thị Vi,1,1
5032,Hoàng Hoàng Thảo,1,1
40081,Phạm Hoàng Dương,0,0
79834,Trần Đức Mai,0,0
46536,Bùi Hữu Mai,0,1
59433,Trần Kim Thảo,0,0
17284,Lê Gia Châu,0,0
63500,Nguyễn Văn Vân,0,1
21570,Vũ Kim Phúc,0,0
68770,Vũ Hữu Quang,0,0
38380,Phạm Đức Ánh,1,1
79804,Mai Gia Chi,0,1
49115,Bùi Đức Linh,0,0
52053,Lê Đức Nam,1,1
56060,Mai Kim Yến,0,1
16642,Lê Đức Trung,1,1
68514,Phạm Xuân Anh,0,0
44878,Bùi Hữu Minh,0,1
70859,Mai Hoàng Minh,1,1
7786,Hoàng Hữu Dũng,0,1
1211,Phạm Minh Chi,0,0
55929,Phạm Đức Vân,0,0
8359,Mai Kim Trọng,0,1
11074,Phạm Hoàng Duyên,1,1
17652,Mai Đức Vi,0,0
45213,Nguyễn Đức Quang,0,1
70004,Hoàng Minh Tú,0,0
36776,Đặng Thị Ánh,0,0
34091,Nguyễn Thanh Quang,0,0
44773,Vũ Kim Thảo,0,1
41532,Dương Minh Hoàng,0,1
6498,Phạm Thu Vi,0,1
46100,Đặng Anh Yến,0,0
7226,Hoàng Hoàng Minh,0,0
10504,Phạm Thu Phúc,0,1
35711,Phạm Hữu Trọng,0,1
41422,Vũ Thu Hồng,0,1
67105,Đặng Xuân Châu,0,0
60511,Nguyễn Xuân Thành,0,0
5320,Đặng Thị Hương,0,1
12470,Vũ Đức Hưng,0,1
34347,Lê Anh Phúc,0,0
79782,Vũ Quang Chi,0,0
67018,Vũ Hữu Quang,0,1
14376,Đặng Hữu Yến,0,1
12753,Lê Văn Thảo,0,0
19131,Phạm Anh Châu,0,0
69104,Dương Đức Phúc,1,1
76058,Dương Quang Chi,0,1
46200,Trần Anh Vũ,1,0
34311,Nguyễn Kim Chi,0,0
40095,Mai Văn Quang,0,0
66618,Vũ Minh Dương,0,0
68909,Phạm Trần Hoàng,0,0
67427,Mai Đức Tùng,0,0
38678,Bùi Xuân Thảo,1,1
78016,Hoàng Anh Khoa,1,1
58977,Nguyễn Trần Lan,0,1
77236,Trần Quang Trung,0,0
28542,Đặng Thu Yến,0,0
10443,Phạm Ngọc Ngọc,0,0
64605,Mai Quang Vân,1,1
30542,Hoàng Thị Tùng,0,1
11507,Bùi Thanh Linh,0,0
33302,Đặng Thu Khoa,0,0
67104,Dương Kim Quang,0,0
57868,Phạm Thu Duyên,0,0
22334,Vũ Trần Trọng,0,1
70508,Dương Ngọc Dũng,0,1
69257,Lê Minh Hương,0,1
1531,Dương Minh Bảo,0,0
2248,Trần Minh Huy,0,0
26423,Bùi Hoàng Hoàng,0,0
36078,Đặng Hoàng Nhiên,0,0
45788,Nguyễn Thị Tùng,0,0
35487,Dương Kim Thảo,0,1
36470,Nguyễn Thanh Hương,0,0
69647,Trần Trần Lan,1,1
75974,Đặng Minh Huy,0,0
62097,Lê Thị Linh,0,0
4373,Lê Xuân Phúc,1,0
45600,Dương Gia Xuân,1,1
7995,Dương Đức Dương,0,1
42689,Dương Gia Vi,1,1
45395,Hoàng Hữu Khoa,1,1
6872,Trần Anh Duyên,0,0
72240,Dương Thu Huy,0,1
38888,Đặng Thu Phúc,0,0
23918,Trần Văn Ánh,0,0
247,Mai Thị Hương,0,0
72140,Bùi Kim Tú,1,1
64700,Đặng Thanh Linh,0,1
13213,Phạm Gia Nam,0,0
26839,Vũ Quang Thành,0,1
70549,Bùi Đức Khoa,0,0
8114,Nguyễn Đức Vân,0,0
1975,Trần Gia Nam,0,0
2236,Dương Thị Ánh,0,0
19823,Bùi Hữu Vũ,0,0
58046,Hoàng Văn Châu,0,0
69840,Vũ Thu Ánh,0,0
45318,Nguyễn Đức Thảo,0,0
76651,Đặng Minh Hồng,0,1
28147,Bùi Đức Vân,1,1
54054,Vũ Thu Duyên,0,0
52597,Trần Gia Hồng,0,1
13833,Nguyễn Kim Vi,0,0
42232,Nguyễn Hữu Xuân,0,0
37789,Nguyễn Thu Quang,1,0
14626,Trần Quang Tùng,0,1
59124,Mai Thu Vân,0,1
62112,Phạm Gia Mai,0,0
8748,Lê Gia Tùng,0,1
33066,Nguyễn Quang Hưng,1,1
78670,Nguyễn Hoàng Châu,0,0
8344,Lê Hoàng Mai,1,1
26503,Lê Hoàng Tùng,1,0
48197,Trần Thanh Khoa,0,0
40943,Đặng Minh Minh,1,1
21735,Lê Quang Phúc,0,0
46381,Trần Văn Anh,0,1
73505,Dương Ngọc Hoàng,0,0
27747,Đặng Văn Hồng,0,0
4722,Mai Anh Hồng,0,0
2799,Phạm Gia Quang,0,0
55886,Bùi Xuân Trọng,0,0
70592,Lê Ngọc Lan,0,1
76671,Lê Xuân Khoa,0,0
38980,Trần Minh Tùng,0,1
36900,Mai Kim Mai,0,1
28966,Trần Thanh Nam,0,0
72493,Bùi Quang Phúc,0,1
7663,Mai Hoàng Mai,0,0
72446,Bùi Văn Phúc,0,0
5485,Phạm Xuân Thành,0,1
52336,Nguyễn Thị Nhiên,0,0
15876,Phạm Hữu Quang,0,0
30990,Nguyễn Thanh Hồng,0,1
17982,Trần Ngọc Châu,0,0
76018,Mai Thanh Xuân,0,1
20129,Bùi Thị Nhiên,0,0
8207,Hoàng Xuân Chi,0,0
5447,Trần Ngọc Ánh,0,1
58864,Trần Thu Quang,0,0
60468,Phạm Gia Lan,0,0
64040,Dương Thu Ngọc,1,1
49898,Trần Minh Minh,0,0
54738,Đặng Kim Khoa,1,1
32622,Phạm Ngọc Trung,0,0
5744,Hoàng Anh Nhiên,0,0
51126,Bùi Kim Lan,0,1
24124,Mai Thu Vân,0,1
7946,Bùi Gia Tú,0,0
56669,Lê Gia Hồng,0,0
10476,Dương Anh Khoa,1,1
15769,Lê Kim Yến,0,0
6045,Hoàng Thu Lan,1,1
6060,Hoàng Trần Hương,0,1
74609,Phạm Gia Lan,0,1
24609,Đặng Văn Vân,0,1
15732,Hoàng Gia Dũng,1,1
42951,Phạm Hữu Duyên,0,1
63210,Vũ Xuân Minh,0,1
28068,Vũ Quang Vi,0,1
5919,Đặng Thu Quang,0,0
34063,Mai Minh Ngọc,0,0
62491,Hoàng Hoàng Lan,0,0
2559,Nguyễn Anh Tùng,1,1
11253,Trần Thu Xuân,0,0
61613,Hoàng Anh Ngọc,0,0
48019,Hoàng Trần Hương,0,1
1176,Hoàng Gia Quang,0,0
73480,Đặng Quang Minh,0,0
40726,Đặng Hữu Hồng,0,0
6410,Dương Ngọc Nhiên,0,0
71748,Hoàng Xuân Quang,1,1
58651,Nguyễn Hoàng Ngọc,0,1
30847,Đặng Hữu Hương,0,0
23731,Hoàng Đức Bảo,0,0
21218,Phạm Kim Quang,1,1
20002,Bùi Xuân Dũng,0,1
75554,Nguyễn Thị Hồng,0,0
38224,Nguyễn Xuân Hồng,0,1
37653,Mai Thanh Vi,0,0
59104,Lê Đức Vân,0,0
36524,Nguyễn Văn Dương,0,1
57203,Đặng Trần Hưng,0,0
42782,Nguyễn Hữu Hoàng,0,0
68902,Mai Kim Khoa,0,1
54792,Trần Thị Phúc,0,0
67422,Phạm Xuân Trung,0,1
56626,Phạm Thu Hoàng,0,1
6210,Nguyễn Minh Duyên,0,1
40658,Bùi Thanh Lan,0,0
45884,Đặng Ngọc Phúc,0,0
13629,Phạm Đức Khoa,0,0
57937,Trần Hữu Trọng,0,1
28765,Đặng Quang Chi,0,0
45953,Lê Anh Duyên,0,1
23440,Bùi Minh Yến,1,1
78982,Phạm Trần Xuân,0,0
10117,Nguyễn Thị Dũng,0,1
32241,Vũ Ngọc Vân,0,1
65414,Đặng Xuân Trung,0,1
76904,Đặng Thanh Hương,0,0
2634,Hoàng Đức Hoàng,0,0
464,Trần Hoàng Huy,1,1
57164,Nguyễn Hoàng Khoa,0,0
27453,Phạm Ngọc Dương,0,1
50210,Phạm Ngọc Hưng,1,0
7459,Bùi Minh Tùng,1,1
32605,Nguyễn Văn Minh,0,0
65704,Đặng Hữu Huy,0,0
77881,Hoàng Đức Hồng,0,1
76009,Đặng Văn Huy,0,0
49881,Lê Quang Vân,0,1
11865,Dương Minh Huy,0,0
10409,Đặng Trần Duyên,0,1
8672,Mai Trần Khoa,0,0
64233,Dương Anh Hương,0,0
71197,Dương Xuân Nhiên,1,1
66441,Bùi Hoàng Hương,1,1
71857,Đặng Đức Khoa,0,0
14581,Nguyễn Hoàng Thành,0,0
54101,Phạm Thanh Hồng,0,1
65108,Mai Thu Linh,0,1
36268,Nguyễn Xuân Phúc,1,1
35550,Bùi Xuân Trung,0,0
20884,Dương Quang Ngọc,0,0
40273,Bùi Thanh Vi,0,0
15118,Bùi Thanh Duyên,0,0
13725,Vũ Văn Chi,0,1
48237,Đặng Thanh Dũng,1,0
69133,Nguyễn Ngọc Châu,0,0
35950,Dương Ngọc Châu,0,0
70322,Phạm Gia Tú,0,0
29540,Nguyễn Trần Ngọc,0,0
29304,Phạm Thị Bảo,0,1
53211,Dương Kim Hương,0,1
63841,Phạm Đức Ngọc,1,1
30815,Nguyễn Gia Ngọc,0,0
22001,Trần Anh Linh,0,0
34254,Mai Văn Ánh,1,1
74269,Bùi Hoàng Châu,0,1
53353,Vũ Kim Mai,0,0
5253,Bùi Gia Hương,0,0
19146,Vũ Thanh Tùng,1,1
19201,Dương Thu Minh,0,0
52341,Vũ Hoàng Ánh,0,0
49202,Hoàng Trần Nam,0,1
32098,Lê Hoàng Ánh,0,1
48669,Mai Xuân Tùng,1,1
63604,Hoàng Anh Chi,0,0
71144,Dương Minh Duyên,0,0
72769,Hoàng Xuân Mai,1,1
65329,Nguyễn Văn Vân,0,0
79500,Đặng Thanh Huy,0,1
5153,Trần Ngọc Linh,0,0
40188,Phạm Thanh Trung,0,0
53570,Hoàng Ngọc Mai,0,0
65536,Dương Hữu Châu,0,1
16445,Đặng Hữu Quang,0,1
8046,Trần Quang Trung,0,0
14253,Mai Thu Thảo,0,0
77798,Mai Anh Duyên,1,1
67437,Dương Trần Vi,1,1
71405,Đặng Đức Tú,0,1
65231,Đặng Trần Ánh,0,0
25424,Bùi Trần Nam,0,0
10927,Lê Ngọc Nam,0,0
9109,Đặng Thị Hồng,0,0
29982,Dương Hữu Châu,0,1
78083,Hoàng Gia Yến,0,0
5141,Vũ Thị Châu,0,1
69279,Nguyễn Quang Ánh,0,0
36090,Lê Đức Thảo,0,0
135,Trần Quang Khoa,1,1
62251,Dương Thu Quang,0,1
27473,Trần Văn Thành,0,1
1983,Mai Văn Linh,0,0
62855,Dương Xuân Yến,0,0
57510,Lê Kim Trọng,0,1
34411,Bùi Quang Dũng,0,1
61934,Lê Đức Hưng,0,1
28276,Lê Trần Quang,0,0
50879,Vũ Ngọc Tùng,1,1
10348,Lê Quang Ánh,0,0
59278,Hoàng Anh Minh,0,0
13310,Nguyễn Thu Dương,1,0
1185,Vũ Thị Hồng,0,1
33269,Mai Hoàng Quang,0,0
24551,Đặng Thị Dũng,0,1
53738,Hoàng Trần Anh,0,1
60957,Lê Trần Hồng,1,1
37665,Bùi Thanh Hoàng,0,1
36711,Đặng Minh Xuân,0,0
3364,Bùi Hoàng Quang,0,0
17634,Lê Gia Trọng,0,0
33523,Bùi Kim Ngọc,0,1
33245,Phạm Ngọc Châu,1,0
43969,Vũ Kim Quang,1,1
29869,Dương Văn Tùng,0,0
55517,Bùi Thu Hồng,0,0
18292,Mai Thị Lan,0,1
53795,Hoàng Ngọc Ánh,0,0
39502,Dương Trần Tùng,0,0
38460,Đặng Văn Nhiên,0,0
48652,Dương Thu Linh,1,1
73924,Bùi Xuân Hương,0,0
18786,Nguyễn Gia Minh,0,0
48648,Đặng Đức Duyên,0,0
24952,Bùi Quang Hoàng,0,0
30715,Mai Thanh Thảo,0,0
28282,Lê Xuân Xuân,0,0
24080,Nguyễn Quang Hương,0,1
57191,Đặng Đức Lan,0,1
11473,Mai Trần Mai,0,0
40046,Dương Thanh Dương,0,0
66648,Hoàng Văn Hưng,0,0
68093,Lê Kim Quang,0,0
18105,Đặng Ngọc Minh,0,1
18917,Lê Trần Ngọc,0,0
19377,Đặng Thị Vân,1,1
2183,Bùi Quang Hưng,0,0
65742,Đặng Anh Lan,0,0
5593,Lê Minh Linh,1,1
25579,Mai Thu Tùng,1,1
10258,Vũ Hữu Mai,0,0
21854,Trần Hoàng Nam,1,1
14796,Phạm Hoàng Thành,1,1
62006,Đặng Kim Phúc,0,0
79091,Bùi Trần Lan,1,1
79806,Hoàng Thanh Ngọc,0,0
72675,Dương Anh Châu,1,0
14751,Mai Anh Hưng,0,1
52587,Hoàng Trần Vũ,1,1
17516,Bùi Kim Hoàng,0,0
26595,Đặng Thanh Hoàng,0,0
60697,Mai Gia Nam,0,0
38371,Phạm Trần Bảo,0,1
49176,Vũ Quang Chi,1,0
28601,Lê Minh Vũ,0,0
37766,Dương Hoàng Vân,0,0
68054,Bùi Xuân Anh,0,1
46253,Dương Xuân Mai,0,0
11368,Lê Thanh Ánh,0,1
31077,Đặng Hoàng Khoa,0,0
22103,Hoàng Thị Vi,0,1
74539,Phạm Xuân Trung,0,0
66589,Hoàng Quang Ngọc,0,0
58575,Mai Ngọc Thảo,0,1
78862,Mai Anh Anh,0,0
60779,Hoàng Đức Bảo,1,0
73380,Bùi Minh Ánh,0,0
61452,Nguyễn Ngọc Tùng,0,0
45500,Trần Văn Dương,0,0
75932,Vũ Đức Yến,0,0
37999,Mai Anh Chi,0,0
75326,Đặng Thanh Nam,0,1
48181,Dương Hữu Phúc,1,0
53387,Nguyễn Thị Tú,0,0
38541,Trần Ngọc Hương,0,0
72208,Trần Ngọc Tùng,0,0
35558,Hoàng Thu Ánh,0,0
1152,Dương Thu Quang,0,0
15126,Lê Gia Dũng,0,0
2222,Trần Gia Bảo,0,0
2983,Bùi Minh Trung,1,1
26528,Mai Văn Tú,0,0
57569,Mai Thị Huy,0,0
31535,Hoàng Văn Thành,0,0
50765,Đặng Minh Minh,0,0
37738,Hoàng Quang Vân,0,0
33940,Mai Văn Xuân,1,1
54670,Nguyễn Gia Vân,0,0
45998,Nguyễn Hữu Quang,1,1
57894,Mai Hoàng Chi,1,1
47143,Nguyễn Kim Khoa,0,0
2495,Đặng Văn Duyên,1,0
46364,Đặng Thu Xuân,0,0
70903,Đặng Thu Trọng,0,0
1516,Mai Thu Trọng,0,1
34369,Vũ Xuân Trung,1,1
46230,Đặng Quang Duyên,1,1
41142,Hoàng Kim Chi,0,0
21912,Lê Thu Bảo,0,1
1312,Hoàng Đức Nhiên,0,0
7081,Trần Minh Linh,0,0
34855,Nguyễn Văn Phúc,0,0
44178,Đặng Ngọc Yến,0,0
3505,Lê Kim Lan,0,0
1863,Vũ Minh Trọng,0,0
11432,Lê Kim Yến,0,0
68192,Trần Đức Nam,0,0
4309,Mai Xuân Vi,0,1
29857,Hoàng Gia Hồng,0,0
73056,Dương Quang Nam,0,0
114,Phạm Đức Tùng,0,1
39093,Vũ Trần Quang,0,0
47268,Trần Minh Vi,0,1
77007,Hoàng Văn Chi,0,0
6613,Hoàng Gia Hương,0,0
60788,Trần Gia Linh,0,1
50189,Lê Hoàng Linh,0,0
38892,Trần Quang Hoàng,1,0
40857,Dương Thu Linh,0,1
50622,Mai Anh Bảo,0,0
41147,Trần Hữu Tú,0,1
62009,Mai Minh Minh,1,1
64535,Phạm Hữu Lan,0,1
49278,Hoàng Thu Tú,0,0
66396,Phạm Thanh Hoàng,0,0
48647,Lê Minh Vân,0,0
28720,Vũ Văn Xuân,1,1
70985,Đặng Xuân Bảo,0,1
43468,Dương Hữu Duyên,0,0
23455,Lê Thu Yến,0,1
57650,Phạm Quang Hương,1,1
37414,Lê Kim Chi,0,0
73430,Dương Đức Trọng,0,0
18939,Trần Xuân Tú,0,0
62502,Phạm Anh Thành,0,0
16136,Trần Xuân Hồng,0,0
77453,Trần Gia Huy,0,0
74996,Phạm Ngọc Thảo,0,0
42022,Nguyễn Văn Hồng,0,0
44337,Vũ Kim Vân,0,1
78974,Nguyễn Anh Dương,0,0
6399,Phạm Xuân Chi,0,1
46294,Nguyễn Thanh Hưng,0,0
78429,Vũ Thị Chi,0,0
49594,Đặng Hoàng Hoàng,0,0
55163,Mai Hữu Hương,1,0
72013,Hoàng Hoàng Anh,0,1
31058,Trần Quang Hồng,0,0
4852,Mai Xuân Chi,0,0
417,Lê Đức Duyên,1,1
73394,Bùi Quang Duyên,0,0
5858,Lê Anh Vân,0,0
76992,Hoàng Minh Lan,0,0
13911,Dương Thanh Vân,0,1
498,Nguyễn Văn Quang,1,1
6316,Hoàng Anh Dũng,0,1
26833,Hoàng Hữu Hương,1,1
8198,Dương Gia Yến,0,0
51668,Nguyễn Kim Quang,1,1
75377,Nguyễn Anh Hưng,0,0
35054,Phạm Đức Linh,0,0
10294,Dương Quang Vũ,0,0
23227,Hoàng Quang Mai,0,1
47683,Mai Anh Mai,0,0
61592,Trần Thanh Hưng,0,0
7432,Đặng Ngọc Nhiên,0,1
2544,Nguyễn Xuân Hưng,1,1
79031,Lê Ngọc Duyên,1,0
40505,Vũ Thu Quang,1,1
3978,Bùi Thu Lan,0,0
41730,Đặng Văn Anh,0,0
72560,Vũ Văn Khoa,0,0
64567,Lê Xuân Yến,1,1
42282,Đặng Thu Chi,0,0
32202,Hoàng Thị Minh,0,1
59288,Bùi Thanh Hoàng,0,1
17972,Mai Kim Vũ,0,0
42583,Hoàng Xuân Hồng,0,0
77396,Dương Trần Yến,0,0
64736,Nguyễn Thị Thành,0,0
76580,Hoàng Hữu Nhiên,0,0
7190,Lê Thu Ánh,0,0
48489,Vũ Gia Vi,1,1
41576,Dương Anh Hưng,0,0
34439,Nguyễn Thanh Quang,0,1
16749,Dương Thanh Tú,0,1
74095,Phạm Quang Châu,0,0
4062,Hoàng Thu Trung,0,1
48225,Dương Hoàng Hương,1,1
21257,Mai Kim Hoàng,0,0
25765,Bùi Xuân Xuân,0,0
65517,Phạm Xuân Thành,0,0
59822,Mai Thu Lan,0,0
25918,Đặng Trần Trung,1,1
33915,Trần Văn Dũng,0,0
39863,Nguyễn Hữu Duyên,0,0
42809,Nguyễn Đức Duyên,0,0
33798,Vũ Minh Nhiên,0,1
14741,Phạm Thị Trọng,1,1
43150,Dương Ngọc Châu,0,0
4122,Hoàng Văn Yến,0,0
10369,Hoàng Ngọc Xuân,1,1
67443,Phạm Anh Anh,0,0
9251,Đặng Hữu Thảo,1,1
32495,Đặng Thị Tùng,0,0
74031,Bùi Xuân Hoàng,0,0
64225,Nguyễn Xuân Dũng,0,1
51073,Lê Thị Vũ,1,1
20824,Hoàng Thanh Linh,0,0
20619,Lê Đức Quang,1,1
15616,Bùi Trần Nam,0,0
46024,Hoàng Anh Hoàng,0,0
7970,Lê Xuân Dương,0,1
27991,Phạm Kim Tùng,0,0
15060,Phạm Thanh Thảo,0,0
38418,Vũ Trần Minh,0,0
52866,Bùi Thu Xuân,0,0
4330,Bùi Đức Xuân,0,1
30905,Hoàng Thu Hồng,1,1
52591,Bùi Kim Hoàng,0,0
46514,Hoàng Minh Nam,0,0
73217,Đặng Hữu Lan,0,0
76134,Hoàng Thu Hồng,0,0
36101,Hoàng Văn Vân,0,1
76298,Hoàng Đức Vi,0,0
10337,Nguyễn Đức Thảo,0,0
30961,Bùi Thị Thành,0,0
41456,Phạm Anh Trọng,0,1
65843,Lê Kim Thành,0,0
24958,Nguyễn Hoàng Thành,0,0
3590,Bùi Thu Vũ,1,1
25129,Mai Ngọc Anh,1,1
51704,Phạm Hoàng Dương,0,0
32906,Hoàng Thị Bảo,0,0
72296,Lê Hoàng Ngọc,0,0
24093,Mai Hoàng Tú,0,0
71899,Vũ Kim Mai,0,0
28402,Lê Thị Nhiên,0,1
6655,Lê Minh Vân,0,1
4228,Vũ Minh Hoàng,0,0
9160,Nguyễn Thị Vân,0,1
15719,Hoàng Xuân Huy,0,1
10506,Phạm Hoàng Thảo,0,0
61690,Hoàng Đức Vân,0,0
41653,Bùi Quang Hương,0,0
45565,Hoàng Gia Trung,1,0
21581,Vũ Kim Tú,0,0
1340,Nguyễn Văn Hồng,0,0
63904,Đặng Gia Hương,0,0
34900,Dương Văn Thảo,1,1
63981,Dương Hoàng Minh,0,0
53734,Lê Trần Tùng,0,0
78765,Đặng Văn Anh,0,0
79082,Đặng Thị Tùng,0,0
24697,Vũ Kim Dũng,0,0
19776,Trần Kim Thành,0,0
25792,Hoàng Kim Dương,1,1
5493,Trần Đức Trọng,0,1
65633,Hoàng Minh Trọng,0,1
51872,Bùi Minh Chi,1,1
52680,Phạm Ngọc Duyên,0,0
67000,Vũ Xuân Bảo,1,0
30529,Đặng Gia Vũ,0,0
32170,Phạm Xuân Thành,0,0
19169,Lê Văn Huy,0,0
26644,Bùi Quang Quang,1,1
59903,Lê Minh Vi,1,1
74147,Dương Thanh Nam,0,0
25874,Trần Hoàng Tú,1,0
27362,Dương Gia Mai,0,0
22645,Lê Hoàng Lan,0,1
3607,Đặng Văn Vân,0,0
57859,Bùi Hoàng Châu,1,1
31488,Trần Thanh Quang,0,1
42025,Nguyễn Thị Mai,0,0
40449,Đặng Hoàng Khoa,0,1
77423,Dương Kim Thành,0,1
67637,Nguyễn Đức Quang,1,1
23543,Phạm Văn Trung,0,1
53646,Hoàng Xuân Dương,0,0
70704,Trần Hữu Duyên,1,1
7592,Nguyễn Hữu Linh,0,1
21449,Dương Hoàng Khoa,0,1
67310,Bùi Anh Hương,0,0
7667,Phạm Ngọc Xuân,1,1
48054,Bùi Anh Tùng,0,1
56718,Hoàng Thanh Vi,0,0
47329,Dương Trần Vũ,0,1
67399,Vũ Thanh Ngọc,0,1
32564,Lê Văn Yến,0,0
64776,Dương Quang Chi,0,1
49617,Nguyễn Kim Chi,0,1
23297,Mai Quang Tú,0,0
403,Mai Đức Trung,1,1
4244,Trần Kim Vi,0,1
24219,Lê Trần Hương,0,0
79213,Mai Ngọc Chi,1,1
7911,Dương Anh Dương,0,0
40068,Vũ Minh Ánh,0,0
22780,Lê Hoàng Duyên,0,0
55740,Vũ Thị Quang,0,0
44645,Trần Minh Ánh,1,0
18514,Trần Ngọc Duyên,1,0
12191,Bùi Đức Lan,0,0
48012,Lê Hữu Yến,0,0
2624,Bùi Thu Phúc,0,1
4562,Trần Trần Xuân,1,1
146,Nguyễn Thu Vũ,0,0
66307,Lê Quang Nhiên,0,1
39903,Phạm Quang Tùng,0,0
36035,Hoàng Gia Duyên,1,1
60930,Đặng Gia Trung,0,1
78479,Mai Văn Linh,0,0
32723,Dương Hữu Ánh,0,0
16966,Phạm Kim Linh,0,0
29163,Lê Ngọc Nam,0,0
74140,Mai Hoàng Nam,0,0
13362,Hoàng Minh Tùng,0,0
19610,Dương Thị Lan,0,0
49591,Lê Anh Hồng,0,0
25021,Phạm Hữu Nam,0,0
16356,Phạm Anh Yến,0,0
25034,Mai Minh Trọng,0,0
32331,Hoàng Hữu Thảo,0,0
21033,Đặng Gia Yến,0,1
39681,Vũ Xuân Ánh,1,1
13118,Dương Hoàng Linh,0,0
13142,Dương Quang Ánh,1,1
47458,Trần Xuân Dũng,1,0
32248,Hoàng Gia Hưng,0,0
57171,Dương Thị Hưng,0,0
36301,Dương Văn Vân,0,0
15954,Hoàng Văn Khoa,0,1
49714,Trần Thu Khoa,0,0
68610,Bùi Gia Hồng,0,0
65044,Lê Ngọc Anh,1,1
70128,Vũ Ngọc Duyên,1,1
36196,Phạm Quang Yến,0,0
22927,Bùi Trần Xuân,0,0
14674,Vũ Anh Thảo,0,0
49249,Vũ Anh Xuân,0,0
42375,Lê Trần Thảo,1,1
9965,Vũ Ngọc Huy,0,0
16123,Dương Hữu Dương,0,1
68818,Trần Thu Minh,1,1
26461,Đặng Ngọc Xuân,1,0
37926,Đặng Xuân Nam,0,0
54642,Nguyễn Văn Hưng,0,0
1476,Dương Minh Chi,0,1
20665,Vũ Minh Bảo,0,0
1343,Đặng Anh Vi,0,0
3762,Trần Thanh Tùng,0,0
68638,Trần Thị Dương,0,0
17548,Đặng Xuân Chi,0,0
74999,Nguyễn Trần Thành,0,0
28746,Vũ Đức Ánh,0,1
79325,Dương Hữu Lan,0,0
79925,Lê Kim Châu,0,0
2916,Đặng Văn Chi,0,0
17664,Lê Trần Tú,0,1
56264,Đặng Thị Hoàng,0,0
45007,Vũ Thanh Khoa,0,0
44891,Mai Ngọc Bảo,0,0
79833,Lê Thanh Tú,0,0
1214,Dương Thu Dương,0,0
2066,Mai Hữu Duyên,1,1
31426,Hoàng Thu Hoàng,0,1
25813,Mai Văn Tùng,0,1
71708,Trần Quang Mai,0,0
15904,Dương Xuân Chi,0,0
11444,Nguyễn Đức Hoàng,0,0
60000,Phạm Xuân Ánh,0,0
76626,Mai Trần Tùng,1,1
56417,Nguyễn Trần Anh,0,1
2609,Mai Thu Nam,0,0
29290,Đặng Hoàng Xuân,0,0
18710,Mai Anh Lan,0,1
37496,Dương Hữu Tùng,0,1
75530,Trần Ngọc Tú,0,0
22286,Dương Văn Ngọc,0,0
64727,Đặng Hữu Thảo,0,1
51419,Bùi Xuân Vũ,1,1
5730,Đặng Thanh Thành,0,0
11483,Nguyễn Hoàng Ánh,0,1
65306,Nguyễn Ngọc Dũng,0,0
4430,Bùi Quang Vũ,0,1
35077,Đặng Xuân Minh,0,0
15728,Mai Ngọc Quang,0,0
40767,Hoàng Quang Ngọc,0,0
57814,Vũ Thị Tùng,0,0
47915,Lê Ngọc Vũ,0,0
16279,Lê Thanh Bảo,0,0
61685,Mai Trần Nhiên,0,0
38622,Bùi Anh Chi,0,0
51428,Phạm Thanh Bảo,0,0
24990,Vũ Minh Linh,0,1
6158,Nguyễn Quang Anh,0,0
69573,Nguyễn Minh Nam,0,0
75176,Phạm Anh Ánh,0,0
10890,Lê Gia Dũng,1,1
51884,Mai Trần Huy,0,0
38234,Lê Văn Châu,1,1
43,Bùi Hoàng Vi,0,0
52922,Nguyễn Đức Tú,0,0
66281,Dương Văn Xuân,0,0
29235,Phạm Thanh Ngọc,0,0
59993,Mai Thanh Ánh,1,1
79003,Hoàng Minh Tùng,0,1
21427,Phạm Hoàng Vi,0,0
40488,Hoàng Thị Quang,0,0
69148,Trần Kim Tú,0,0
67740,Dương Xuân Nam,0,0
79879,Trần Minh Ngọc,0,1
7291,Đặng Đức Quang,0,0
5513,Dương Văn Chi,0,0
78844,Phạm Thu Quang,0,1
16790,Phạm Đức Dũng,0,1
47820,Lê Đức Hoàng,0,1
25190,Vũ Thu Khoa,0,0
7634,Hoàng Hữu Xuân,1,1
55565,Hoàng Gia Hồng,0,0
52304,Phạm Minh Trung,0,0
21836,Bùi Thị Minh,1,0
23055,Vũ Kim Huy,0,0
18678,Dương Ngọc Lan,0,0
12124,Hoàng Thị Hương,0,1
5415,Mai Hoàng Hồng,0,0
68863,Phạm Thanh Nhiên,0,0
51946,Vũ Trần Huy,1,1
9777,Dương Hữu Dũng,0,0
51354,Lê Quang Khoa,0,0
50831,Đặng Trần Hương,0,0
33982,Trần Hữu Vân,0,1
35137,Mai Thị Khoa,1,1
7071,Bùi Quang Tú,0,0
52600,Trần Đức Hoàng,0,0
50020,Nguyễn Quang Huy,0,0
55541,Hoàng Đức Nhiên,0,1
40151,Đặng Gia Duyên,0,0
45733,Hoàng Gia Linh,0,0
47554,Lê Trần Hồng,0,1
18747,Hoàng Minh Tú,0,0
8930,Trần Ngọc Ngọc,0,0
288,Bùi Xuân Vân,1,0
1564,Hoàng Thị Huy,0,0
3583,Bùi Văn Xuân,0,0
10871,Dương Đức Dũng,0,0
21663,Dương Thị Linh,0,0
56864,Hoàng Kim Hương,0,0
72917,Phạm Thanh Chi,1,0
36796,Dương Anh Linh,0,0
17650,Nguyễn Văn Bảo,0,0
46753,Mai Gia Nhiên,0,1
62900,Lê Thanh Phúc,0,0
24757,Bùi Quang Trung,0,0
74974,Bùi Kim Hưng,1,1
62930,Đặng Quang Trung,0,0
39210,Bùi Anh Duyên,0,0
61863,Phạm Thanh Thành,0,0
7998,Hoàng Thu Tùng,0,0
36651,Phạm Gia Hồng,0,0
57538,Vũ Thanh Nam,0,1
23089,Bùi Quang Anh,1,1
52836,Vũ Quang Chi,0,1
74487,Hoàng Trần Vi,1,1
78439,Lê Đức Hoàng,0,0
35247,Nguyễn Đức Thành,1,1
42364,Bùi Minh Xuân,1,1
33976,Vũ Hữu Khoa,0,1
78579,Đặng Kim Quang,0,0
66580,Dương Văn Yến,0,0
21413,Hoàng Xuân Anh,0,0
1947,Bùi Anh Anh,0,1
13183,Nguyễn Minh Mai,0,0
49471,Bùi Minh Duyên,0,0
78762,Đặng Thu Ánh,0,1
7211,Phạm Kim Yến,0,0
75457,Hoàng Anh Phúc,0,1
13305,Bùi Kim Chi,0,0
74099,Mai Hữu Chi,0,0
25724,Dương Thị Ngọc,0,0
74953,Dương Xuân Thảo,0,1
19090,Trần Thanh Huy,0,0
28887,Mai Kim Tú,1,1
30082,Dương Thu Ánh,1,1
49749,Hoàng Quang Mai,0,0
55189,Bùi Thanh Chi,1,1
9923,Lê Hữu Hồng,0,0
23100,Phạm Đức Hoàng,1,1
61849,Bùi Quang Linh,0,1
49311,Bùi Trần Vi,0,0
23130,Phạm Quang Vân,0,0
14750,Nguyễn Hoàng Dương,1,1
8815,Đặng Kim Thành,1,1
70700,Đặng Quang Anh,0,0
29925,Nguyễn Thị Trọng,0,1
50543,Hoàng Văn Hồng,1,1
20257,Dương Trần Vân,0,0
54000,Lê Gia Hương,0,0
64580,Đặng Kim Minh,0,0
34131,Trần Quang Chi,0,1
14694,Lê Hoàng Mai,0,0
7474,Lê Văn Bảo,0,0
65773,Đặng Ngọc Vi,0,0
30888,Nguyễn Anh Tùng,0,0
5096,Vũ Thanh Dũng,0,0
32320,Dương Gia Quang,0,0
79327,Nguyễn Thu Hoàng,0,0
38241,Vũ Gia Xuân,0,0
9150,Vũ Trần Bảo,1,1
67367,Trần Hữu Nam,0,0
74688,Đặng Anh Thảo,0,0
57369,Hoàng Gia Quang,0,0
34015,Trần Hoàng Dương,1,1
51129,Bùi Gia Tú,0,0
7017,Đặng Gia Phúc,0,1
45619,Nguyễn Hoàng Hưng,0,0
56180,Nguyễn Hoàng Yến,1,1
70204,Lê Ngọc Xuân,0,0
43760,Phạm Thị Tùng,1,0
72328,Trần Xuân Trung,1,0
72512,Dương Thu Tú,0,0
5422,Phạm Văn Vân,0,1
8829,Hoàng Anh Hồng,0,0
26903,Vũ Thu Tùng,0,1
75407,Đặng Văn Châu,1,1
56117,Bùi Văn Anh,0,0
70056,Đặng Kim Lan,1,1
8073,Đặng Đức Ngọc,1,1
72396,Trần Văn Lan,0,1
18384,Trần Xuân Châu,0,1
58937,Dương Hoàng Linh,0,1
53367,Trần Đức Trung,0,1
18084,Phạm Đức Phúc,0,0
25693,Trần Minh Chi,1,1
53073,Đặng Kim Quang,0,1
8427,Mai Thu Quang,1,1
23427,Bùi Hoàng Châu,1,0
11294,Lê Quang Tú,0,0
31958,Đặng Đức Yến,1,1
38499,Lê Hoàng Quang,0,1
73544,Trần Trần Tùng,1,1
33500,Nguyễn Hoàng Phúc,0,0
73628,Nguyễn Thị Vũ,0,1
71315,Đặng Trần Hương,1,1
1859,Đặng Xuân Minh,0,0
44228,Đặng Minh Quang,0,1
16894,Mai Gia Lan,0,0
1504,Bùi Trần Dũng,0,0
65211,Hoàng Đức Nhiên,0,0
48438,Trần Kim Tú,0,0
54887,Đặng Quang Yến,0,1
29394,Đặng Thị Linh,0,0
19310,Mai Xuân Vân,0,1
66434,Bùi Minh Vi,0,0
1260,Bùi Thị Dương,1,0
70293,Vũ Hữu Tùng,0,0
34663,Vũ Gia Hoàng,0,1
49868,Hoàng Minh Mai,1,1
18109,Dương Hữu Nam,0,0
6751,Nguyễn Ngọc Yến,0,1
20613,Vũ Xuân Khoa,1,1
42941,Mai Hoàng Ngọc,0,1
19384,Hoàng Hữu Hồng,0,0
62266,Đặng Hoàng Khoa,1,0
18701,Đặng Minh Khoa,0,1
13252,Bùi Đức Trọng,0,0
47009,Mai Xuân Châu,0,1
20605,Phạm Minh Quang,0,0
10848,Dương Thu Dương,0,0
39852,Vũ Xuân Nam,0,0
26687,Lê Anh Nhiên,0,1
59498,Trần Ngọc Ánh,0,0
34721,Nguyễn Xuân Hưng,0,0
76069,Trần Ngọc Linh,0,1
77120,Lê Thanh Anh,0,0
40397,Lê Thị Hưng,0,0
5231,Vũ Gia Khoa,0,0
48049,Nguyễn Kim Trọng,0,0
34201,Mai Quang Duyên,0,0
63088,Đặng Đức Huy,0,1
3533,Trần Gia Quang,0,0
2956,Bùi Ngọc Dương,0,0
43765,Trần Thanh Thành,0,1
47544,Đặng Ngọc Dũng,0,0
6381,Vũ Thị Yến,0,1
56972,Phạm Thu Anh,0,1
74707,Nguyễn Hữu Xuân,0,0
25096,Bùi Thu Quang,0,0
43817,Hoàng Văn Hương,1,1
34674,Mai Thanh Châu,0,0
26068,Nguyễn Minh Châu,0,0
55881,Phạm Gia Lan,0,0
70075,Hoàng Đức Nam,0,0
36851,Mai Hoàng Dũng,0,1
24326,Trần Ngọc Chi,0,1
4694,Lê Đức Châu,1,1
13411,Trần Xuân Nam,0,0
44859,Nguyễn Kim Duyên,0,0
69138,Trần Thị Quang,1,1
76280,Nguyễn Gia Ngọc,0,0
59961,Vũ Hữu Phúc,0,0
29426,Đặng Gia Vân,0,0
63606,Trần Kim Hoàng,0,1
71821,Phạm Thanh Ngọc,0,0
29743,Trần Minh Khoa,0,0
71017,Dương Quang Hoàng,0,1
22432,Dương Thanh Dương,0,0
31160,Đặng Gia Vi,0,0
21031,Trần Trần Trọng,0,0
39125,Bùi Hoàng Hồng,0,0
26967,Đặng Thanh Yến,0,0
27854,Trần Văn Tú,0,0
58701,Vũ Kim Hương,0,0
21947,Dương Minh Yến,0,0
76194,Phạm Thị Duyên,0,1
54008,Đặng Ngọc Khoa,0,1
19164,Mai Minh Xuân,0,0
56791,Trần Ngọc Thảo,0,0
33499,Lê Quang Minh,0,1
27200,Nguyễn Đức Linh,0,0
35725,Phạm Quang Linh,0,0
42855,Mai Kim Bảo,1,1
28769,Hoàng Trần Châu,0,0
6997,Dương Thị Mai,0,0
36813,Dương Thanh Hưng,0,0
58722,Dương Hữu Mai,0,1
52978,Phạm Gia Mai,0,1
22989,Nguyễn Hoàng Linh,0,0
39580,Đặng Thị Duyên,0,0
76743,Nguyễn Xuân Thành,0,0
1345,Hoàng Thu Ánh,1,1
42681,Bùi Thu Nhiên,0,1
23716,Đặng Kim Hương,0,0
61024,Phạm Quang Quang,0,0
63077,Hoàng Minh Hương,0,0
76496,Phạm Trần Lan,0,0
53012,Hoàng Minh Mai,1,1
26850,Lê Minh Vân,0,0
12481,Nguyễn Văn Hồng,1,0
54131,Đặng Thị Anh,0,1
7985,Trần Quang Quang,1,1
65838,Trần Thị Bảo,1,1
59191,Trần Kim Tùng,0,0
9835,Trần Gia Ngọc,1,1
48024,Nguyễn Ngọc Xuân,0,0
18986,Trần Quang Ngọc,0,1
6503,Hoàng Thanh Thảo,0,1
13167,Phạm Thị Xuân,0,0
51765,Mai Thu Vân,0,0
17341,Trần Anh Ngọc,0,1
11886,Hoàng Thu Lan,1,0
57977,Lê Thị Yến,0,1
39684,Lê Hữu Xuân,1,1
52936,Bùi Thị Hương,0,0
77847,Vũ Thanh Tú,0,0
21635,Nguyễn Minh Quang,0,0
58628,Hoàng Xuân Thảo,0,0
8186,Hoàng Văn Tú,0,0
45116,Dương Hoàng Chi,0,1
11469,Mai Đức Lan,0,0
73762,Hoàng Thu Hưng,0,0
22941,Bùi Gia Hương,0,0
45169,Trần Minh Vân,0,0
66653,Dương Ngọc Chi,0,0
36936,Bùi Văn Ngọc,0,0
31542,Phạm Đức Bảo,0,0
79803,Dương Hữu Ngọc,1,1
69581,Trần Thu Minh,0,1
72101,Bùi Quang Ánh,0,1
40513,Trần Thanh Quang,0,1
78728,Phạm Thị Trọng,0,0
45947,Trần Thu Châu,0,0
44601,Bùi Thị Trung,0,0
59603,Trần Gia Trung,0,0
79319,Vũ Hoàng Hồng,0,0
9395,Hoàng Đức Quang,0,1
66384,Lê Hoàng Mai,0,1
4586,Đặng Văn Phúc,0,0
32928,Trần Trần Anh,0,1
24363,Vũ Xuân Tùng,0,0
35728,Dương Văn Thành,0,0
52864,Hoàng Trần Hồng,0,0
12134,Phạm Văn Quang,0,0
46104,Dương Đức Vũ,0,0
7397,Đặng Gia Dương,1,0
21005,Mai Xuân Hương,0,0
70286,Phạm Thị Tùng,0,0
23263,Đặng Hoàng Tú,0,1
17205,Mai Minh Chi,0,0
60137,Vũ Đức Quang,0,0
29761,Bùi Thu Trọng,0,0
6423,Hoàng Kim Thành,0,1
50520,Đặng Minh Dương,0,0
13205,Phạm Trần Bảo,0,0
21633,Phạm Minh Phúc,0,0
37173,Hoàng Anh Dương,0,0
27397,Mai Quang Dũng,1,1
79373,Vũ Gia Nam,0,0
31359,Lê Gia Vi,0,0
58471,Đặng Ngọc Hương,0,0
16094,Đặng Thị Linh,0,1
59726,Bùi Thanh Hồng,0,0
65940,Lê Ngọc Yến,0,0
12974,Bùi Thu Bảo,0,0
46685,Nguyễn Hoàng Quang,0,1
65515,Hoàng Minh Thảo,0,0
67892,Nguyễn Minh Xuân,0,1
8375,Nguyễn Thanh Anh,1,1
32764,Nguyễn Anh Lan,0,0
73106,Phạm Trần Quang,0,0
35398,Mai Hoàng Chi,0,0
69214,Đặng Anh Châu,0,0
30103,Phạm Trần Bảo,0,0
31754,Dương Gia Lan,0,0
72652,Nguyễn Hữu Vi,0,0
32692,Bùi Anh Dương,1,1
897,Lê Trần Tùng,1,1
22169,Mai Xuân Ngọc,1,0
50936,Mai Kim Yến,0,0
55299,Đặng Đức Châu,0,0
41210,Trần Anh Tùng,0,0
63849,Nguyễn Trần Chi,0,0
76324,Bùi Gia Tùng,1,1
53177,Dương Anh Bảo,1,1
66018,Đặng Hữu Tùng,0,0
70659,Đặng Đức Lan,0,0
52237,Đặng Quang Quang,1,1
40992,Lê Thị Tú,0,0
29979,Dương Quang Dũng,0,0
8817,Mai Thu Linh,0,0
49880,Dương Ngọc Nhiên,0,1
4127,Trần Hoàng Minh,0,0
75702,Đặng Minh Vân,1,1
8366,Bùi Thanh Hương,0,0
17977,Bùi Hoàng Duyên,0,0
36126,Hoàng Kim Mai,1,1
72825,Trần Minh Chi,1,1
73031,Hoàng Thị Tú,1,1
74502,Phạm Ngọc Duyên,0,1
32274,Trần Đức Lan,0,0
62053,Bùi Trần Chi,0,0
68592,Hoàng Quang Yến,0,0
45539,Trần Minh Thành,0,0
47729,Phạm Minh Yến,0,0
15340,Trần Gia Xuân,0,1
4916,Lê Xuân Minh,0,0
30879,Đặng Thu Yến,0,0
46696,Phạm Quang Lan,0,0
68734,Hoàng Ngọc Hồng,0,0
27330,Vũ Gia Tú,0,0
30148,Hoàng Anh Vũ,0,0
38281,Hoàng Kim Dương,0,0
19102,Dương Thị Thảo,0,0
43772,Dương Anh Vân,0,1
36264,Lê Minh Thảo,0,0
29706,Bùi Văn Huy,0,0
64824,Vũ Thanh Dương,0,1
39000,Hoàng Quang Vi,0,0
60393,Trần Hoàng Vi,0,1
8094,Hoàng Minh Duyên,0,0
64819,Trần Thanh Yến,1,1
61106,Phạm Trần Huy,0,0
40419,Bùi Trần Nam,0,1
73201,Mai Kim Hưng,0,0
42124,Lê Trần Ánh,0,0
33400,Nguyễn Hoàng Bảo,0,1
44858,Bùi Thu Lan,1,1
42898,Lê Hoàng Nam,0,0
662,Phạm Gia Duyên,0,0
58586,Bùi Minh Huy,0,0
30396,Mai Trần Khoa,0,0
34074,Nguyễn Xuân Hồng,0,0
6815,Trần Hữu Nam,0,0
20840,Nguyễn Trần Tú,0,0
65263,Hoàng Ngọc Bảo,1,1
71102,Lê Thanh Thành,0,1
79796,Đặng Xuân Hoàng,0,0
79159,Dương Thanh Vi,0,0
55907,Nguyễn Minh Dương,0,1
45840,Phạm Thu Châu,0,0
10712,Dương Trần Duyên,0,0
60317,Dương Trần Minh,0,0
36541,Trần Thị Phúc,0,1
62983,Nguyễn Hữu Anh,0,0
36982,Dương Anh Phúc,0,1
45608,Nguyễn Hữu Ngọc,0,0
73232,Đặng Văn Tú,0,0
8403,Phạm Thu Vi,0,0
69949,Lê Ngọc Nhiên,0,1
63530,Nguyễn Ngọc Quang,0,1
7527,Nguyễn Hữu Phúc,0,0
52594,Vũ Minh Ánh,0,1
68764,Mai Anh Hương,0,1
21285,Đặng Thanh Dương,0,0
51207,Bùi Thu Hồng,0,1
31556,Đặng Văn Xuân,1,1
75444,Trần Quang Trọng,0,0
61267,Phạm Văn Thành,0,0
68884,Bùi Anh Thảo,0,1
68496,Lê Hoàng Hồng,0,1
72012,Đặng Kim Vân,0,0
28348,Bùi Gia Ánh,0,0
44075,Vũ Gia Quang,0,0
473,Hoàng Ngọc Huy,0,0
62441,Bùi Quang Thảo,0,0
32758,Lê Trần Yến,0,0
62394,Bùi Hữu Hương,0,1
79849,Hoàng Thị Quang,0,0
25937,Nguyễn Kim Quang,0,0
14701,Phạm Gia Hoàng,1,1
15477,Vũ Hữu Bảo,0,0
36177,Nguyễn Thị Tùng,0,0
66348,Lê Trần Quang,0,0
53492,Trần Anh Chi,0,0
55882,Nguyễn Hữu Hương,0,0
48226,Vũ Thanh Lan,1,0
30616,Hoàng Minh Phúc,0,0
35161,Đặng Hoàng Quang,1,1
74611,Hoàng Kim Tùng,0,0
68106,Nguyễn Gia Xuân,0,0
14873,Dương Hữu Linh,0,0
46739,Phạm Hoàng Chi,0,1
32022,Bùi Kim Trung,0,1
72122,Bùi Kim Yến,0,0
23612,Mai Thanh Thảo,0,0
4606,Vũ Văn Thành,0,0
74136,Nguyễn Ngọc Quang,0,0
63105,Lê Minh Trọng,0,0
77486,Trần Thanh Vũ,0,0
16108,Hoàng Minh Yến,1,1
45939,Vũ Thu Hưng,0,1
60064,Hoàng Gia Minh,0,0
65124,Bùi Ngọc Ngọc,0,0
56586,Vũ Thanh Quang,0,0
10149,Bùi Thanh Thành,1,1
74492,Đặng Hoàng Yến,0,0
22604,Trần Gia Yến,0,0
36446,Mai Hữu Ngọc,0,1
14866,Phạm Quang Nhiên,0,0
77911,Trần Hữu Phúc,0,0
38816,Bùi Trần Linh,0,0
31227,Vũ Xuân Anh,1,1
41987,Phạm Kim Hồng,1,0
79250,Trần Ngọc Vi,0,0
65182,Phạm Thanh Hương,0,1
36869,Vũ Văn Phúc,0,0
25731,Lê Ngọc Vũ,0,0
78475,Hoàng Quang Hương,1,1
27374,Đặng Trần Mai,1,1
10042,Đặng Gia Quang,0,0
19591,Dương Ngọc Vân,0,0
4454,Vũ Thanh Nam,0,1
25776,Trần Trần Xuân,0,0
55632,Mai Xuân Linh,0,0
66727,Bùi Hoàng Vân,1,1
78990,Phạm Thanh Bảo,0,1
72054,Vũ Thu Khoa,0,1
76378,Bùi Văn Thành,0,0
30511,Trần Anh Dũng,1,1
39108,Lê Văn Yến,0,0
73843,Bùi Thu Chi,0,0
26532,Vũ Thanh Khoa,0,0
8563,Phạm Thị Thành,0,0
22926,Trần Thị Hương,1,1
72690,Mai Anh Dương,0,0
53654,Mai Ngọc Dương,0,1
39300,Vũ Thu Tùng,1,1
58959,Mai Xuân Xuân,0,0
60896,Nguyễn Trần Quang,0,0
16739,Nguyễn Hoàng Quang,0,0
45829,Trần Minh Châu,0,0
55261,Trần Thanh Nhiên,0,0
28608,Lê Thanh Châu,0,0
75385,Bùi Hoàng Ngọc,0,0
29215,Hoàng Thanh Xuân,0,0
1322,Dương Đức Thảo,1,0
98,Dương Đức Hồng,0,0
68487,Phạm Đức Hoàng,0,1
31622,Phạm Thu Duyên,0,1
34532,Hoàng Đức Quang,0,0
2998,Bùi Anh Ánh,1,0
70806,Vũ Trần Tùng,0,0
3078,Đặng Văn Quang,0,0
17102,Bùi Kim Vân,0,0
13707,Phạm Minh Thành,0,0
43205,Lê Xuân Thảo,0,1
42916,Vũ Thị Vân,0,0
67445,Hoàng Minh Hoàng,0,0
35348,Mai Trần Tùng,0,1
41350,Trần Anh Châu,0,0
29968,Vũ Văn Lan,1,1
32840,Lê Trần Trung,0,0
21547,Lê Xuân Hương,1,1
16409,Hoàng Ngọc Vân,0,0
41403,Phạm Thu Hưng,0,0
38108,Phạm Thị Ngọc,0,1
19125,Trần Đức Tùng,0,0
18894,Nguyễn Quang Trọng,0,0
63581,Mai Quang Trọng,1,1
21659,Hoàng Thị Ngọc,0,0
76166,Dương Thanh Trọng,0,0
4599,Hoàng Quang Thành,0,0
75079,Lê Thị Dũng,0,0
72091,Nguyễn Gia Nhiên,0,0
11694,Lê Thị Vũ,0,0
74456,Mai Gia Hồng,1,1
61475,Phạm Thị Thảo,1,1
77357,Hoàng Ngọc Phúc,0,0
30969,Lê Văn Châu,0,0
17028,Bùi Gia Phúc,0,1
27514,Dương Hoàng Nam,0,0
6121,Bùi Quang Ngọc,0,0
69207,Mai Anh Ánh,1,1
17238,Nguyễn Quang Ánh,0,1
27077,Vũ Thanh Quang,0,0
10759,Mai Minh Xuân,0,0
64561,Trần Gia Duyên,0,0
45054,Trần Xuân Lan,0,0
397,Vũ Thu Yến,0,1
9453,Bùi Xuân Anh,0,0
13318,Nguyễn Hữu Hương,0,1
58580,Lê Thị Thảo,0,0
16933,Lê Đức Nam,0,1
40669,Hoàng Ngọc Bảo,0,0
73365,Đặng Hoàng Nhiên,0,0
48246,Đặng Anh Thành,0,0
53026,Lê Ngọc Hưng,0,0
13848,Hoàng Xuân Hồng,0,1
15067,Dương Văn Bảo,1,1
16482,Bùi Quang Yến,1,1
67691,Mai Hữu Anh,0,1
66247,Dương Trần Ngọc,0,1
53126,Hoàng Thu Ánh,0,0
245,Nguyễn Đức Yến,1,1
31299,Mai Thị Thảo,0,0
33513,Đặng Quang Trọng,0,0
39111,Vũ Ngọc Ánh,1,1
16919,Phạm Gia Nhiên,0,1
76953,Phạm Đức Tùng,0,0
52516,Dương Thanh Anh,0,1
35729,Vũ Xuân Thành,1,1
63547,Vũ Quang Hưng,1,1
45391,Dương Quang Yến,0,0
72556,Vũ Quang Ánh,0,1
64493,Hoàng Văn Ngọc,0,0
36074,Lê Thị Tú,0,0
48125,Dương Thanh Hồng,0,0
16782,Nguyễn Quang Vi,0,0
16267,Nguyễn Hữu Quang,0,0
42522,Trần Hoàng Duyên,0,0
6117,Đặng Hoàng Lan,0,0
70213,Đặng Gia Vũ,0,0
53794,Lê Minh Châu,1,0
74703,Vũ Hoàng Thảo,0,1
30167,Dương Kim Vũ,0,0
28656,Bùi Ngọc Mai,0,0
27546,Phạm Hữu Mai,0,0
19165,Hoàng Hoàng Ánh,0,1
7561,Lê Anh Nhiên,0,0
71637,Bùi Trần Duyên,0,0
8710,Lê Trần Quang,0,0
75714,Lê Thanh Lan,0,0
12279,Lê Thanh Vi,0,0
21579,Mai Ngọc Hồng,0,0
28996,Vũ Hoàng Nhiên,0,1
25576,Vũ Trần Huy,0,0
30703,Nguyễn Xuân Hoàng,0,1
23131,Mai Thị Lan,0,0
27813,Nguyễn Thu Châu,0,0
3908,Vũ Minh Hưng,1,0
64676,Mai Hữu Anh,0,0
59636,Lê Thu Linh,0,0
69473,Vũ Xuân Thảo,1,1
58850,Phạm Ngọc Quang,1,1
69289,Vũ Đức Hoàng,0,0
33118,Nguyễn Thị Bảo,0,0
20165,Lê Thanh Bảo,0,0
69878,Trần Trần Vũ,0,0
14652,Bùi Thanh Xuân,0,0
22279,Trần Trần Hồng,0,0
6186,Lê Kim Yến,0,0
4038,Phạm Quang Ánh,0,0
66617,Mai Kim Hoàng,1,1
51698,Bùi Hoàng Vi,0,0
3179,Vũ Thị Nam,0,0
10216,Lê Ngọc Xuân,0,0
67193,Nguyễn Văn Tú,0,0
4675,Dương Thu Vân,0,1
18777,Phạm Ngọc Châu,0,0
72273,Trần Hoàng Chi,0,1
21810,Hoàng Hoàng Hồng,1,1
273,Vũ Kim Minh,0,0
76464,Dương Hữu Trung,0,1
43195,Đặng Minh Hương,0,0
66066,Phạm Thanh Yến,1,1
49476,Vũ Ngọc Vi,0,0
24616,Trần Hữu Quang,0,1
11247,Đặng Hoàng Hồng,0,0
3271,Đặng Đức Duyên,0,0
12081,Vũ Văn Thảo,0,0
64288,Bùi Thanh Mai,0,0
67276,Trần Văn Ngọc,1,1
73989,Trần Kim Mai,0,0
14037,Đặng Kim Lan,0,0
69866,Nguyễn Văn Mai,0,0
71343,Đặng Xuân Hoàng,0,1
67206,Nguyễn Quang Hương,0,0
37024,Trần Kim Ngọc,0,0
34393,Phạm Thu Ngọc,0,0
78632,Vũ Trần Linh,1,1
43552,Trần Đức Duyên,0,0
13002,Bùi Thị Bảo,0,0
4268,Mai Hoàng Vi,0,0
34542,Dương Trần Nhiên,0,0
70430,Mai Thu Thành,0,1
63129,Lê Ngọc Hưng,0,1
49374,Vũ Kim Ánh,0,0
17909,Phạm Đức Trọng,0,0
63792,Dương Anh Vũ,1,1
11120,Bùi Anh Vi,0,1
24457,Đặng Minh Dũng,1,1
60430,Hoàng Trần Vi,0,1
60784,Mai Trần Dũng,1,1
24785,Trần Văn Thành,0,1
20821,Nguyễn Quang Trung,0,0
37381,Hoàng Thu Mai,0,0
14180,Hoàng Hoàng Lan,0,1
51367,Lê Ngọc Vân,1,1
18858,Nguyễn Xuân Anh,0,1
3617,Lê Gia Huy,0,0
52244,Vũ Xuân Lan,0,1
38796,Trần Đức Dũng,0,0
46762,Dương Thanh Huy,1,1
63507,Trần Thu Vân,0,1
16337,Bùi Văn Nam,0,0
28977,Lê Thị Bảo,0,0
23565,Hoàng Đức Tùng,1,1
21067,Vũ Thị Phúc,0,1
52567,Lê Hữu Trung,0,0
38071,Trần Kim Linh,0,1
32268,Dương Ngọc Ánh,0,0
73047,Vũ Trần Khoa,0,0
40890,Vũ Thu Vi,1,1
20018,Nguyễn Văn Yến,1,1
54088,Nguyễn Anh Hưng,0,0
79711,Trần Trần Huy,0,0
36030,Mai Kim Lan,0,1
11728,Trần Ngọc Xuân,0,1
41727,Bùi Hoàng Ngọc,0,0
42761,Đặng Ngọc Minh,0,0
1249,Phạm Đức Yến,0,0
16,Phạm Kim Nam,0,0
280,Bùi Quang Nam,0,1
40338,Vũ Quang Hưng,0,1
5191,Trần Trần Ánh,0,0
56610,Vũ Thu Lan,0,0
19345,Dương Minh Hồng,0,0
18117,Đặng Gia Bảo,0,1
36359,Lê Gia Dũng,0,1
39988,Nguyễn Văn Linh,0,0
3027,Dương Kim Vân,0,0
4615,Trần Gia Chi,0,0
78485,Bùi Ngọc Phúc,0,1
77901,Lê Quang Tùng,1,0
4976,Trần Thị Anh,0,1
35119,Trần Hoàng Lan,1,1
11706,Hoàng Xuân Dũng,0,0
55319,Dương Minh Huy,0,0
27227,Phạm Đức Tùng,0,0
4313,Trần Thanh Hồng,0,0
57590,Bùi Quang Ngọc,0,0
9477,Mai Hữu Khoa,0,0
77874,Phạm Văn Quang,0,0
25952,Bùi Minh Trung,1,1
44641,Mai Hoàng Nam,1,1
28321,Đặng Quang Thảo,0,1
2774,Lê Thanh Hoàng,0,1
50127,Dương Kim Huy,0,0
21404,Mai Minh Ngọc,0,0
46079,Bùi Văn Chi,0,0
45871,Hoàng Anh Duyên,0,0
40290,Lê Thị Hồng,0,0
64392,Nguyễn Văn Chi,1,1
39310,Đặng Văn Lan,0,1
54277,Hoàng Thị Nhiên,0,0
67521,Đặng Hoàng Chi,0,0
52097,Nguyễn Xuân Khoa,1,1
52804,Trần Kim Phúc,0,0
19888,Bùi Trần Quang,1,0
76418,Đặng Gia Hồng,0,0
35955,Trần Thị Xuân,1,1
12012,Dương Quang Vũ,0,0
12705,Nguyễn Đức Châu,0,0
15499,Dương Anh Duyên,0,1
63782,Vũ Xuân Thảo,0,1
44822,Bùi Hữu Nhiên,0,0
4223,Phạm Hữu Mai,0,0
10970,Lê Anh Dương,0,0
34852,Mai Kim Hoàng,1,1
68892,Đặng Minh Mai,1,1
42656,Hoàng Văn Vân,1,1
78430,Dương Xuân Lan,0,1
65367,Bùi Minh Anh,0,0
39091,Dương Quang Trung,0,0
50490,Phạm Thanh Hưng,0,0
28800,Hoàng Quang Tú,0,0
12204,Bùi Thanh Thảo,0,0
63694,Đặng Anh Nam,0,0
36293,Nguyễn Đức Nhiên,0,1
20140,Dương Thanh Nam,0,0
78286,Đặng Quang Hưng,0,0
38448,Mai Hữu Dương,0,0
75030,Hoàng Thị Hưng,0,0
32188,Đặng Văn Yến,0,1
52989,Mai Thị Hương,0,0
70684,Bùi Xuân Thành,1,1
22096,Phạm Hữu Ánh,0,0
73341,Vũ Anh Tú,0,0
50632,Nguyễn Anh Thảo,0,0
22480,Đặng Thanh Nhiên,0,1
27785,Trần Gia Dương,0,0
72047,Bùi Gia Yến,0,0
36222,Phạm Xuân Vũ,1,0
3751,Phạm Quang Quang,1,1
52984,Nguyễn Văn Thảo,0,0
47202,Hoàng Ngọc Khoa,0,1
78071,Nguyễn Minh Dũng,0,1
20266,Vũ Anh Quang,0,0
21293,Phạm Hoàng Quang,0,0
57356,Đặng Hữu Châu,0,1
28297,Bùi Hoàng Yến,0,1
7117,Đặng Trần Tú,0,1
33880,Vũ Thanh Ngọc,0,0
60589,Lê Kim Mai,0,1
1008,Đặng Gia Anh,0,0
64195,Mai Hoàng Chi,0,0
25607,Trần Hoàng Thảo,0,1
47255,Dương Văn Anh,0,0
51519,Vũ Đức Yến,0,0
8969,Lê Xuân Lan,1,1
48568,Trần Hoàng Hương,1,1
13358,Dương Ngọc Tùng,1,1
76788,Mai Minh Vân,0,0
60280,Vũ Văn Chi,0,0
75916,Nguyễn Minh Phúc,0,1
76741,Vũ Thị Vân,0,0
19643,Hoàng Hữu Tùng,0,0
1443,Đặng Hoàng Hoàng,1,0
50284,Đặng Quang Anh,0,0
31226,Nguyễn Trần Bảo,0,0
77305,Lê Hữu Nam,0,0
38228,Hoàng Quang Phúc,1,1
1446,Hoàng Xuân Anh,0,0
30279,Trần Văn Nam,1,1
27232,Hoàng Thu Phúc,0,1
28699,Đặng Trần Tú,0,0
71639,Hoàng Thị Anh,0,0
31747,Nguyễn Minh Tú,1,1
73378,Vũ Xuân Hồng,0,0
74413,Phạm Trần Minh,0,1
36907,Đặng Hữu Xuân,0,0
67880,Trần Trần Tùng,0,0
42578,Vũ Thanh Vân,1,1
42816,Dương Trần Vân,0,1
58258,Trần Xuân Hoàng,0,0
62901,Vũ Minh Ngọc,0,0
63565,Bùi Hoàng Chi,0,1
50416,Vũ Minh Hồng,1,1
27256,Nguyễn Quang Khoa,0,0
32641,Mai Thu Hương,0,1
18655,Phạm Văn Dương,0,1
64271,Phạm Gia Chi,0,0
7239,Bùi Thị Vân,0,0
28353,Phạm Đức Ngọc,0,0
36577,Nguyễn Gia Hoàng,0,0
25211,Trần Thị Huy,1,1
63936,Lê Hữu Vũ,0,1
60235,Trần Xuân Vũ,1,1
14573,Lê Thanh Châu,1,1
14539,Nguyễn Thị Hoàng,0,1
16810,Bùi Gia Trọng,0,0
44634,Mai Thị Ngọc,0,0
31038,Mai Thanh Phúc,1,1
71496,Trần Kim Ngọc,1,1
49132,Đặng Trần Thảo,0,0
14429,Vũ Trần Châu,1,1
9347,Bùi Gia Minh,1,1
32953,Lê Hữu Dương,0,0
11949,Phạm Hoàng Hoàng,1,1
35499,Nguyễn Kim Ánh,0,0
51870,Hoàng Trần Trọng,0,0
22011,Dương Ngọc Hương,0,0
10731,Bùi Gia Bảo,0,0
14882,Lê Trần Dương,0,0
79508,Nguyễn Anh Dũng,0,0
16971,Hoàng Đức Thảo,0,0
39810,Bùi Anh Vi,1,1
60209,Lê Thị Linh,0,0
34265,Bùi Thị Hoàng,0,0
55005,Dương Anh Quang,0,0
75210,Hoàng Minh Duyên,0,0
60151,Bùi Ngọc Chi,0,0
1606,Lê Gia Trung,0,1
18711,Vũ Gia Hương,0,0
41434,Dương Đức Khoa,0,0
4188,Nguyễn Quang Hồng,1,1
70379,Lê Xuân Xuân,1,1
1350,Hoàng Hữu Trung,0,1
35655,Trần Hoàng Linh,0,0
36417,Hoàng Minh Vi,0,1
76145,Vũ Hữu Quang,0,1
60018,Đặng Ngọc Hoàng,0,0
73485,Mai Hoàng Hương,0,0
7221,Trần Thị Trung,0,0
41841,Dương Thanh Thành,0,1
52707,Nguyễn Thị Khoa,0,1
54428,Bùi Anh Vi,0,0
70895,Vũ Thị Tú,0,0
39461,Phạm Ngọc Phúc,0,0
79669,Bùi Gia Linh,0,0
42734,Trần Xuân Thảo,1,1
22974,Mai Quang Chi,0,1
3842,Bùi Quang Khoa,1,1
22631,Đặng Thị Lan,0,1
17565,Hoàng Ngọc Ánh,0,1
6012,Vũ Đức Chi,0,0
45747,Vũ Đức Vi,0,0
57889,Đặng Thu Ngọc,0,0
57600,Bùi Thu Minh,0,0
62451,Đặng Xuân Huy,0,1
76838,Bùi Gia Chi,0,0
40930,Lê Minh Hưng,0,1
11077,Hoàng Thị Bảo,0,0
43693,Đặng Thu Xuân,0,0
73370,Hoàng Quang Quang,0,0
32129,Dương Đức Linh,0,1
61328,Trần Minh Tùng,0,1
23813,Lê Hoàng Hoàng,0,1
59856,Dương Thị Nhiên,1,1
14603,Lê Đức Quang,0,1
62501,Mai Thu Chi,0,0
17148,Trần Anh Thảo,0,0
40170,Hoàng Đức Vân,0,1
19057,Phạm Đức Linh,0,1
68511,Hoàng Thị Thảo,0,0
32479,Phạm Anh Yến,1,1
28366,Nguyễn Ngọc Hồng,0,0
62643,Vũ Gia Phúc,1,1
19914,Hoàng Gia Ngọc,0,0
41586,Dương Kim Tùng,0,0
59464,Dương Kim Dương,1,1
52551,Vũ Đức Vi,0,0
65716,Dương Đức Nam,0,0
59949,Nguyễn Xuân Tú,0,1
31740,Lê Thị Nam,0,0
77274,Mai Thị Trung,0,0
72523,Dương Hữu Nam,0,1
77912,Phạm Ngọc Trọng,0,0
2314,Đặng Đức Vi,0,0
10368,Bùi Đức Tú,0,1
51013,Trần Thị Quang,1,1
79724,Bùi Thanh Dương,0,0
75112,Mai Xuân Yến,0,0
18311,Mai Xuân Thảo,0,1
13043,Đặng Gia Thành,0,1
51195,Nguyễn Xuân Duyên,0,0
35453,Bùi Thanh Minh,0,0
46137,Bùi Hoàng Thành,0,0
6256,Bùi Anh Trọng,0,1
66435,Bùi Hoàng Hưng,0,0
64611,Mai Thị Yến,0,1
2630,Hoàng Thanh Trọng,0,0
57042,Phạm Hoàng Vũ,1,1
25574,Vũ Thu Quang,0,0
48195,Lê Văn Chi,0,1
38407,Đặng Trần Minh,0,1
71885,Lê Xuân Phúc,0,0
24736,Hoàng Hữu Ánh,0,0
4168,Lê Thị Anh,0,0
17732,Lê Ngọc Hoàng,0,0
68969,Mai Văn Chi,0,1
11583,Lê Hoàng Lan,0,0
10170,Mai Kim Xuân,0,1
69997,Nguyễn Thị Khoa,0,0
47641,Vũ Trần Mai,1,0
21348,Lê Anh Duyên,0,0
31946,Trần Ngọc Vi,1,1
16658,Trần Thị Duyên,0,1
23522,Trần Gia Xuân,0,0
75624,Vũ Anh Nam,0,0
9828,Hoàng Anh Quang,1,1
2912,Đặng Trần Vân,1,1
55501,Nguyễn Ngọc Bảo,0,1
4581,Dương Minh Lan,0,1
17869,Bùi Minh Vân,0,0
43871,Hoàng Hữu Nhiên,0,0
32717,Vũ Xuân Xuân,0,0
13890,Nguyễn Hoàng Tùng,0,1
4658,Mai Hoàng Dũng,0,0
34619,Mai Hoàng Xuân,0,0
52678,Nguyễn Văn Châu,0,1
29424,Vũ Thanh Duyên,0,0
2047,Vũ Hoàng Huy,0,1
71392,Lê Ngọc Xuân,0,0
61795,Nguyễn Xuân Hương,0,0
48494,Nguyễn Anh Xuân,0,0
22919,Mai Minh Lan,0,0
15642,Vũ Hoàng Hương,0,0
40109,Vũ Ngọc Thảo,1,1
67016,Nguyễn Hữu Linh,1,1
59375,Nguyễn Hoàng Khoa,1,1
12848,Bùi Anh Duyên,0,0
39064,Phạm Xuân Phúc,0,1
71612,Nguyễn Minh Anh,0,1
11107,Bùi Hữu Tùng,0,0
41010,Phạm Thị Châu,0,1
30840,Dương Ngọc Vũ,0,0
15270,Dương Quang Trung,1,1
38985,Mai Quang Linh,0,0
53613,Dương Thanh Vũ,0,0
60156,Dương Văn Nam,0,0
69027,Phạm Ngọc Nhiên,0,1
55144,Bùi Gia Xuân,1,1
49532,Mai Ngọc Thành,0,0
35852,Nguyễn Thu Nhiên,0,0
35350,Dương Thu Vân,0,1
57376,Lê Gia Vũ,0,1
9361,Phạm Hữu Dũng,0,0
3117,Lê Quang Hoàng,1,1
49509,Dương Quang Nam,0,0
60872,Bùi Kim Minh,0,1
14053,Vũ Anh Nam,1,1
13378,Trần Gia Linh,0,0
8466,Đặng Ngọc Huy,1,0
615,Bùi Văn Bảo,0,0
55694,Hoàng Trần Tùng,0,0
24329,Đặng Ngọc Vi,0,0
28120,Bùi Trần Lan,0,0
23903,Đặng Kim Nhiên,0,0
38715,Mai Hoàng Quang,0,1
43853,Vũ Trần Lan,1,1
37566,Đặng Hữu Dũng,0,0
37203,Lê Đức Anh,1,1
29175,Bùi Minh Quang,0,0
25142,Lê Thu Khoa,1,1
4110,Bùi Thị Vân,0,0
74928,Đặng Anh Huy,0,0
48271,Bùi Xuân Ánh,0,0
57056,Bùi Gia Vũ,1,1
40543,Nguyễn Thanh Linh,0,0
75825,Mai Thị Hồng,0,1
25381,Vũ Trần Khoa,0,0
27427,Lê Văn Xuân,0,0
52047,Dương Thanh Trọng,0,0
34017,Mai Kim Vi,0,1
62698,Nguyễn Gia Ngọc,0,0
45430,Vũ Ngọc Châu,0,0
66935,Nguyễn Thu Châu,0,0
51212,Nguyễn Hữu Hoàng,0,0
59384,Phạm Ngọc Tú,0,1
40316,Nguyễn Hoàng Ánh,0,1
76535,Vũ Đức Quang,0,1
29002,Nguyễn Minh Tùng,0,1
43191,Đặng Gia Nhiên,0,0
47514,Hoàng Quang Minh,0,1
62046,Nguyễn Thanh Ánh,0,0
54997,Nguyễn Thu Chi,0,0
25014,Vũ Xuân Yến,0,0
3342,Dương Thanh Châu,0,0
61710,Hoàng Hoàng Vi,0,0
8953,Phạm Trần Trung,1,0
19697,Trần Văn Huy,0,0
2574,Dương Xuân Linh,1,0
53044,Lê Hữu Mai,0,0
18299,Dương Đức Hương,0,1
60523,Hoàng Kim Linh,0,0
33132,Vũ Quang Thảo,0,1
37753,Trần Gia Thảo,0,1
33548,Lê Hữu Ngọc,0,0
57420,Nguyễn Anh Linh,0,0
39963,Mai Anh Tú,1,1
59296,Vũ Anh Vi,1,1
41526,Vũ Quang Huy,0,0
26280,Mai Trần Trọng,0,0
19748,Phạm Quang Vân,0,0
6625,Vũ Thị Ngọc,0,0
78259,Hoàng Hoàng Vũ,0,0
33354,Trần Thu Tùng,1,1
31432,Vũ Văn Vân,0,0
37482,Nguyễn Hữu Ánh,1,1
44576,Dương Văn Tùng,0,0
64046,Hoàng Văn Vũ,0,0
10250,Hoàng Đức Quang,0,0
28272,Dương Hữu Khoa,0,1
37094,Lê Thị Yến,0,0
56006,Hoàng Quang Hương,0,1
75891,Lê Gia Hưng,0,0
56515,Lê Gia Linh,0,0
11276,Trần Trần Duyên,1,1
62368,Lê Hữu Yến,0,1
2512,Mai Anh Bảo,0,0
25803,Hoàng Hoàng Quang,0,0
58642,Hoàng Kim Tú,0,0
47482,Bùi Minh Ánh,1,1
21731,Nguyễn Trần Dương,0,0
74521,Lê Quang Vũ,0,0
33173,Bùi Gia Dũng,0,0
4289,Đặng Hoàng Dũng,0,1
14692,Bùi Minh Duyên,0,0
33449,Đặng Văn Bảo,0,0
44837,Mai Xuân Thảo,1,1
19801,Phạm Đức Ánh,0,1
53325,Phạm Kim Minh,0,0
48523,Lê Anh Mai,1,1
42040,Lê Kim Trung,0,0
30352,Lê Ngọc Dương,0,0
14505,Lê Quang Yến,0,0
15672,Trần Đức Dũng,1,1
75681,Trần Trần Chi,0,1
7754,Vũ Hoàng Minh,0,0
16050,Lê Kim Nam,0,0
61932,Dương Văn Trung,0,1
12343,Mai Văn Vũ,0,0
28458,Lê Kim Linh,0,0
66646,Nguyễn Hữu Xuân,1,1
70314,Đặng Ngọc Duyên,1,1
57192,Bùi Văn Vi,0,1
54188,Trần Ngọc Khoa,0,0
62860,Lê Quang Yến,0,0
53368,Mai Minh Nhiên,0,0
79164,Vũ Xuân Vi,0,0
54545,Hoàng Thị Hương,0,0
5112,Dương Minh Nam,0,0
15829,Dương Quang Hương,0,1
78855,Trần Đức Khoa,0,0
24191,Mai Hoàng Ánh,0,0
53557,Hoàng Thu Nhiên,0,0
51179,Đặng Hữu Linh,0,1
44535,Hoàng Hoàng Mai,0,0
13287,Mai Gia Châu,0,0
19059,Lê Quang Hoàng,0,0
24855,Lê Ngọc Dương,0,0
78704,Dương Gia Hoàng,0,1
42532,Dương Thanh Trọng,0,1
58521,Dương Kim Yến,0,1
25799,Nguyễn Thanh Hương,0,0
41725,Trần Văn Duyên,0,0
55977,Phạm Minh Quang,0,1
16848,Đặng Trần Thành,0,1
59173,Lê Quang Trọng,0,0
67942,Bùi Xuân Hoàng,0,0
27840,Đặng Kim Chi,0,0
11451,Dương Xuân Quang,1,1
10187,Mai Đức Vi,0,0
27585,Vũ Anh Phúc,1,1
60250,Phạm Thanh Tú,1,1
58388,Đặng Trần Quang,0,0
6358,Đặng Minh Nhiên,0,1
42658,Dương Minh Phúc,0,0
47870,Lê Văn Tú,0,1
76802,Lê Văn Huy,1,1
21700,Dương Kim Duyên,0,0
37565,Trần Trần Thành,0,0
70071,Dương Trần Anh,0,0
22196,Lê Ngọc Yến,0,0
40,Trần Thanh Vi,0,0
27064,Lê Xuân Nhiên,0,0
25213,Dương Thu Khoa,0,0
53687,Lê Văn Minh,1,1
68864,Lê Gia Ánh,0,0
28112,Vũ Hữu Thảo,1,1
23980,Bùi Văn Quang,0,0
52608,Bùi Thị Nhiên,0,0
70421,Hoàng Anh Hương,0,0
68315,Đặng Hoàng Hưng,1,1
38452,Trần Đức Nhiên,0,0
51918,Đặng Anh Minh,0,0
57869,Đặng Ngọc Xuân,1,1
127,Nguyễn Kim Hương,0,0
3275,Trần Hữu Xuân,0,1
56079,Đặng Quang Thành,0,0
68776,Bùi Gia Phúc,0,0
1897,Phạm Thanh Dũng,0,0
70900,Mai Thu Ánh,0,0
52004,Dương Kim Nam,1,1
69098,Vũ Kim Mai,0,0
74872,Phạm Anh Ngọc,1,1
55106,Bùi Trần Huy,0,0
34148,Trần Xuân Linh,0,0
29692,Phạm Xuân Nhiên,0,0
68153,Bùi Đức Vân,0,0
59002,Lê Văn Nhiên,0,0
20036,Trần Thu Dũng,0,0
35431,Vũ Thu Khoa,0,0
40551,Đặng Thị Khoa,0,0
66562,Phạm Văn Dương,0,1
4621,Bùi Hữu Mai,0,1
56274,Vũ Minh Tú,0,0
74735,Vũ Minh Ánh,0,0
8451,Trần Đức Khoa,0,1
62997,Nguyễn Thanh Quang,0,1
72427,Vũ Quang Thảo,1,1
59890,Hoàng Thị Anh,0,0
20335,Lê Minh Phúc,0,0
77916,Hoàng Xuân Minh,0,0
31357,Dương Minh Hồng,0,0
10557,Nguyễn Thị Duyên,0,0
3772,Trần Thu Nam,0,0
15031,Đặng Hữu Mai,0,0
11668,Hoàng Hữu Ngọc,0,0
67737,Trần Gia Lan,1,1
42644,Đặng Thị Bảo,1,1
50869,Hoàng Ngọc Yến,0,1
50690,Nguyễn Thị Lan,1,1
61164,Phạm Anh Tú,0,0
63451,Mai Quang Ngọc,0,0
15495,Phạm Anh Anh,1,1
62210,Nguyễn Thu Nam,0,1
10737,Bùi Quang Dũng,0,0
16431,Nguyễn Hữu Yến,0,0
39063,Nguyễn Gia Lan,0,0
56694,Đặng Minh Dương,0,0
44152,Phạm Thanh Hồng,0,0
53128,Vũ Kim Ánh,0,1
75115,Bùi Đức Nam,0,0
43919,Trần Anh Linh,0,1
62258,Mai Kim Thảo,1,1
38098,Lê Thanh Phúc,0,0
12032,Phạm Hoàng Yến,0,1
10347,Hoàng Thu Nhiên,1,1
69028,Nguyễn Gia Duyên,0,0
38067,Vũ Trần Minh,0,0
14707,Trần Kim Quang,0,0
58759,Dương Gia Duyên,0,0
25600,Vũ Đức Anh,1,0
36638,Lê Gia Ánh,0,0
53475,Vũ Hoàng Châu,0,0
2053,Vũ Quang Yến,0,1
44403,Nguyễn Minh Ánh,1,1
68772,Lê Kim Minh,0,1
71295,Bùi Minh Hương,0,0
77983,Lê Văn Hưng,1,1
58041,Phạm Gia Mai,1,1
62881,Bùi Thu Trung,1,1
61541,Vũ Ngọc Bảo,0,0
76060,Vũ Ngọc Khoa,0,0
3578,Đặng Thị Trọng,0,1
34105,Hoàng Văn Thảo,0,1
22316,Vũ Quang Nhiên,0,0
28485,Đặng Đức Tú,1,1
79641,Vũ Anh Vi,0,0
48658,Nguyễn Đức Hương,1,1
1986,Đặng Hữu Trung,0,0
4525,Lê Thị Nhiên,0,1
34669,Nguyễn Thanh Minh,0,0
7158,Đặng Trần Anh,0,0
75391,Lê Trần Vi,0,0
79576,Bùi Quang Huy,0,0
48809,Đặng Ngọc Trung,0,0
75088,Vũ Xuân Khoa,0,1
20571,Mai Quang Duyên,0,1
30868,Dương Xuân Yến,1,1
73660,Mai Ngọc Yến,1,1
54573,Lê Đức Trọng,0,0
5094,Hoàng Hoàng Xuân,0,1
62820,Hoàng Hữu Lan,0,0
34800,Mai Gia Trọng,1,1
35015,Bùi Xuân Tú,0,0
14664,Dương Hoàng Vân,1,1
70316,Phạm Thu Bảo,0,0
49814,Phạm Thanh Vũ,0,0
64221,Hoàng Văn Hưng,0,0
50895,Vũ Kim Ngọc,0,0
21438,Bùi Kim Nhiên,0,0
67366,Đặng Anh Chi,0,1
27272,Trần Minh Nhiên,0,0
28885,Đặng Minh Phúc,0,0
632,Nguyễn Thanh Vũ,0,0
48893,Vũ Minh Bảo,1,1
19070,Phạm Ngọc Minh,0,1
26562,Đặng Quang Mai,0,0
6364,Dương Gia Vũ,0,1
23742,Trần Thanh Huy,0,0
38344,Nguyễn Thu Hương,0,0
26272,Lê Ngọc Tùng,0,1
40994,Vũ Gia Linh,0,0
52154,Bùi Thu Tú,0,0
33556,Nguyễn Kim Lan,0,1
14886,Dương Xuân Nhiên,1,1
13967,Phạm Văn Hưng,0,0
69200,Phạm Hữu Chi,1,1
15645,Hoàng Gia Vi,0,0
37683,Lê Hoàng Duyên,1,1
39579,Phạm Trần Vũ,0,1
59596,Hoàng Xuân Huy,0,1
43997,Phạm Ngọc Thảo,0,0
48040,Lê Ngọc Duyên,0,0
79324,Trần Thu Vũ,0,1
8387,Trần Văn Tùng,0,1
58991,Vũ Thu Hưng,0,1
33081,Vũ Trần Linh,0,0
41482,Trần Anh Mai,0,0
63204,Mai Văn Mai,0,1
40963,Bùi Ngọc Quang,0,0
55243,Phạm Hữu Yến,0,0
17078,Dương Xuân Nhiên,0,0
76650,Vũ Gia Linh,0,0
7389,Đặng Kim Dương,0,1
56244,Lê Văn Trung,0,0
65662,Nguyễn Quang Châu,0,0
8402,Hoàng Thị Vân,0,0
38082,Trần Đức Khoa,1,1
78870,Vũ Minh Ngọc,0,0
72656,Hoàng Đức Vũ,0,1
12945,Đặng Thanh Lan,0,1
14926,Lê Trần Thảo,0,0
15291,Dương Thu Linh,0,0
36951,Lê Quang Ngọc,0,1
77904,Hoàng Thị Trọng,0,0
20831,Nguyễn Ngọc Phúc,0,0
71085,Hoàng Quang Hương,0,1
57935,Hoàng Ngọc Dũng,0,0
21260,Nguyễn Gia Thành,0,0
65667,Lê Thu Quang,1,0
49528,Hoàng Thị Lan,0,0
64502,Lê Thị Chi,1,1
28762,Phạm Quang Linh,0,1
61484,Trần Gia Vi,0,0
61553,Trần Hoàng Dũng,0,1
9495,Bùi Hoàng Quang,0,0
58059,Bùi Xuân Vi,0,0
43676,Trần Anh Hương,1,0
68930,Phạm Minh Quang,0,0
63568,Phạm Hoàng Anh,0,1
79562,Phạm Hữu Huy,0,1
295,Bùi Thu Yến,0,0
3874,Vũ Thu Vân,0,0
14634,Mai Thị Yến,0,0
28743,Vũ Quang Vi,0,0
26559,Hoàng Văn Khoa,0,0
22484,Mai Hữu Khoa,0,0
73542,Nguyễn Ngọc Lan,1,0
78451,Phạm Trần Phúc,0,1
17539,Bùi Trần Linh,0,0
55696,Dương Minh Hưng,0,0
36382,Bùi Thanh Vũ,0,1
60324,Phạm Ngọc Mai,0,1
9130,Vũ Ngọc Chi,1,0
19334,Phạm Đức Lan,0,0
29732,Phạm Đức Hương,0,0
62336,Phạm Thu Minh,0,0
69517,Lê Đức Trung,0,0
45710,Lê Ngọc Duyên,0,0
27202,Bùi Thu Ngọc,0,0
32493,Phạm Trần Tùng,0,0
875,Đặng Anh Phúc,0,0
15107,Lê Hoàng Châu,0,0
75848,Mai Thanh Xuân,0,0
38479,Vũ Hoàng Trung,0,1
58217,Vũ Thanh Vân,0,0
37629,Lê Thu Duyên,0,1
31864,Mai Quang Duyên,0,1
57130,Hoàng Kim Minh,0,1
78267,Mai Thị Ánh,0,0
78380,Dương Hoàng Trọng,0,0
28292,Lê Gia Hưng,0,0
35139,Trần Hoàng Yến,0,0
77194,Phạm Văn Bảo,0,0
6345,Nguyễn Đức Nam,1,1
8500,Hoàng Thanh Dũng,0,0
46011,Hoàng Hữu Hoàng,0,0
66898,Bùi Hữu Quang,0,1
58838,Dương Anh Lan,0,0
55703,Bùi Kim Dương,0,0
73176,Hoàng Minh Hồng,0,0
27456,Phạm Xuân Hồng,0,0
35942,Bùi Hữu Hưng,0,0
77500,Nguyễn Thu Hồng,0,1
11067,Mai Minh Nam,0,1
12985,Phạm Kim Linh,0,0
30325,Vũ Quang Trọng,0,0
50668,Đặng Đức Minh,0,0
9944,Mai Đức Trung,0,0
69714,Hoàng Thị Tùng,0,1
58913,Nguyễn Trần Ánh,0,0
54928,Bùi Quang Nam,0,1
57540,Phạm Kim Ngọc,0,0
35273,Bùi Kim Thảo,0,1
23016,Dương Gia Yến,1,1
4517,Lê Minh Duyên,0,0
50889,Đặng Quang Duyên,1,1
51913,Hoàng Gia Lan,0,1
27769,Vũ Hoàng Mai,0,0
52215,Trần Thu Hồng,0,0
1283,Vũ Đức Linh,1,1
52710,Bùi Thu Mai,0,1
51551,Mai Hoàng Mai,0,0
71720,Đặng Trần Vân,0,0
54548,Lê Kim Lan,0,0
24831,Hoàng Kim Hoàng,0,0
48042,Đặng Xuân Vi,0,1
52100,Trần Thu Bảo,1,1
39274,Hoàng Gia Xuân,0,0
76621,Trần Hữu Quang,0,0
51873,Dương Hoàng Ngọc,0,0
66083,Bùi Thu Tú,0,0
27337,Hoàng Thanh Xuân,1,1
73132,Dương Trần Chi,0,1
25759,Trần Quang Trọng,1,1
26887,Bùi Quang Bảo,0,0
48059,Trần Thanh Bảo,0,1
67188,Dương Thu Yến,0,1
20774,Nguyễn Minh Khoa,0,1
54883,Vũ Thị Chi,0,1
2260,Mai Xuân Vi,0,0
33560,Phạm Kim Thành,0,0
15637,Dương Ngọc Linh,0,1
48503,Dương Thị Nhiên,0,1
22699,Lê Văn Dũng,0,1
66547,Lê Thu Huy,0,1
60593,Bùi Gia Xuân,0,0
56698,Lê Xuân Xuân,0,0
57532,Dương Gia Khoa,0,0
78099,Mai Thu Tú,0,1
54977,Vũ Thu Linh,0,0
15111,Đặng Trần Khoa,0,0
51917,Dương Hoàng Lan,0,1
61490,Bùi Anh Yến,0,0
52653,Bùi Văn Phúc,0,1
4394,Bùi Đức Anh,0,0
17023,Hoàng Thanh Xuân,0,1
66668,Hoàng Quang Hồng,0,1
60239,Mai Hoàng Ngọc,0,0
31456,Dương Ngọc Ánh,0,1
3183,Trần Quang Bảo,0,0
59747,Đặng Hữu Xuân,1,0
71855,Vũ Minh Hưng,1,1
47793,Lê Xuân Bảo,0,0
44107,Dương Xuân Vũ,0,0
44221,Nguyễn Trần Thành,0,1
22228,Đặng Đức Tú,0,0
16215,Nguyễn Xuân Chi,0,0
73237,Nguyễn Ngọc Thảo,0,0
47188,Trần Hữu Minh,0,0
58002,Vũ Kim Trung,0,0
51233,Bùi Minh Linh,0,0
21500,Nguyễn Hữu Nam,0,0
38798,Bùi Thị Lan,0,1
45793,Dương Xuân Châu,1,1
69548,Trần Thị Nam,0,0
35855,Bùi Trần Quang,0,1
536,Dương Hữu Huy,0,0
79755,Nguyễn Ngọc Bảo,0,0
44259,Bùi Văn Bảo,0,0
894,Đặng Đức Hồng,0,0
47396,Nguyễn Thanh Mai,0,1
56462,Bùi Văn Thảo,0,0
51400,Hoàng Hữu Ngọc,0,0
33853,Đặng Quang Châu,0,1
36831,Đặng Văn Vi,1,0
11712,Dương Minh Thành,1,1
76529,Vũ Trần Nhiên,0,0
60104,Nguyễn Gia Lan,0,1
6533,Hoàng Xuân Dương,1,1
18423,Hoàng Gia Duyên,1,1
71400,Trần Đức Xuân,0,0
65967,Lê Trần Mai,0,0
44620,Phạm Ngọc Trung,0,0
47053,Nguyễn Hoàng Phúc,0,0
63103,Mai Hữu Hoàng,1,0
4179,Đặng Trần Ánh,0,0
37241,Mai Ngọc Tùng,0,1
59262,Dương Thanh Xuân,0,0
53642,Bùi Đức Yến,0,0
56194,Dương Gia Mai,0,0
61522,Dương Anh Dương,1,1
35296,Nguyễn Minh Ánh,0,0
12931,Bùi Thanh Châu,0,1
2828,Vũ Trần Mai,1,1
64152,Phạm Xuân Duyên,0,1
40507,Vũ Văn Chi,0,0
38883,Nguyễn Hoàng Vi,0,1
62276,Bùi Quang Châu,0,1
17639,Vũ Quang Ánh,0,0
19298,Phạm Thị Dương,0,0
63463,Hoàng Minh Tùng,0,0
26952,Lê Đức Ánh,1,1
68172,Lê Thị Anh,0,0
28719,Hoàng Kim Hưng,0,0
40283,Đặng Hoàng Trọng,0,0
21453,Hoàng Thanh Hưng,0,0
75914,Hoàng Thu Anh,0,0
19294,Vũ Văn Mai,0,0
52254,Vũ Quang Thảo,0,0
5277,Mai Hữu Vũ,1,1
25498,Mai Xuân Mai,0,0
14592,Lê Hoàng Ánh,0,0
21146,Bùi Hoàng Huy,0,1
55853,Bùi Thu Dũng,1,1
13535,Đặng Hữu Quang,0,0
62716,Đặng Thị Hồng,0,0
12411,Nguyễn Quang Tú,0,0
21553,Bùi Xuân Khoa,0,1
6717,Đặng Xuân Hưng,0,0
21398,Nguyễn Hoàng Trung,1,1
303,Vũ Hữu Hương,0,1
15187,Bùi Gia Huy,0,1
79856,Vũ Thu Anh,0,1
67930,Phạm Thu Ngọc,0,1
52999,Mai Xuân Dũng,0,1
15813,Mai Xuân Hưng,0,0
72046,Trần Thị Chi,0,0
39152,Dương Xuân Hoàng,0,0
8012,Vũ Quang Lan,1,1
60392,Phạm Ngọc Vũ,0,1
52682,Nguyễn Minh Hưng,0,0
75545,Bùi Thị Khoa,0,0
72125,Vũ Quang Ánh,0,1
65198,Mai Quang Ánh,1,1
75490,Phạm Quang Ngọc,0,1
31916,Bùi Hoàng Dũng,0,1
36158,Đặng Hoàng Duyên,0,1
48057,Lê Văn Trọng,0,0
17875,Mai Hoàng Ngọc,1,1
25657,Dương Kim Phúc,0,0
49049,Trần Gia Vi,0,1
63544,Phạm Thị Minh,0,0
16067,Hoàng Gia Vũ,0,1
52127,Vũ Trần Duyên,0,1
59497,Nguyễn Văn Chi,0,1
61099,Bùi Quang Bảo,0,0
39374,Phạm Hữu Anh,1,1
45440,Lê Minh Ngọc,0,0
9111,Mai Đức Hưng,0,0
6930,Mai Anh Hồng,0,0
59489,Dương Hữu Thành,0,0
48402,Bùi Thanh Quang,0,0
56550,Mai Anh Chi,0,0
888,Mai Đức Hưng,1,1
8682,Đặng Thị Yến,0,0
31703,Phạm Thanh Anh,0,0
4424,Dương Trần Hưng,0,0
36995,Phạm Đức Bảo,0,0
20641,Bùi Hoàng Bảo,0,0
67287,Đặng Hoàng Chi,0,1
47630,Trần Hữu Quang,0,0
66080,Vũ Ngọc Mai,0,1
104,Hoàng Trần Vi,0,1
50456,Dương Minh Yến,0,0
13296,Trần Thanh Dương,0,1
28396,Bùi Ngọc Bảo,0,0
57916,Đặng Minh Dũng,0,0
19533,Đặng Gia Minh,1,1
36548,Vũ Gia Yến,0,0
4460,Vũ Ngọc Ngọc,0,0
55340,Trần Hoàng Ngọc,0,0
69784,Hoàng Trần Mai,0,0
47516,Trần Hữu Trọng,0,0
37324,Đặng Văn Thảo,0,0
54959,Đặng Thu Vi,1,1
583,Lê Quang Dương,0,0
75479,Đặng Hoàng Châu,0,0
35357,Đặng Trần Chi,0,0
17493,Bùi Hoàng Vũ,1,1
16078,Mai Đức Bảo,0,0
20182,Lê Trần Hồng,0,0
35737,Trần Kim Tùng,0,0
36522,Mai Ngọc Vân,0,0
26388,Vũ Thị Hồng,1,0
30513,Nguyễn Đức Bảo,0,0
33801,Nguyễn Đức Nam,0,0
780,Vũ Quang Linh,0,1
13008,Dương Thị Phúc,0,0
10606,Mai Văn Duyên,0,0
70032,Bùi Thu Thành,1,1
39478,Bùi Thị Linh,0,0
35492,Dương Ngọc Hương,0,0
21426,Vũ Quang Nhiên,1,1
7802,Mai Đức Khoa,0,0
36203,Nguyễn Thanh Mai,0,0
59424,Dương Ngọc Trọng,0,0
36650,Đặng Thị Yến,0,0
73589,Lê Gia Thảo,0,1
31675,Dương Ngọc Duyên,0,0
76012,Nguyễn Thu Quang,0,1
49207,Nguyễn Văn Tùng,0,1
16487,Đặng Thị Chi,0,0
66632,Đặng Văn Yến,1,1
17511,Đặng Minh Yến,0,0
76392,Hoàng Quang Châu,0,1
25101,Dương Gia Nam,0,1
71020,Bùi Đức Dũng,0,0
75082,Hoàng Thu Trọng,1,1
19118,Bùi Xuân Ánh,0,0
45787,Vũ Gia Khoa,1,1
74261,Vũ Hoàng Duyên,0,0
71628,Trần Hữu Xuân,0,0
49211,Bùi Kim Hồng,0,0
53356,Mai Minh Phúc,0,0
40330,Đặng Thu Thảo,0,1
6006,Hoàng Hữu Nam,1,1
72728,Bùi Quang Ánh,1,0
54825,Phạm Kim Thành,1,0
44765,Dương Gia Hồng,0,1
75006,Trần Thu Minh,0,1
9197,Phạm Gia Hồng,0,0
62606,Mai Thanh Vũ,0,0
66338,Bùi Kim Quang,0,0
54143,Vũ Anh Xuân,0,0
75597,Phạm Trần Nhiên,0,0
35310,Mai Văn Hoàng,0,1
43575,Vũ Anh Trọng,0,0
78542,Đặng Gia Hoàng,0,1
63336,Lê Ngọc Ngọc,1,1
66757,Bùi Anh Minh,1,1
5700,Dương Thanh Thảo,0,0
40280,Dương Ngọc Yến,0,0
59182,Nguyễn Thị Dũng,1,1
61772,Hoàng Hữu Thành,0,1
19706,Mai Quang Quang,0,0
22898,Phạm Thu Ngọc,0,1
4890,Dương Thị Hương,0,1
72923,Nguyễn Xuân Minh,0,1
12524,Dương Minh Châu,0,0
66906,Đặng Thu Vân,0,0
20078,Bùi Thị Yến,0,0
65533,Nguyễn Thu Quang,0,0
65348,Mai Quang Vi,0,0
58375,Mai Trần Hương,0,0
70020,Lê Quang Dương,0,0
61964,Dương Thanh Hoàng,0,0
77677,Vũ Xuân Nhiên,1,0
7604,Vũ Hữu Xuân,0,0
3552,Phạm Văn Anh,0,0
11646,Dương Gia Xuân,0,1
7118,Trần Hoàng Dương,0,0
79615,Đặng Thu Minh,1,1
67973,Phạm Minh Quang,0,0
71558,Đặng Văn Phúc,0,0
66309,Đặng Xuân Hương,0,0
57353,Phạm Xuân Duyên,0,0
22972,Mai Thị Nam,0,1
43277,Bùi Kim Chi,0,0
53069,Dương Hoàng Dũng,0,1
29702,Bùi Thị Linh,0,1
30918,Phạm Quang Tú,1,1
40317,Đặng Văn Bảo,0,0
39704,Vũ Hữu Phúc,1,1
56950,Nguyễn Hữu Linh,0,1
62485,Trần Kim Hồng,0,1
45907,Nguyễn Ngọc Thành,0,0
2459,Đặng Thanh Hương,0,0
70093,Nguyễn Văn Vân,0,1
36782,Lê Kim Quang,0,0
79941,Dương Kim Ngọc,0,1
74884,Lê Trần Quang,0,0
78688,Dương Xuân Châu,0,1
63207,Phạm Minh Chi,0,0
27215,Nguyễn Thị Trọng,1,1
38664,Trần Văn Khoa,0,1
21345,Lê Hữu Quang,0,0
54969,Nguyễn Hoàng Vũ,0,0
30765,Vũ Hữu Quang,0,0
79474,Lê Gia Minh,1,0
78459,Phạm Quang Duyên,0,0
64939,Dương Trần Hương,0,1
65195,Đặng Đức Mai,1,1
6110,Vũ Quang Huy,0,0
18040,Trần Thanh Hồng,0,0
28505,Lê Trần Hưng,0,0
26682,Bùi Xuân Linh,0,0
40806,Nguyễn Quang Hồng,0,0
15799,Phạm Hoàng Quang,0,1
45912,Lê Văn Thành,0,1
48564,Phạm Ngọc Vi,0,1
75989,Trần Văn Minh,0,0
4962,Hoàng Văn Khoa,0,0
13670,Lê Gia Hương,0,1
67115,Nguyễn Quang Lan,1,1
32881,Nguyễn Kim Xuân,1,1
19832,Dương Trần Thành,1,0
78756,Đặng Đức Vi,0,1
49839,Lê Quang Minh,0,0
20142,Dương Xuân Phúc,0,1
58708,Bùi Thanh Thành,0,0
79540,Nguyễn Gia Thảo,0,1
15072,Nguyễn Kim Chi,0,0
17106,Dương Anh Linh,0,0
33779,Bùi Trần Phúc,1,1
25775,Trần Ngọc Huy,0,0
42779,Lê Quang Vũ,0,0
55690,Bùi Hữu Mai,0,0
69855,Hoàng Hoàng Ngọc,0,0
59201,Đặng Anh Quang,0,0
6653,Hoàng Ngọc Ánh,1,0
42080,Hoàng Xuân Lan,0,0
669,Vũ Kim Quang,1,1
4837,Bùi Trần Quang,1,0
58983,Phạm Trần Quang,0,0
17985,Đặng Thanh Huy,0,0
17980,Mai Ngọc Trọng,1,1
39083,Hoàng Thu Huy,0,0
8842,Hoàng Hữu Tùng,0,0
12599,Lê Gia Chi,0,0
16770,Bùi Hữu Thảo,1,0
19725,Bùi Kim Trọng,0,0
44838,Vũ Ngọc Duyên,0,0
44121,Nguyễn Xuân Thành,0,0
1530,Đặng Thị Dương,0,0
28609,Lê Trần Trung,0,0
48414,Vũ Đức Vân,0,0
2105,Nguyễn Hoàng Chi,0,0
57083,Mai Xuân Vũ,1,1
69158,Phạm Hữu Hoàng,1,1
46206,Nguyễn Xuân Ánh,0,1
5077,Đặng Kim Chi,0,0
4025,Vũ Kim Lan,0,0
30466,Bùi Hoàng Châu,0,1
57003,Lê Ngọc Bảo,0,0
70489,Vũ Trần Hưng,0,1
6497,Dương Anh Duyên,0,0
13934,Hoàng Thanh Lan,0,1
63198,Bùi Quang Châu,0,1
51961,Đặng Hữu Thảo,0,0
34209,Trần Thị Hoàng,0,1
41792,Mai Minh Yến,0,0
36993,Dương Minh Hoàng,0,1
54181,Bùi Thu Duyên,0,0
61219,Nguyễn Trần Thành,0,0
54668,Đặng Đức Tú,0,0
64941,Lê Thanh Yến,0,0
29934,Trần Văn Tú,0,0
45234,Vũ Đức Hồng,0,1
637,Vũ Gia Hưng,0,0
10253,Lê Hữu Chi,0,1
18135,Mai Đức Mai,0,0
838,Phạm Trần Hoàng,0,0
16061,Trần Hoàng Linh,0,0
77012,Đặng Đức Nam,1,1
21545,Đặng Thu Hồng,0,0
45625,Dương Anh Mai,0,0
53030,Đặng Quang Vũ,0,0
16663,Lê Hoàng Nam,0,0
51416,Nguyễn Trần Tùng,0,0
32066,Vũ Kim Trọng,0,1
31483,Dương Ngọc Hồng,0,0
16130,Dương Thu Yến,1,1
31303,Vũ Kim Hương,1,1
63723,Phạm Trần Vi,0,0
19935,Phạm Hoàng Vi,1,1
6512,Vũ Thu Chi,1,1
70196,Nguyễn Gia Ánh,0,0
10225,Đặng Hữu Ngọc,0,0
23363,Mai Thanh Quang,0,0
69096,Đặng Thị Dũng,1,1
4712,Phạm Ngọc Mai,1,1
53615,Vũ Đức Duyên,0,0
25247,Hoàng Thị Lan,0,1
13086,Mai Minh Tùng,1,1
67568,Hoàng Trần Mai,0,0
64212,Trần Kim Tú,0,0
21494,Dương Anh Mai,0,0
4578,Lê Hoàng Minh,1,0
56110,Mai Thị Ánh,0,1
36582,Lê Anh Dương,1,1
22396,Mai Minh Vân,1,0
22587,Nguyễn Quang Trọng,1,1
68081,Mai Kim Ánh,0,0
74857,Dương Trần Ngọc,1,1
48829,Đặng Trần Lan,1,1
62503,Phạm Thanh Chi,0,1
72432,Dương Thị Tùng,0,0
32598,Hoàng Hoàng Ngọc,0,0
70447,Trần Minh Vân,0,0
78209,Hoàng Ngọc Duyên,0,0
30911,Vũ Trần Dũng,0,0
47479,Đặng Kim Phúc,0,0
5692,Đặng Hoàng Nam,1,1
53133,Vũ Văn Hoàng,0,1
70766,Hoàng Anh Ánh,0,0
74402,Hoàng Xuân Nam,0,1
76053,Dương Thị Dũng,0,0
60972,Phạm Xuân Dương,1,1
60804,Đặng Thu Vân,0,0
47276,Đặng Xuân Phúc,0,0
56563,Lê Anh Nam,0,0
8543,Lê Xuân Dương,0,1
12328,Đặng Ngọc Châu,1,0
51280,Phạm Văn Dũng,1,1
15397,Nguyễn Anh Duyên,0,0
42357,Đặng Hoàng Duyên,0,0
24097,Phạm Anh Thành,0,1
42544,Đặng Xuân Vân,0,0
49869,Phạm Đức Linh,0,0
33558,Nguyễn Đức Trung,0,1
37468,Đặng Ngọc Chi,0,0
67305,Nguyễn Trần Dũng,0,0
47430,Lê Minh Vi,0,1
14414,Đặng Ngọc Hồng,0,0
60728,Đặng Kim Minh,0,0
69980,Mai Kim Nam,0,0
62144,Hoàng Văn Duyên,0,0
48754,Phạm Thị Trung,0,0
64436,Bùi Anh Ánh,0,1
40112,Hoàng Trần Trọng,0,1
9195,Nguyễn Thanh Xuân,0,1
50547,Nguyễn Đức Dương,0,0
2210,Mai Hữu Thành,1,0
52062,Đặng Đức Khoa,0,0
6152,Dương Hoàng Hồng,0,0
25449,Vũ Minh Minh,0,1
68729,Mai Xuân Anh,0,0
16374,Mai Ngọc Hoàng,0,1
44040,Lê Minh Linh,0,0
36814,Bùi Thị Mai,0,0
44036,Nguyễn Hữu Yến,1,1
23456,Đặng Minh Phúc,1,0
24844,Nguyễn Thị Thảo,0,0
69923,Mai Quang Yến,0,1
54313,Lê Xuân Minh,0,1
46092,Phạm Thu Huy,1,1
14860,Bùi Hoàng Quang,0,0
41763,Bùi Quang Tùng,0,0
18234,Phạm Thu Quang,0,0
22264,Lê Hữu Khoa,0,0
60208,Mai Trần Lan,0,1
64009,Mai Văn Châu,0,0
77550,Vũ Hữu Minh,0,1
17198,Bùi Minh Linh,0,1
12240,Phạm Xuân Bảo,0,0
586,Mai Gia Châu,0,1
28688,Trần Thanh Thảo,0,1
26724,Phạm Anh Thảo,1,1
76910,Dương Văn Chi,0,1
28736,Đặng Hữu Hương,0,0
73821,Vũ Minh Mai,0,0
49203,Dương Thanh Xuân,0,0
49756,Hoàng Minh Quang,0,0
23143,Đặng Văn Vi,0,0
23331,Phạm Quang Duyên,1,1
69654,Nguyễn Trần Hoàng,0,1
78845,Nguyễn Đức Trung,0,0
365,Vũ Hoàng Hồng,0,0
11672,Đặng Hoàng Tùng,1,0
53886,Nguyễn Ngọc Chi,0,0
65376,Nguyễn Kim Ngọc,0,0
36510,Đặng Xuân Hưng,0,0
53309,Phạm Ngọc Châu,0,0
62165,Phạm Anh Dương,0,0
34433,Mai Hoàng Ngọc,0,0
44877,Lê Xuân Lan,0,0
25628,Vũ Minh Ánh,0,0
11774,Đặng Hữu Hồng,0,1
42140,Nguyễn Văn Dương,0,0
37941,Bùi Hoàng Tùng,0,0
25421,Vũ Xuân Thảo,0,0
2383,Dương Ngọc Mai,0,0
45846,Mai Thu Xuân,0,0
64832,Phạm Ngọc Dũng,0,0
69609,Mai Minh Hồng,0,0
62798,Vũ Minh Khoa,0,0
67653,Hoàng Ngọc Nhiên,0,0
27861,Mai Xuân Hương,1,1
20733,Phạm Thị Huy,0,0
63170,Phạm Gia Tùng,0,0
9978,Mai Thu Huy,0,0
68473,Nguyễn Minh Ánh,1,0
50032,Trần Gia Nhiên,0,0
869,Lê Đức Trọng,0,0
66223,Vũ Văn Dương,0,0
74129,Nguyễn Thanh Tú,0,0
924,Bùi Thị Tú,0,0
35515,Trần Văn Quang,1,1
61017,Trần Minh Vi,0,0
57670,Dương Gia Quang,0,0
43807,Lê Trần Huy,0,0
18968,Trần Hoàng Thành,0,0
61021,Phạm Gia Quang,1,1
16921,Vũ Gia Lan,0,0
16830,Đặng Hữu Vân,0,0
3531,Trần Hoàng Anh,0,0
39080,Đặng Minh Quang,1,1
74497,Trần Gia Ngọc,0,0
62160,Lê Anh Bảo,0,0
18173,Bùi Trần Anh,0,0
77914,Nguyễn Xuân Duyên,0,0
11795,Phạm Minh Hưng,0,0
41788,Lê Thị Vũ,0,0
58895,Bùi Thu Quang,0,0
45168,Dương Trần Vi,1,1
40539,Lê Đức Vũ,0,0
67624,Vũ Đức Ngọc,0,0
7781,Trần Ngọc Yến,0,1
66515,Vũ Xuân Lan,0,0
78376,Đặng Kim Vũ,0,0
6805,Trần Thanh Tú,0,0
26874,Vũ Kim Yến,0,1
13722,Trần Trần Thành,0,1
11161,Vũ Hữu Tú,0,0
35710,Nguyễn Ngọc Dũng,0,0
3836,Vũ Hữu Hương,0,1
50413,Vũ Xuân Thảo,0,0
4247,Lê Ngọc Thảo,0,1
53765,Phạm Gia Hương,0,0
70510,Phạm Ngọc Thảo,0,0
30846,Vũ Hữu Dương,0,1
60735,Hoàng Quang Anh,0,1
31341,Hoàng Hoàng Nam,0,1
53213,Bùi Thanh Dũng,1,1
16192,Vũ Gia Dương,0,0
19831,Phạm Thị Yến,0,1
57062,Phạm Hoàng Vân,0,0
42154,Dương Ngọc Ánh,0,0
459,Bùi Ngọc Ngọc,0,0
39372,Mai Hữu Dũng,0,1
76645,Nguyễn Thanh Quang,0,0
58558,Dương Văn Vân,0,0
72509,Bùi Thanh Chi,0,0
10921,Dương Thu Dương,0,1
3804,Trần Quang Duyên,1,1
26203,Phạm Văn Ánh,1,1
11331,Lê Trần Huy,0,0
5569,Đặng Xuân Ánh,0,0
60510,Hoàng Anh Hương,0,0
78182,Mai Kim Ngọc,1,1
24808,Phạm Đức Thảo,1,1
34001,Phạm Gia Quang,0,0
10037,Phạm Xuân Vi,0,0
38052,Lê Thị Vân,0,1
24977,Mai Ngọc Vi,0,1
73916,Hoàng Hoàng Dương,1,1
13455,Mai Đức Quang,0,1
51996,Nguyễn Anh Quang,0,0
39165,Nguyễn Hữu Hồng,0,1
393,Phạm Minh Tùng,0,0
65475,Hoàng Văn Vi,0,0
72790,Đặng Hoàng Mai,0,0
38406,Bùi Văn Linh,0,0
29162,Phạm Anh Duyên,0,0
47562,Vũ Gia Tùng,0,0
51735,Lê Xuân Vân,0,0
65987,Trần Minh Mai,1,1
13405,Nguyễn Hữu Vân,0,0
31214,Đặng Thu Hưng,0,0
56309,Hoàng Trần Lan,0,1
14549,Nguyễn Thu Trung,0,1
61339,Trần Thu Hưng,0,0
29737,Hoàng Anh Anh,0,1
35451,Bùi Thị Hương,0,0
39942,Mai Đức Khoa,0,0
20800,Dương Minh Châu,0,0
21733,Hoàng Gia Vân,1,1
16489,Hoàng Xuân Linh,0,1
34155,Lê Trần Hồng,0,0
24735,Dương Minh Hương,0,0
51544,Đặng Hữu Thảo,0,0
17233,Vũ Đức Thành,0,1
42838,Lê Minh Dương,1,1
49674,Dương Văn Vân,0,0
60085,Hoàng Đức Quang,0,0
66837,Bùi Anh Ngọc,1,1
59909,Hoàng Thị Quang,0,1
64515,Mai Xuân Thảo,0,0
70754,Lê Thị Hồng,1,1
36943,Dương Trần Vi,0,1
219,Vũ Minh Vũ,1,0
3569,Vũ Ngọc Anh,0,0
59446,Trần Anh Hương,0,0
20392,Hoàng Gia Chi,0,0
68053,Mai Thị Thảo,0,0
48649,Trần Đức Dương,0,1
73936,Phạm Thanh Quang,0,0
38688,Lê Minh Dương,0,0
10316,Lê Trần Linh,0,1
21754,Mai Đức Vũ,0,0
38515,Dương Kim Khoa,0,1
14094,Đặng Xuân Quang,0,0
78399,Nguyễn Quang Lan,1,1
67236,Bùi Thị Hồng,0,1
25086,Đặng Hoàng Nam,0,0
746,Hoàng Đức Minh,0,1
35623,Lê Xuân Mai,0,0
37523,Phạm Đức Vũ,1,0
53457,Trần Đức Vi,0,0
70405,Vũ Xuân Mai,0,1
28866,Dương Gia Thảo,1,0
71994,Dương Đức Hồng,0,0
32748,Trần Văn Minh,0,0
47057,Đặng Ngọc Bảo,0,1
36055,Mai Hữu Tùng,0,0
73509,Hoàng Thanh Khoa,0,1
59230,Phạm Hoàng Thảo,0,1
9544,Hoàng Minh Thảo,0,0
40137,Phạm Đức Thảo,0,1
19155,Phạm Trần Huy,0,0
37483,Trần Trần Lan,0,1
49201,Nguyễn Thu Vũ,1,1
16554,Bùi Kim Châu,0,1
55386,Trần Đức Hương,0,1
9992,Mai Thị Nam,0,0
49564,Nguyễn Văn Vân,0,0
36593,Phạm Văn Quang,0,1
45523,Lê Xuân Hương,1,1
4187,Đặng Đức Phúc,0,0
2269,Vũ Đức Nhiên,0,0
53332,Trần Anh Vũ,0,0
70427,Dương Anh Hoàng,0,0
26386,Trần Thanh Duyên,0,0
52573,Lê Trần Vân,0,0
36690,Nguyễn Đức Châu,0,1
3765,Lê Gia Hưng,0,0
25231,Bùi Thu Yến,0,1
2056,Bùi Kim Tùng,1,1
77477,Dương Hoàng Hưng,0,1
21350,Lê Ngọc Ngọc,1,0
65416,Bùi Hoàng Vân,0,0
55334,Nguyễn Văn Ánh,0,0
56488,Mai Hoàng Huy,0,1
67178,Nguyễn Hoàng Lan,0,0
3544,Bùi Đức Lan,0,0
73385,Trần Thu Châu,1,1
60119,Lê Ngọc Yến,0,0
66108,Vũ Anh Lan,0,0
19402,Bùi Văn Dũng,0,0
74896,Phạm Đức Lan,0,0
3131,Vũ Văn Mai,0,0
38335,Vũ Hữu Vũ,0,0
61126,Mai Hoàng Nam,0,0
18068,Phạm Xuân Quang,0,0
27076,Nguyễn Đức Vân,0,0
65009,Nguyễn Trần Nam,0,0
3945,Đặng Minh Hương,1,0
44796,Nguyễn Anh Hồng,0,0
20027,Hoàng Thanh Thành,0,1
46605,Lê Kim Vân,0,0
67010,Dương Quang Vũ,0,0
31005,Nguyễn Đức Minh,0,1
20968,Vũ Thị Mai,0,0
40092,Phạm Ngọc Lan,0,0
51818,Hoàng Đức Châu,0,1
2356,Đặng Kim Minh,1,1
59241,Mai Kim Tùng,0,1
30129,Trần Trần Ngọc,0,0
47306,Lê Kim Trọng,0,0
36613,Đặng Trần Xuân,0,0
39568,Dương Thu Xuân,0,0
47379,Phạm Ngọc Vân,0,0
70499,Dương Quang Vũ,0,1
74897,Mai Trần Huy,1,1
60869,Hoàng Xuân Linh,0,0
18146,Đặng Gia Hương,0,0
3302,Đặng Xuân Vi,0,0
34628,Bùi Hoàng Khoa,1,1
17217,Phạm Hữu Hưng,0,0
60927,Hoàng Hữu Hồng,0,0
72520,Vũ Ngọc Hương,1,1
65271,Trần Gia Trung,0,0
22853,Đặng Gia Dương,0,1
56221,Nguyễn Xuân Anh,0,0
23797,Phạm Thanh Ngọc,0,0
44987,Bùi Xuân Quang,0,1
54081,Mai Đức Quang,1,0
33425,Phạm Xuân Ánh,0,1
68573,Phạm Minh Bảo,0,0
40725,Dương Gia Quang,0,0
72281,Vũ Văn Tùng,0,0
14009,Vũ Đức Minh,0,1
50208,Mai Kim Nam,0,0
18569,Hoàng Văn Nam,0,1
73054,Hoàng Đức Nam,0,0
15012,Nguyễn Ngọc Hưng,0,0
39641,Mai Hữu Châu,0,1
62409,Hoàng Hữu Quang,0,0
58430,Lê Thanh Chi,0,0
32092,Đặng Gia Tùng,0,0
30166,Phạm Gia Duyên,0,0
11649,Lê Minh Hồng,1,1
63034,Đặng Thu Thảo,0,1
75120,Nguyễn Gia Tú,0,0
38255,Nguyễn Xuân Minh,0,0
10511,Dương Kim Thảo,0,1
43560,Dương Hoàng Thảo,0,1
40322,Mai Văn Ánh,0,1
50333,Bùi Thanh Duyên,0,0
28372,Đặng Trần Ngọc,0,0
21723,Mai Gia Linh,0,0
3122,Phạm Hoàng Hương,0,0
22275,Phạm Ngọc Khoa,0,0
26329,Dương Anh Thành,0,0
25236,Dương Xuân Tú,0,0
37363,Bùi Trần Châu,0,1
29137,Mai Anh Thành,1,1
58425,Nguyễn Anh Bảo,1,1
70156,Trần Đức Vũ,0,0
48277,Trần Thu Nam,0,0
50037,Nguyễn Kim Thành,1,1
53707,Trần Thanh Nhiên,0,1
60959,Hoàng Đức Nhiên,0,0
32778,Vũ Hữu Vân,0,0
5408,Dương Văn Tùng,0,0
843,Phạm Quang Nam,0,0
52321,Trần Xuân Yến,0,0
68807,Nguyễn Thu Anh,0,1
52612,Bùi Thị Trọng,0,0
22235,Trần Thanh Nam,0,0
23322,Lê Hữu Nam,0,0
55082,Nguyễn Gia Hồng,0,1
54196,Trần Đức Dũng,1,1
42263,Mai Gia Linh,1,1
23685,Phạm Văn Châu,0,0
50005,Phạm Thu Hồng,1,1
15385,Mai Hữu Vi,0,0
22248,Bùi Đức Nhiên,0,0
68721,Mai Quang Linh,0,0
39890,Hoàng Anh Khoa,0,1
49114,Dương Thanh Duyên,1,1
39112,Trần Quang Hoàng,1,1
40463,Hoàng Anh Thảo,0,0
33028,Phạm Hoàng Khoa,0,1
73039,Mai Đức Tú,0,0
36291,Đặng Hữu Ánh,0,1
18232,Đặng Gia Khoa,0,0
12509,Lê Anh Phúc,0,1
19011,Hoàng Kim Nhiên,0,1
11536,Vũ Thu Thành,0,0
34306,Phạm Trần Yến,1,0
39084,Dương Anh Duyên,0,0
73707,Dương Trần Trung,1,1
41977,Đặng Hữu Trọng,0,0
45220,Hoàng Anh Hoàng,1,1
66866,Đặng Hữu Nhiên,0,0
65035,Hoàng Kim Tùng,0,0
76385,Phạm Anh Linh,0,0
78911,Nguyễn Văn Lan,0,0
21521,Phạm Anh Nhiên,0,0
55389,Mai Thanh Nhiên,0,0
44353,Mai Hữu Phúc,0,0
68607,Mai Kim Vũ,0,0
19113,Mai Thị Nhiên,0,1
52596,Mai Xuân Hoàng,1,1
2433,Bùi Xuân Hồng,0,0
66774,Mai Thu Trọng,1,1
11205,Lê Thị Tùng,0,0
8753,Trần Kim Trọng,1,1
34783,Bùi Quang Khoa,0,0
74536,Lê Kim Ánh,0,0
51274,Phạm Thị Hương,0,0
9643,Nguyễn Anh Ngọc,0,0
60186,Mai Quang Nhiên,0,0
59282,Mai Thu Bảo,0,0
64728,Trần Ngọc Trọng,0,0
60360,Dương Thanh Quang,0,0
67071,Nguyễn Kim Xuân,0,0
7487,Phạm Văn Dũng,0,0
9410,Trần Đức Dương,0,1
42956,Trần Quang Quang,0,0
9752,Trần Kim Hoàng,0,1
66942,Bùi Gia Minh,0,0
52848,Bùi Văn Quang,0,1
55653,Phạm Xuân Nhiên,1,1
79408,Bùi Minh Khoa,0,1
56310,Phạm Minh Vân,0,0
61627,Bùi Anh Nam,1,1
9501,Phạm Thanh Nam,0,0
28965,Mai Quang Xuân,0,1
19681,Dương Xuân Hưng,0,0
1147,Vũ Xuân Châu,0,0
63361,Phạm Ngọc Quang,0,1
47340,Đặng Gia Vi,0,0
63922,Bùi Anh Vũ,0,1
46150,Phạm Kim Nam,0,0
43988,Mai Minh Vân,0,1
19727,Phạm Thanh Hồng,0,0
67971,Hoàng Kim Ánh,1,1
19897,Hoàng Quang Tùng,0,1
70687,Trần Thanh Hưng,0,0
10010,Đặng Hoàng Ngọc,0,0
39574,Mai Quang Anh,0,0
23818,Bùi Xuân Hưng,1,0
43499,Đặng Gia Yến,0,0
9274,Trần Hoàng Hưng,0,0
27410,Mai Thu Phúc,1,1
45978,Trần Kim Thành,0,0
63907,Vũ Quang Mai,1,1
70173,Mai Văn Châu,0,0
69141,Mai Anh Châu,0,1
22684,Lê Thanh Mai,0,1
23229,Mai Anh Nhiên,0,0
61809,Dương Kim Yến,0,0
78309,Vũ Xuân Hưng,0,0
48460,Bùi Hữu Quang,0,1
5961,Phạm Hữu Châu,0,0
54063,Hoàng Văn Tùng,0,0
35923,Vũ Quang Quang,0,0
43702,Nguyễn Trần Vũ,0,0
75428,Đặng Kim Hưng,1,1
75863,Hoàng Ngọc Dương,0,0
71699,Dương Trần Ngọc,0,1
6603,Vũ Xuân Thảo,1,1
79795,Bùi Thị Thảo,1,0
38290,Hoàng Minh Trọng,0,1
34371,Trần Minh Ngọc,0,0
28642,Phạm Hữu Duyên,0,0
58869,Đặng Minh Thảo,0,0
45930,Trần Thu Mai,0,0
56715,Vũ Xuân Tùng,0,0
38770,Vũ Văn Phúc,0,0
59184,Bùi Quang Trọng,0,1
56606,Bùi Văn Phúc,0,1
38037,Mai Kim Hương,0,0
70496,Phạm Văn Châu,0,1
4417,Đặng Thu Ánh,0,0
5100,Lê Xuân Quang,0,0
74065,Mai Hữu Duyên,0,0
27812,Đặng Đức Lan,0,0
4963,Mai Kim Chi,0,1
28755,Trần Quang Vi,0,0
50186,Nguyễn Thu Xuân,1,1
40031,Lê Thu Mai,0,0
33194,Lê Thu Bảo,0,0
62243,Vũ Thị Phúc,0,0
53806,Phạm Ngọc Trọng,0,1
43689,Trần Ngọc Chi,0,1
64553,Nguyễn Trần Thảo,0,0
69392,Lê Thanh Trọng,0,1
1097,Bùi Anh Hồng,0,0
14617,Mai Ngọc Duyên,0,0
20932,Bùi Kim Anh,1,1
28628,Nguyễn Kim Trung,0,0
24538,Lê Anh Khoa,0,0
15533,Đặng Quang Quang,0,1
66570,Vũ Xuân Vân,1,1
50898,Vũ Văn Xuân,0,0
37195,Nguyễn Quang Bảo,0,0
70696,Lê Hữu Hoàng,0,0
77490,Nguyễn Đức Trung,0,0
40163,Nguyễn Văn Khoa,0,0
49023,Hoàng Thị Châu,0,0
34026,Phạm Anh Ngọc,0,1
25122,Trần Thanh Vân,0,0
2737,Vũ Đức Duyên,1,1
53665,Trần Kim Phúc,0,1
1101,Nguyễn Hữu Nhiên,0,0
43123,Đặng Xuân Dũng,1,1
38951,Lê Anh Hưng,1,1
32807,Trần Ngọc Hưng,1,0
35424,Lê Thanh Vi,0,0
17889,Hoàng Xuân Châu,0,0
28042,Mai Hoàng Vi,0,0
11311,Dương Xuân Vi,0,1
61389,Lê Anh Ngọc,0,0
22014,Đặng Đức Ngọc,0,1
44442,Mai Gia Trọng,0,0
62640,Dương Hoàng Nhiên,0,0
39599,Nguyễn Đức Mai,0,0
18899,Lê Xuân Hương,0,0
46403,Vũ Minh Ánh,1,1
57728,Trần Xuân Ánh,0,0
8754,Nguyễn Xuân Bảo,0,1
46635,Hoàng Quang Tú,0,0
14137,Lê Gia Huy,0,0
69063,Hoàng Xuân Lan,0,0
73687,Dương Đức Thành,1,1
47759,Lê Anh Vân,0,0
79536,Đặng Kim Chi,0,0
79427,Phạm Thu Phúc,0,0
54706,Lê Đức Châu,0,0
32442,Dương Hữu Anh,0,1
52974,Bùi Thị Chi,0,1
71119,Trần Minh Duyên,0,1
929,Lê Gia Ánh,1,0
70606,Đặng Hữu Vi,1,1
28057,Vũ Đức Trọng,0,0
55600,Phạm Đức Yến,0,0
71318,Phạm Đức Hồng,0,0
72197,Dương Hữu Hoàng,1,1
75889,Dương Minh Vân,0,1
40184,Bùi Đức Hương,0,0
11240,Nguyễn Thị Hương,0,0
23214,Hoàng Minh Phúc,1,1
67083,Trần Hoàng Thành,0,1
16429,Dương Anh Thảo,0,0
12916,Lê Hoàng Hương,1,1
53928,Vũ Văn Vũ,0,0
41120,Trần Kim Dương,0,0
44963,Hoàng Đức Hồng,0,0
67170,Hoàng Thanh Tùng,1,1
39633,Mai Kim Tùng,0,0
28953,Dương Kim Dũng,0,1
42783,Phạm Xuân Nhiên,0,0
72827,Mai Kim Dương,0,0
60544,Dương Kim Quang,0,0
45201,Dương Anh Quang,0,0
70763,Vũ Hữu Hoàng,0,0
74318,Lê Hữu Thảo,0,0
15582,Phạm Đức Yến,0,0
18798,Dương Đức Vi,0,0
77758,Bùi Quang Thảo,0,0
54498,Mai Quang Hồng,0,0
41641,Đặng Anh Mai,1,1
18589,Vũ Hoàng Huy,0,0
14528,Mai Hoàng Tú,0,0
39043,Vũ Ngọc Thảo,0,0
32546,Nguyễn Quang Bảo,0,0
7451,Lê Anh Yến,0,0
50385,Dương Hoàng Xuân,0,0
72530,Vũ Gia Nam,1,1
12956,Bùi Thị Vi,1,1
33289,Mai Anh Trọng,1,0
47485,Bùi Gia Dương,0,1
13186,Lê Đức Trung,1,1
32550,Lê Minh Ánh,0,0
37215,Hoàng Quang Anh,0,0
49265,Bùi Thu Trọng,0,1
74875,Mai Đức Minh,0,1
47549,Bùi Văn Duyên,0,1
4428,Nguyễn Thị Vũ,1,1
41783,Trần Hữu Tùng,0,1
75894,Hoàng Thu Hồng,0,0
6771,Phạm Thị Vũ,0,0
7638,Hoàng Đức Vi,0,0
34375,Trần Minh Phúc,0,0
66762,Lê Đức Yến,1,1
22257,Nguyễn Quang Khoa,0,1
61476,Trần Ngọc Quang,0,0
79460,Bùi Trần Thành,0,0
34795,Mai Gia Khoa,0,0
56685,Bùi Xuân Ngọc,0,1
56053,Dương Văn Yến,0,0
69754,Nguyễn Thanh Lan,0,0
10817,Mai Ngọc Lan,0,0
64094,Nguyễn Đức Hoàng,0,0
27219,Phạm Thị Khoa,0,0
20796,Lê Hữu Tú,0,1
14874,Phạm Văn Vũ,1,1
71336,Trần Thanh Hưng,0,0
2286,Lê Đức Mai,0,1
24658,Đặng Hoàng Phúc,0,0
11648,Hoàng Văn Khoa,0,0
42343,Mai Quang Yến,0,0
59685,Trần Trần Dũng,0,1
1772,Trần Hoàng Huy,0,0
74275,Hoàng Hoàng Duyên,0,0
34776,Bùi Ngọc Xuân,0,0
1079,Vũ Thanh Mai,0,1
15169,Lê Xuân Duyên,0,1
46816,Mai Ngọc Nhiên,0,0
55673,Phạm Hữu Thành,0,0
62178,Vũ Xuân Ngọc,0,1
42166,Trần Thị Tú,0,0
63325,Nguyễn Thanh Trung,0,0
50326,Đặng Hoàng Tú,0,0
340,Bùi Hoàng Chi,1,1
76856,Hoàng Thanh Quang,0,1
15205,Nguyễn Trần Linh,0,1
38172,Phạm Anh Xuân,1,1
35644,Dương Hoàng Thành,0,0
30113,Hoàng Minh Khoa,1,1
9048,Đặng Kim Thành,0,0
2935,Trần Đức Duyên,0,0
62415,Đặng Văn Phúc,0,0
35088,Mai Đức Lan,0,0
24535,Phạm Thanh Phúc,1,1
19882,Trần Văn Anh,0,0
59012,Hoàng Thị Nam,0,0
10975,Trần Thị Anh,0,0
79375,Dương Văn Vân,0,0
17195,Nguyễn Văn Xuân,1,0
23632,Hoàng Hoàng Ánh,0,0
62157,Dương Ngọc Tùng,0,1
51362,Phạm Văn Lan,0,0
8473,Đặng Văn Dũng,0,0
5080,Mai Xuân Phúc,0,0
64157,Vũ Gia Hoàng,0,0
50247,Lê Hữu Trọng,0,0
61323,Bùi Gia Thảo,0,0
24739,Nguyễn Gia Thành,0,1
74223,Lê Hoàng Chi,0,1
14330,Phạm Thu Quang,1,1
41995,Nguyễn Gia Hương,0,1
5905,Mai Gia Hồng,0,0
22409,Nguyễn Minh Dương,0,1
24820,Đặng Hoàng Yến,1,0
34021,Vũ Thu Hồng,1,1
3732,Vũ Văn Vi,0,0
24794,Dương Thị Nam,0,0
79138,Dương Thanh Lan,0,0
12473,Mai Kim Vân,0,0
19042,Nguyễn Gia Dương,0,0
5774,Hoàng Anh Hồng,0,1
55880,Lê Kim Khoa,1,1
7603,Mai Thanh Xuân,0,0
30100,Trần Thanh Nam,1,1
58603,Đặng Hoàng Lan,0,0
39390,Lê Đức Dương,1,1
68852,Dương Thị Quang,0,0
52073,Vũ Thị Nhiên,0,1
22942,Mai Anh Hoàng,0,1
66926,Lê Quang Thảo,0,0
13514,Bùi Văn Vân,1,1
53675,Bùi Gia Xuân,1,1
27253,Bùi Trần Nhiên,1,0
50343,Mai Xuân Hưng,0,0
77223,Lê Ngọc Ánh,0,1
41689,Bùi Minh Tùng,0,1
35847,Dương Minh Ngọc,0,0
31510,Dương Hoàng Hương,0,1
36188,Hoàng Thanh Hương,0,0
10573,Dương Quang Vũ,0,0
7694,Mai Quang Vân,0,0
71783,Nguyễn Văn Xuân,0,0
63672,Đặng Kim Quang,1,1
67649,Hoàng Quang Thảo,0,0
49866,Đặng Quang Thảo,1,1
27007,Phạm Kim Tú,0,0
16783,Hoàng Trần Vi,0,0
38043,Vũ Kim Huy,0,0
51739,Trần Văn Phúc,0,0
63478,Dương Trần Vân,0,1
50434,Hoàng Xuân Minh,0,1
74263,Hoàng Thị Vũ,0,0
68606,Phạm Ngọc Phúc,0,0
38211,Vũ Quang Xuân,0,1
41774,Vũ Kim Châu,0,0
61395,Mai Kim Minh,0,1
67543,Dương Ngọc Hương,0,0
75378,Nguyễn Hữu Ánh,0,0
5175,Đặng Ngọc Vũ,0,1
73769,Trần Ngọc Chi,1,1
70315,Vũ Thu Quang,0,1
29573,Đặng Minh Thành,1,1
45779,Nguyễn Hoàng Vân,1,0
55773,Vũ Trần Bảo,0,1
484,Dương Hoàng Thành,0,1
62844,Hoàng Hoàng Linh,1,1
76204,Dương Anh Ngọc,0,1
34440,Trần Văn Ngọc,0,0
78390,Mai Thanh Tùng,0,0
45498,Đặng Quang Ánh,0,0
25996,Lê Anh Trung,0,1
29771,Bùi Ngọc Ánh,0,0
16238,Hoàng Ngọc Chi,0,0
25633,Mai Trần Vân,0,0
7672,Đặng Văn Thảo,0,0
15096,Bùi Văn Thành,0,0
57070,Dương Trần Yến,0,0
64880,Mai Minh Mai,0,1
79649,Mai Ngọc Ánh,0,1
52844,Mai Hữu Mai,0,0
23664,Phạm Thu Chi,0,0
9238,Hoàng Gia Vi,0,1
58279,Hoàng Xuân Chi,0,0
54619,Lê Trần Lan,0,1
64929,Nguyễn Đức Duyên,0,1
30483,Dương Minh Huy,0,0
7799,Đặng Anh Trung,0,1
1860,Bùi Anh Linh,0,0
8928,Dương Quang Trung,0,0
21699,Hoàng Thanh Trọng,0,1
4392,Nguyễn Trần Ngọc,0,0
29225,Lê Thị Thành,0,0
48490,Trần Trần Thảo,0,0
20083,Mai Đức Ánh,0,0
61053,Vũ Hữu Xuân,0,0
23512,Trần Hoàng Dũng,0,1
79406,Trần Ngọc Thảo,0,0
37415,Lê Trần Yến,0,1
22976,Hoàng Đức Thành,0,0
41059,Hoàng Thị Quang,0,1
66783,Bùi Gia Thành,0,0
58785,Trần Ngọc Phúc,1,0
72781,Bùi Gia Hương,1,1
48607,Hoàng Kim Xuân,0,0
48588,Bùi Trần Yến,0,1
77518,Đặng Anh Hồng,1,1
36759,Phạm Đức Chi,0,1
17199,Trần Ngọc Vi,0,0
39292,Trần Văn Bảo,0,0
19117,Dương Ngọc Linh,0,0
41775,Bùi Thu Duyên,0,0
11983,Dương Kim Linh,1,1
77328,Mai Văn Hồng,0,1
43478,Bùi Hoàng Hồng,0,0
59977,Bùi Thanh Chi,0,1
61880,Dương Minh Quang,0,0
48889,Trần Xuân Vân,0,0
60898,Mai Trần Ánh,0,0
71814,Đặng Hữu Mai,0,0
2662,Phạm Đức Lan,0,0
18261,Vũ Đức Hoàng,0,1
40561,Dương Quang Hưng,0,0
12442,Đặng Đức Ánh,0,0
54779,Hoàng Xuân Trọng,0,0
37743,Dương Hoàng Hoàng,0,0
72043,Vũ Đức Quang,0,0
40563,Đặng Xuân Vi,0,0
37292,Mai Trần Mai,0,0
65119,Hoàng Anh Thảo,0,0
61702,Vũ Xuân Ngọc,0,0
65480,Nguyễn Văn Hồng,0,0
12711,Phạm Thị Ánh,0,0
21109,Mai Thanh Quang,0,0
67082,Vũ Hữu Khoa,0,0
58325,Trần Kim Trung,0,1
48655,Phạm Thanh Yến,0,0
39591,Bùi Trần Châu,0,0
19180,Đặng Quang Hưng,0,1
15026,Lê Đức Yến,1,0
39839,Trần Văn Khoa,0,0
11522,Lê Anh Thảo,0,0
23287,Nguyễn Trần Hưng,1,1
78204,Đặng Trần Nam,0,0
54096,Vũ Đức Minh,0,0
49771,Hoàng Xuân Ngọc,0,0
521,Vũ Quang Hoàng,0,0
5627,Lê Kim Tú,0,1
52340,Lê Thị Vi,0,1
11654,Mai Hữu Vũ,0,0
76242,Hoàng Kim Yến,1,1
5045,Phạm Thu Vũ,0,0
73143,Mai Hữu Hoàng,0,0
14335,Vũ Thị Vũ,0,0
8758,Phạm Hữu Quang,0,1
49907,Lê Quang Vi,0,0
11356,Lê Thị Vi,0,0
7733,Bùi Văn Châu,0,0
936,Mai Hữu Anh,0,0
78998,Hoàng Thu Vi,0,1
870,Dương Quang Chi,0,0
5727,Đặng Hữu Khoa,0,1
73655,Trần Anh Vi,0,1
5145,Bùi Đức Linh,0,1
50948,Lê Thu Trung,0,0
3790,Đặng Thu Quang,0,1
27566,Vũ Thị Dương,0,1
73451,Hoàng Kim Vũ,0,1
9557,Vũ Xuân Minh,0,0
24432,Vũ Xuân Linh,0,0
4322,Trần Thị Dương,0,0
41936,Lê Kim Quang,0,1
56847,Đặng Thanh Duyên,0,0
70652,Hoàng Gia Quang,0,1
41696,Dương Thị Trung,0,0
12171,Hoàng Thu Nam,0,1
17265,Dương Gia Nam,1,0
2232,Dương Anh Anh,0,1
26980,Trần Hoàng Hương,0,0
2598,Trần Kim Linh,0,0
55687,Mai Văn Hưng,0,1
72014,Vũ Xuân Minh,0,1
58450,Vũ Minh Châu,1,1
78690,Nguyễn Gia Ngọc,0,0
37298,Vũ Gia Xuân,0,1
12235,Phạm Hoàng Lan,0,1
51299,Vũ Quang Vũ,0,0
8355,Phạm Gia Linh,1,0
55587,Trần Hoàng Trọng,0,0
5909,Trần Thanh Xuân,0,0
25416,Phạm Gia Mai,0,0
30011,Hoàng Thanh Hoàng,0,0
39287,Đặng Minh Quang,0,0
73965,Trần Đức Huy,0,1
33938,Mai Quang Dương,0,0
13755,Hoàng Quang Hoàng,0,0
43965,Trần Thanh Tùng,0,0
62764,Đặng Ngọc Châu,0,0
21942,Bùi Thị Ánh,0,0
20191,Bùi Hữu Quang,0,0
29649,Mai Văn Vi,0,0
28173,Đặng Thanh Vũ,1,1
68276,Nguyễn Văn Thành,0,1
13776,Vũ Xuân Huy,0,1
38762,Bùi Ngọc Trọng,0,0
41697,Đặng Quang Dương,1,1
19094,Vũ Thị Hồng,0,1
61369,Vũ Quang Trọng,0,0
39782,Nguyễn Kim Dũng,0,0
10677,Đặng Gia Trọng,0,0
43665,Dương Trần Hưng,0,0
11915,Đặng Ngọc Lan,0,1
43609,Lê Đức Ánh,1,1
54289,Nguyễn Thanh Minh,0,0
49784,Mai Ngọc Hồng,0,0
50473,Mai Thị Chi,0,0
21405,Bùi Ngọc Dũng,0,0
28228,Vũ Thị Anh,0,0
9127,Nguyễn Gia Thảo,0,0
66487,Vũ Đức Phúc,0,1
77008,Bùi Hữu Thành,0,0
43366,Mai Anh Tùng,0,0
29673,Lê Hoàng Lan,0,0
53453,Mai Kim Phúc,0,0
55736,Mai Ngọc Nam,0,0
43372,Trần Xuân Xuân,0,0
9684,Bùi Thu Duyên,0,1
27432,Trần Đức Tùng,0,0
74359,Trần Ngọc Anh,0,0
40911,Mai Hoàng Huy,0,0
1647,Đặng Hoàng Mai,0,1
19284,Nguyễn Quang Trọng,0,1
4881,Dương Văn Chi,0,0
31244,Hoàng Ngọc Lan,0,0
77770,Dương Anh Huy,0,0
46917,Dương Gia Nhiên,0,0
51396,Lê Anh Vũ,0,1
35250,Mai Minh Vi,0,0
66999,Bùi Văn Anh,0,0
60561,Bùi Xuân Phúc,0,0
29318,Trần Ngọc Minh,0,1
32087,Bùi Minh Duyên,0,0
34044,Hoàng Trần Trọng,0,0
59211,Mai Trần Lan,0,0
72164,Dương Xuân Vi,0,0
44548,Phạm Đức Duyên,1,1
25727,Hoàng Ngọc Tùng,0,0
71450,Lê Xuân Quang,0,1
41756,Hoàng Gia Hương,0,1
13690,Lê Ngọc Dũng,1,1
8737,Vũ Thanh Ngọc,0,0
59055,Đặng Thị Hồng,0,0
1307,Nguyễn Trần Dũng,0,0
72809,Đặng Thu Chi,0,0
15935,Dương Xuân Ánh,0,1
77202,Mai Hữu Trung,0,1
75117,Vũ Đức Lan,0,0
1887,Mai Anh Dũng,1,1
19595,Trần Anh Xuân,0,0
7628,Đặng Hoàng Linh,0,0
1276,Vũ Thị Mai,0,1
61102,Hoàng Thu Thành,0,1
5295,Vũ Hữu Thảo,0,0
48152,Dương Thị Chi,0,0
71575,Nguyễn Ngọc Tùng,0,1
78373,Hoàng Anh Tú,1,1
74697,Nguyễn Gia Ánh,0,1
66463,Hoàng Minh Nam,0,0
79197,Trần Thu Hương,0,0
8035,Hoàng Trần Huy,1,1
55465,Bùi Anh Mai,0,1
65172,Phạm Anh Xuân,0,0
75606,Bùi Thu Nhiên,0,0
6989,Hoàng Thị Quang,0,0
41230,Phạm Trần Ánh,0,0
52491,Dương Gia Ánh,0,0
14262,Trần Gia Lan,0,0
16433,Lê Trần Châu,0,0
30411,Bùi Hoàng Hưng,0,1
55260,Bùi Xuân Vũ,0,0
45154,Mai Thu Vi,0,0
29188,Nguyễn Hữu Linh,0,1
74207,Mai Thanh Chi,0,1
50847,Nguyễn Ngọc Tùng,0,0
73571,Lê Hữu Hoàng,0,0
35300,Mai Thị Hương,0,0
19376,Nguyễn Đức Minh,0,0
23146,Phạm Thanh Vi,1,0
5665,Trần Gia Ánh,0,0
46350,Lê Hoàng Hưng,1,1
74621,Bùi Anh Vũ,0,0
44791,Bùi Trần Phúc,1,0
21949,Lê Thị Mai,0,0
21480,Lê Xuân Hương,0,0
66488,Bùi Hữu Tùng,0,1
22778,Đặng Thị Trọng,0,1
12537,Hoàng Anh Vân,0,0
10330,Dương Văn Nam,1,0
78126,Mai Xuân Hoàng,0,1
71817,Hoàng Đức Ngọc,0,1
46284,Dương Thu Anh,0,0
23123,Trần Thanh Quang,0,1
9668,Mai Quang Phúc,0,0
49588,Phạm Thu Anh,0,1
22963,Lê Thanh Vi,1,1
29377,Đặng Văn Mai,0,1
8189,Bùi Hữu Trung,1,1
44564,Bùi Đức Ánh,0,0
76944,Vũ Hữu Dương,1,1
76588,Nguyễn Kim Lan,0,0
49847,Đặng Văn Linh,0,0
43481,Đặng Đức Tú,0,0
45403,Hoàng Hữu Mai,0,0
10587,Vũ Quang Mai,0,0
73192,Hoàng Thu Trung,1,1
68356,Bùi Hoàng Tùng,0,1
70453,Nguyễn Anh Khoa,0,0
6177,Trần Trần Minh,0,0
24421,Dương Thị Nhiên,1,1
69877,Dương Thanh Vi,1,1
44810,Bùi Anh Yến,0,0
1751,Trần Thanh Thảo,0,0
26670,Vũ Đức Thảo,1,1
39785,Nguyễn Kim Tùng,0,0
76260,Phạm Hữu Minh,0,1
40410,Trần Trần Duyên,0,0
33504,Mai Ngọc Ngọc,1,1
38677,Mai Thị Hồng,0,0
1803,Mai Thu Dũng,1,1
55720,Nguyễn Gia Vũ,0,0
49629,Hoàng Thị Dương,0,1
17673,Hoàng Văn Thành,0,0
59456,Hoàng Quang Vũ,0,1
17638,Mai Quang Hồng,1,1
28598,Nguyễn Đức Chi,0,0
24962,Mai Hữu Hoàng,0,0
14206,Bùi Anh Dũng,1,1
38051,Hoàng Gia Quang,0,1
11466,Bùi Trần Thành,1,1
50611,Bùi Trần Dương,0,1
1275,Phạm Minh Dũng,0,0
3861,Hoàng Kim Chi,0,1
70424,Bùi Quang Ngọc,0,1
48958,Đặng Anh Khoa,0,0
15593,Nguyễn Anh Minh,0,1
64713,Đặng Thu Anh,0,0
17786,Nguyễn Hữu Hồng,0,0
24491,Lê Anh Khoa,1,1
78603,Đặng Minh Châu,0,0
10239,Nguyễn Anh Thành,0,0
29502,Đặng Kim Duyên,0,1
66089,Phạm Trần Vũ,0,0
48445,Bùi Ngọc Duyên,0,0
74647,Dương Hoàng Quang,0,0
24112,Nguyễn Anh Trung,0,0
5693,Trần Anh Hồng,0,0
41546,Đặng Trần Hưng,0,0
59968,Lê Minh Trung,0,1
28237,Bùi Thị Huy,0,1
70326,Đặng Minh Duyên,0,1
68463,Nguyễn Quang Thảo,0,0
26185,Nguyễn Hoàng Vi,0,0
13100,Lê Văn Châu,0,0
25684,Dương Hoàng Dương,0,0
76221,Lê Gia Xuân,0,0
35323,Hoàng Gia Hưng,0,0
19012,Hoàng Thị Trọng,1,1
45505,Vũ Ngọc Hương,1,0
47297,Dương Thị Chi,0,0
51253,Mai Minh Lan,0,0
11726,Hoàng Kim Trọng,0,1
66586,Hoàng Thu Mai,0,0
12334,Vũ Đức Vân,0,0
36513,Đặng Thị Duyên,0,0
51745,Hoàng Quang Vân,1,1
45358,Phạm Thanh Anh,1,1
1240,Vũ Kim Vũ,0,0
25939,Đặng Thanh Hưng,0,0
52272,Dương Văn Mai,0,0
50738,Mai Quang Vân,0,0
55672,Dương Quang Khoa,0,1
18542,Dương Kim Hưng,0,0
48184,Đặng Kim Duyên,1,0
60901,Dương Kim Ánh,0,0
23504,Đặng Ngọc Bảo,0,0
69403,Lê Hoàng Dương,0,0
13319,Vũ Đức Ngọc,1,1
9067,Vũ Thị Quang,0,0
19105,Dương Văn Thảo,0,0
33063,Dương Xuân Vi,0,1
61327,Lê Minh Khoa,0,1
30524,Trần Hữu Nhiên,0,0
67306,Đặng Thanh Thành,0,0
2326,Đặng Thu Ánh,0,0
16146,Đặng Văn Linh,0,0
60391,Đặng Thị Vân,1,1
46015,Hoàng Hữu Thành,0,0
1699,Lê Văn Yến,1,0
76048,Bùi Gia Huy,0,0
52617,Nguyễn Minh Yến,0,1
28135,Nguyễn Hữu Duyên,0,1
14787,Nguyễn Hữu Hưng,1,1
39038,Bùi Gia Duyên,0,0
63407,Lê Minh Minh,0,0
49447,Vũ Minh Ngọc,1,1
17197,Trần Kim Vũ,0,0
38160,Mai Anh Bảo,1,1
11896,Lê Kim Tú,0,0
14650,Mai Minh Tùng,1,1
75475,Trần Văn Dũng,1,1
8267,Trần Xuân Minh,0,0
26674,Hoàng Anh Tùng,0,0
41924,Đặng Trần Nhiên,0,0
40830,Nguyễn Đức Nhiên,1,1
42540,Đặng Quang Trọng,0,0
68999,Trần Kim Trung,0,0
34567,Trần Ngọc Minh,0,1
64912,Hoàng Quang Trọng,0,1
36421,Trần Văn Ánh,0,1
8415,Hoàng Thu Nhiên,0,0
12972,Đặng Minh Linh,0,0
13542,Trần Gia Xuân,1,1
66623,Hoàng Hoàng Duyên,0,1
18535,Phạm Trần Trọng,0,0
43285,Mai Xuân Anh,0,1
74025,Mai Gia Tùng,1,0
71374,Trần Minh Yến,0,0
58513,Bùi Quang Hương,0,0
39342,Lê Thu Chi,0,0
19107,Phạm Thị Minh,0,0
33318,Dương Hoàng Thảo,0,1
49720,Hoàng Thị Trung,0,0
62300,Phạm Trần Phúc,0,0
66363,Mai Hoàng Ánh,0,0
44804,Nguyễn Thanh Anh,0,0
15148,Lê Trần Minh,0,1
23451,Hoàng Quang Hoàng,0,0
74652,Vũ Xuân Nam,0,0
10794,Dương Gia Anh,0,0
9323,Dương Văn Vi,1,1
46325,Phạm Gia Thảo,0,1
63414,Trần Thanh Quang,0,0
50998,Đặng Anh Huy,0,1
18639,Mai Anh Vân,1,0
16687,Phạm Xuân Hoàng,0,0
11811,Nguyễn Hoàng Ánh,1,1
5815,Lê Ngọc Linh,0,0
9393,Mai Văn Thảo,0,1
14024,Vũ Hữu Vũ,0,0
27177,Bùi Trần Trọng,0,0
56088,Dương Thanh Hưng,0,1
68842,Nguyễn Hữu Thành,0,0
78964,Dương Trần Phúc,0,1
5751,Phạm Đức Linh,0,0
8358,Bùi Gia Hương,0,0
36966,Đặng Minh Linh,1,0
76980,Trần Thu Chi,0,1
38024,Trần Thị Quang,0,0
39925,Hoàng Gia Ánh,1,1
39132,Nguyễn Thanh Ánh,0,0
29417,Đặng Văn Hưng,1,1
59838,Lê Gia Ngọc,0,0
28410,Lê Văn Duyên,0,0
42862,Phạm Quang Mai,0,0
55571,Phạm Ngọc Xuân,1,1
71936,Bùi Kim Thành,0,0
17204,Đặng Trần Vi,1,1
20879,Mai Hoàng Phúc,0,0
26112,Mai Thị Tú,1,1
3715,Nguyễn Xuân Yến,0,1
66551,Lê Gia Thảo,0,1
22702,Phạm Thanh Hương,0,0
12323,Lê Minh Hưng,0,0
36563,Phạm Gia Lan,0,1
47636,Nguyễn Xuân Linh,0,1
69951,Nguyễn Anh Bảo,0,0
37625,Lê Kim Hoàng,0,0
37707,Lê Đức Nam,0,0
38958,Nguyễn Thanh Hồng,0,0
616,Vũ Ngọc Chi,0,0
20718,Bùi Hữu Hoàng,0,0
79918,Nguyễn Văn Hương,1,1
75850,Vũ Minh Hồng,0,1
63093,Nguyễn Hữu Lan,1,1
57557,Đặng Đức Vân,1,1
26512,Mai Hoàng Anh,0,1
19881,Bùi Gia Ánh,0,1
22696,Hoàng Kim Dũng,0,0
67077,Bùi Hoàng Minh,0,1
61487,Dương Trần Xuân,0,0
37167,Trần Ngọc Quang,0,1
39848,Phạm Kim Linh,0,0
69898,Phạm Thanh Huy,0,0
40193,Hoàng Trần Nhiên,0,0
67174,Mai Minh Châu,0,1
67750,Nguyễn Xuân Tùng,0,0
78528,Lê Văn Lan,0,0
78291,Đặng Gia Bảo,0,1
75239,Đặng Thu Trọng,0,0
13465,Phạm Thị Hương,0,0
16128,Vũ Hữu Bảo,0,0
65462,Lê Ngọc Chi,0,0
77778,Bùi Hoàng Lan,0,1
21211,Dương Trần Yến,0,0
57185,Lê Hữu Khoa,0,0
40475,Trần Kim Hồng,0,0
57741,Vũ Anh Hưng,0,0
24614,Bùi Thị Hương,0,1
13370,Vũ Thanh Nam,0,0
41199,Đặng Kim Dũng,0,0
79921,Lê Thu Thảo,1,0
55775,Nguyễn Anh Châu,0,0
42908,Nguyễn Hữu Trung,0,0
19323,Vũ Quang Tú,0,0
11686,Nguyễn Văn Trọng,0,0
67781,Vũ Thu Nam,0,1
73854,Nguyễn Trần Lan,0,1
51446,Đặng Thị Ánh,0,0
1898,Bùi Hoàng Thảo,0,0
74416,Bùi Anh Dương,0,0
39150,Lê Hoàng Châu,0,0
24670,Nguyễn Quang Quang,0,1
19020,Bùi Ngọc Yến,0,0
25723,Mai Văn Hưng,0,0
17962,Nguyễn Thị Vân,1,1
39203,Hoàng Trần Mai,0,1
7086,Vũ Gia Thảo,0,0
26414,Đặng Anh Quang,1,0
19941,Đặng Quang Nam,1,1
60339,Dương Thị Lan,0,0
59286,Nguyễn Hữu Quang,0,1
72887,Bùi Anh Dương,0,0
30850,Hoàng Đức Quang,0,0
32381,Trần Hữu Thành,0,0
14274,Đặng Xuân Khoa,0,0
17989,Vũ Hoàng Ngọc,0,0
37031,Lê Kim Ánh,0,0
68176,Đặng Gia Dương,0,0
21093,Mai Kim Anh,0,0
17540,Vũ Quang Trọng,1,0
62824,Lê Thị Tú,1,1
77696,Nguyễn Hoàng Bảo,0,0
820,Phạm Hoàng Duyên,0,0
67796,Lê Văn Dương,0,1
47982,Hoàng Quang Trung,0,1
9917,Phạm Thanh Dương,0,0
42808,Vũ Thanh Khoa,0,0
71140,Lê Xuân Vũ,0,1
25818,Hoàng Văn Lan,0,1
59929,Lê Thanh Vân,0,0
42145,Vũ Trần Duyên,0,0
50132,Dương Ngọc Nhiên,1,1
59998,Đặng Gia Ánh,0,0
4886,Phạm Minh Vi,0,1
78092,Vũ Quang Anh,0,0
56576,Dương Thu Nam,0,0
27951,Vũ Anh Trung,0,0
21025,Dương Quang Yến,0,0
67913,Mai Anh Dương,0,0
62894,Hoàng Văn Dũng,0,0
51560,Phạm Thu Dương,0,0
9548,Lê Anh Châu,0,0
51080,Lê Hoàng Huy,0,0
73091,Nguyễn Thị Tú,0,0
32020,Bùi Đức Ngọc,0,1
64851,Phạm Hoàng Xuân,0,0
57262,Dương Văn Duyên,0,0
20432,Mai Minh Lan,0,1
12779,Trần Xuân Linh,0,0
52082,Bùi Trần Hương,1,0
10043,Phạm Xuân Chi,0,0
15825,Nguyễn Quang Tùng,0,0
51966,Lê Trần Nam,0,0
30502,Trần Trần Thảo,0,0
4794,Hoàng Xuân Lan,0,0
2529,Đặng Anh Châu,0,0
31310,Đặng Hữu Xuân,0,0
3539,Hoàng Hoàng Phúc,0,0
40834,Đặng Quang Quang,1,1
69155,Trần Văn Chi,0,0
13313,Bùi Anh Hương,0,0
60887,Mai Đức Phúc,0,0
8551,Phạm Thị Dũng,1,0
11412,Vũ Anh Châu,0,0
45427,Vũ Hữu Hưng,0,0
35376,Mai Hữu Anh,0,1
9876,Mai Đức Tùng,1,1
10191,Bùi Kim Ngọc,1,1
61131,Nguyễn Đức Thành,0,0
27878,Hoàng Thu Mai,0,0
25221,Trần Gia Hoàng,0,0
44186,Mai Anh Thảo,0,0
48075,Nguyễn Ngọc Ngọc,0,0
56838,Nguyễn Thị Hương,0,1
21360,Lê Ngọc Vi,1,1
75414,Vũ Trần Chi,0,0
7765,Phạm Trần Trung,0,0
70589,Đặng Hữu Trung,0,0
10760,Đặng Đức Huy,0,0
31603,Đặng Văn Quang,1,1
14658,Vũ Thanh Yến,1,1
74088,Dương Xuân Hương,0,1
3803,Bùi Gia Vũ,0,0
8045,Phạm Thu Thảo,0,0
14090,Vũ Ngọc Duyên,0,0
32628,Dương Ngọc Hưng,0,0
23707,Đặng Xuân Quang,1,1
48881,Vũ Văn Quang,0,0
27897,Nguyễn Ngọc Dũng,0,0
38552,Bùi Hoàng Chi,1,1
40900,Trần Gia Nhiên,0,0
26522,Hoàng Văn Huy,0,1
12056,Đặng Thị Nhiên,0,0
46740,Vũ Trần Thành,1,1
45962,Vũ Anh Tùng,0,0
27795,Vũ Đức Lan,0,0
27633,Nguyễn Văn Bảo,0,0
23314,Trần Hoàng Xuân,0,1
35046,Lê Hữu Thành,0,0
46980,Lê Trần Châu,0,0
12814,Trần Văn Khoa,0,0
60361,Vũ Thu Mai,0,0
45623,Vũ Anh Hương,1,1
49332,Bùi Quang Mai,1,0
13315,Trần Ngọc Duyên,0,1
17009,Hoàng Xuân Châu,1,1
70732,Bùi Hữu Ánh,0,0
51658,Trần Hoàng Quang,1,1
44988,Bùi Ngọc Dương,0,0
76297,Đặng Ngọc Hương,0,0
6470,Bùi Minh Phúc,0,0
24540,Đặng Thu Vũ,0,1
74355,Dương Trần Linh,0,0
22913,Trần Văn Mai,1,1
42757,Hoàng Văn Hương,0,0
31666,Lê Thanh Trọng,0,0
52927,Nguyễn Xuân Ánh,0,0
24726,Mai Đức Anh,1,1
57031,Bùi Quang Anh,0,0
29169,Đặng Trần Duyên,1,1
60915,Phạm Thị Hồng,0,0
73322,Lê Minh Thảo,0,1
11325,Dương Hoàng Thành,0,1
63309,Lê Kim Dũng,1,1
31207,Mai Hữu Trung,0,0
58278,Nguyễn Kim Mai,1,1
3586,Bùi Đức Minh,0,0
11032,Đặng Ngọc Ngọc,0,1
44212,Phạm Minh Minh,0,0
30358,Vũ Minh Linh,0,0
57449,Trần Ngọc Chi,0,1
25357,Đặng Thị Nam,0,1
32484,Bùi Thị Ánh,0,0
29515,Dương Thanh Mai,0,0
30372,Trần Thanh Thảo,1,1
63410,Lê Quang Vi,0,0
44554,Đặng Hoàng Hoàng,0,0
16746,Lê Hữu Xuân,0,0
38457,Mai Anh Huy,0,1
22711,Bùi Đức Ngọc,0,0
20186,Bùi Hữu Hoàng,0,0
50983,Hoàng Quang Dương,0,1
22873,Bùi Trần Nam,0,0
60543,Vũ Xuân Tùng,1,1
38576,Bùi Ngọc Dương,0,0
73197,Đặng Trần Hương,0,1
37533,Trần Đức Ngọc,0,0
73583,Dương Trần Hương,0,0
77634,Nguyễn Gia Trung,0,0
62066,Đặng Hoàng Hương,0,0
5742,Hoàng Ngọc Tùng,0,0
70936,Phạm Đức Minh,0,0
61224,Bùi Văn Hưng,0,1
60882,Mai Gia Thảo,0,0
4005,Trần Thanh Bảo,0,0
46496,Lê Đức Dương,0,0
45709,Vũ Minh Vũ,0,1
23063,Lê Gia Dũng,0,0
17838,Hoàng Thanh Tú,0,1
40618,Trần Hữu Trọng,0,0
70454,Trần Quang Quang,0,1
64270,Hoàng Xuân Hoàng,1,1
74476,Lê Trần Anh,1,1
73416,Đặng Văn Xuân,0,0
36280,Phạm Xuân Quang,0,0
9125,Lê Kim Yến,0,0
10381,Lê Trần Lan,0,0
78142,Đặng Gia Chi,0,1
76963,Đặng Anh Tùng,0,0
28249,Vũ Minh Quang,0,0
1315,Vũ Trần Minh,0,0
55383,Bùi Hữu Vi,0,0
6711,Lê Anh Minh,1,1
77379,Hoàng Thu Vân,0,0
2667,Trần Ngọc Tú,0,1
43109,Lê Thanh Trung,0,0
69674,Nguyễn Anh Chi,0,1
52593,Dương Ngọc Tùng,0,0
1670,Trần Hoàng Vi,0,0
4529,Mai Thanh Hưng,0,1
37196,Phạm Hữu Phúc,0,0
22482,Nguyễn Thu Hương,0,1
31547,Phạm Thị Ánh,0,0
40611,Vũ Anh Linh,0,0
65028,Nguyễn Đức Mai,0,0
69356,Dương Thu Nhiên,0,1
37906,Hoàng Trần Tú,0,0
79869,Lê Xuân Mai,0,1
62862,Lê Thanh Lan,0,0
15214,Lê Thanh Bảo,0,0
61063,Dương Đức Hưng,0,0
27050,Đặng Kim Hương,0,1
20688,Phạm Ngọc Thảo,0,0
40776,Hoàng Hoàng Hương,0,1
1193,Hoàng Anh Bảo,0,1
35674,Nguyễn Xuân Hưng,0,0
58600,Dương Xuân Anh,0,1
60363,Bùi Gia Dũng,1,0
76647,Lê Ngọc Vân,1,1
70952,Dương Hoàng Linh,0,1
40253,Bùi Thu Yến,0,0
6720,Nguyễn Hữu Duyên,0,0
57954,Trần Kim Ánh,0,0
20437,Bùi Ngọc Yến,1,1
54645,Bùi Minh Quang,0,0
26083,Nguyễn Hữu Khoa,1,1
46316,Dương Trần Chi,0,0
65693,Hoàng Văn Mai,0,1
76551,Nguyễn Thị Tú,0,0
4304,Mai Văn Dũng,0,0
62320,Hoàng Hoàng Trung,0,0
9617,Bùi Kim Anh,0,0
36667,Dương Đức Yến,0,0
64767,Phạm Anh Tú,0,1
35957,Bùi Hữu Xuân,0,1
14049,Trần Hữu Chi,0,0
64158,Phạm Thị Quang,0,0
11803,Hoàng Ngọc Vi,0,0
18634,Dương Hoàng Yến,0,0
59884,Nguyễn Thanh Yến,0,0
55273,Hoàng Đức Châu,0,0
45480,Nguyễn Ngọc Khoa,0,0
1656,Trần Đức Anh,0,1
76219,Đặng Ngọc Yến,0,0
43864,Đặng Đức Dương,0,0
30333,Phạm Trần Châu,1,1
47166,Vũ Kim Hương,1,1
52181,Dương Quang Hồng,0,0
63553,Trần Gia Lan,0,0
41726,Đặng Thu Minh,0,0
48775,Lê Đức Huy,0,1
62269,Bùi Anh Hưng,0,0
29160,Vũ Anh Trọng,0,1
36489,Hoàng Ngọc Vi,0,0
57597,Bùi Minh Xuân,0,0
34568,Hoàng Thanh Mai,1,1
7753,Đặng Thu Châu,0,0
46770,Bùi Xuân Minh,0,0
37794,Mai Văn Duyên,1,1
34991,Nguyễn Hoàng Tú,0,0
56314,Đặng Thanh Phúc,0,1
67473,Đặng Anh Tú,1,1
54748,Lê Quang Thành,0,0
71881,Mai Anh Linh,1,0
79838,Đặng Thu Quang,0,0
74866,Đặng Ngọc Thành,0,0
22814,Mai Trần Chi,0,1
49541,Nguyễn Kim Minh,0,0
23379,Nguyễn Xuân Vi,0,0
21822,Dương Quang Nam,0,1
70391,Lê Minh Xuân,0,1
46807,Trần Kim Lan,0,0
72244,Lê Gia Nam,0,0
51816,Trần Thu Ánh,0,0
15052,Bùi Ngọc Linh,1,1
24409,Mai Trần Quang,0,0
43398,Nguyễn Đức Hồng,1,1
26931,Vũ Thị Duyên,0,1
15179,Đặng Đức Trọng,0,0
30005,Mai Thị Hương,0,0
15097,Đặng Kim Yến,0,1
18662,Dương Đức Vân,1,1
12910,Phạm Gia Xuân,0,1
67338,Nguyễn Quang Chi,0,1
15983,Đặng Thu Mai,0,0
22706,Phạm Quang Vi,0,0
26517,Lê Ngọc Thảo,0,1
75947,Lê Ngọc Bảo,0,1
5137,Đặng Văn Lan,1,1
60060,Đặng Hoàng Bảo,0,1
13035,Đặng Quang Chi,1,1
24427,Bùi Quang Xuân,0,1
32232,Hoàng Gia Anh,0,1
30098,Vũ Gia Vân,0,0
44523,Nguyễn Đức Ngọc,0,0
60760,Nguyễn Trần Ngọc,0,1
35881,Mai Trần Trung,0,1
44710,Mai Thanh Chi,0,0
8721,Hoàng Đức Vân,0,0
78608,Bùi Trần Lan,0,0
2610,Mai Xuân Mai,0,0
20417,Phạm Minh Duyên,0,0
53603,Trần Anh Nam,0,0
70948,Đặng Kim Thành,1,1
37294,Trần Thu Anh,0,0
56427,Nguyễn Thu Quang,0,0
33230,Nguyễn Ngọc Thảo,1,1
62247,Trần Anh Anh,0,1
16855,Nguyễn Xuân Châu,1,1
46358,Phạm Hoàng Mai,0,0
38004,Bùi Kim Ngọc,0,0
23853,Dương Thị Linh,1,1
19537,Nguyễn Hữu Quang,0,1
59237,Trần Văn Minh,0,0
4016,Trần Đức Dương,1,1
17145,Mai Thu Phúc,0,0
53624,Trần Ngọc Vũ,1,1
66895,Trần Xuân Quang,0,0
12041,Nguyễn Gia Huy,0,1
14680,Đặng Hoàng Ánh,1,1
66386,Lê Văn Trọng,0,1
10597,Phạm Ngọc Huy,0,0
31205,Nguyễn Hữu Quang,0,0
40501,Phạm Ngọc Nhiên,0,0
9505,Bùi Trần Vi,0,0
64274,Mai Kim Hương,0,0
14997,Phạm Hữu Ngọc,0,1
39473,Hoàng Văn Vi,0,0
18321,Nguyễn Thị Dũng,0,0
11018,Trần Anh Chi,1,1
42895,Dương Văn Dũng,0,1
23633,Bùi Minh Quang,0,0
6767,Bùi Anh Hồng,1,1
55049,Dương Kim Linh,0,0
77001,Phạm Anh Thành,0,0
18520,Mai Văn Linh,0,0
52033,Vũ Văn Lan,0,0
53480,Trần Thu Duyên,0,0
30427,Bùi Xuân Hưng,1,1
4246,Phạm Đức Hoàng,0,0
19546,Nguyễn Thị Vi,0,0
46879,Nguyễn Minh Anh,0,1
78041,Đặng Anh Trung,1,1
72604,Vũ Xuân Vi,0,0
31143,Hoàng Kim Hương,1,1
71959,Phạm Ngọc Chi,0,0
15960,Dương Anh Xuân,0,0
78978,Bùi Gia Châu,0,0
61497,Vũ Anh Trọng,0,0
12195,Trần Minh Huy,0,0
23293,Bùi Trần Lan,0,0
63229,Trần Thanh Khoa,0,0
38090,Đặng Kim Duyên,0,1
78954,Nguyễn Đức Ánh,1,1
57214,Bùi Hữu Nhiên,0,0
65649,Mai Minh Nam,0,0
33510,Lê Quang Thành,1,1
49260,Bùi Minh Mai,0,1
2297,Lê Quang Yến,0,0
51420,Đặng Quang Trọng,0,0
34136,Vũ Thu Quang,0,1
15511,Phạm Hoàng Linh,0,0
36133,Trần Hoàng Vi,0,0
37612,Phạm Quang Bảo,0,0
46871,Bùi Trần Ánh,0,1
69378,Vũ Trần Châu,0,0
10951,Đặng Thanh Minh,0,0
73261,Vũ Thị Quang,0,0
75437,Trần Thanh Nhiên,0,0
26984,Phạm Trần Châu,0,0
12955,Mai Gia Vi,0,0
43735,Trần Anh Duyên,0,1
68038,Hoàng Trần Mai,1,1
76791,Mai Đức Lan,0,1
29623,Lê Đức Thảo,0,0
33252,Hoàng Quang Vân,0,0
15794,Trần Hoàng Hương,0,1
384,Trần Gia Dương,0,1
24173,Trần Văn Vi,0,0
36588,Nguyễn Văn Hương,0,0
37052,Nguyễn Anh Lan,0,0
71555,Hoàng Thanh Xuân,0,1
503,Dương Thị Linh,0,0
1870,Đặng Thị Nhiên,0,0
18681,Trần Minh Vi,1,1
15696,Lê Ngọc Xuân,0,1
45902,Phạm Thị Thảo,0,0
23389,Đặng Minh Dũng,0,0
31903,Bùi Xuân Dũng,1,1
25924,Bùi Quang Ánh,0,0
60682,Hoàng Thanh Vi,1,1
14852,Vũ Hoàng Huy,0,0
52220,Đặng Anh Nhiên,0,0
62307,Bùi Minh Phúc,0,1
74745,Bùi Trần Vũ,0,0
41980,Hoàng Thanh Mai,0,1
50335,Vũ Ngọc Hồng,0,1
29186,Vũ Anh Xuân,0,0
9051,Vũ Hữu Tú,0,0
62724,Dương Minh Xuân,1,1
78985,Bùi Thanh Yến,0,0
16389,Lê Thị Hoàng,1,1
31882,Bùi Thu Mai,0,0
75166,Mai Quang Tùng,1,0
3002,Phạm Văn Thành,0,0
58308,Trần Đức Hương,0,0
10217,Bùi Thanh Anh,0,1
46599,Nguyễn Kim Ngọc,0,0
30680,Lê Hữu Mai,0,0
24587,Mai Thị Nam,0,0
61264,Nguyễn Đức Quang,0,1
4713,Nguyễn Thu Ngọc,0,0
57115,Hoàng Hoàng Linh,0,0
33326,Phạm Văn Ngọc,0,1
44217,Dương Trần Duyên,0,0
15564,Lê Xuân Huy,0,0
71735,Lê Anh Vân,0,1
64897,Phạm Hoàng Tú,1,1
1869,Dương Minh Châu,0,1
63035,Phạm Hoàng Anh,0,0
62939,Phạm Hữu Hồng,0,0
5333,Phạm Quang Ánh,0,0
1573,Dương Thanh Quang,1,1
58897,Trần Hữu Duyên,0,1
1644,Hoàng Quang Bảo,0,0
37151,Đặng Minh Yến,1,1
13633,Nguyễn Quang Dương,1,1
43198,Vũ Văn Khoa,0,1
75907,Dương Văn Thảo,0,0
29495,Đặng Gia Xuân,0,0
62450,Đặng Hữu Hồng,0,0
46672,Vũ Hữu Yến,0,0
38631,Đặng Thị Hoàng,0,0
28441,Mai Kim Dũng,0,0
30650,Dương Hoàng Dương,1,1
58439,Hoàng Quang Vũ,1,1
12109,Đặng Minh Hương,1,0
31645,Trần Thu Vân,0,0
45277,Mai Thu Ngọc,1,1
34725,Nguyễn Đức Linh,0,0
69332,Hoàng Thu Huy,0,0
33677,Hoàng Văn Duyên,0,1
14397,Lê Xuân Thành,0,0
30251,Mai Quang Duyên,1,1
29308,Nguyễn Minh Phúc,0,0
14909,Đặng Minh Ánh,0,0
32483,Mai Xuân Xuân,0,0
3884,Hoàng Kim Vân,1,1
14570,Vũ Thị Mai,0,0
14224,Lê Quang Linh,0,0
71613,Nguyễn Ngọc Hương,0,0
70768,Trần Hữu Ánh,0,1
73852,Trần Đức Tùng,1,1
32169,Bùi Quang Vân,0,0
10041,Hoàng Thị Mai,0,0
49940,Trần Thu Vi,0,0
49406,Phạm Ngọc Tùng,1,0
57694,Phạm Thu Duyên,0,0
10142,Bùi Kim Trọng,0,0
64664,Vũ Hữu Hương,0,1
62966,Phạm Thu Thảo,0,0
23574,Bùi Kim Linh,1,1
42452,Trần Minh Ngọc,0,0
74992,Đặng Minh Hưng,0,0
23358,Mai Anh Tùng,0,1
76964,Vũ Đức Hương,0,0
13525,Bùi Ngọc Quang,0,0
8716,Mai Thị Hương,0,0
20750,Đặng Đức Duyên,1,1
78500,Hoàng Kim Chi,1,0
41961,Đặng Gia Lan,0,0
15250,Hoàng Đức Anh,0,0
64682,Lê Ngọc Trung,0,0
5736,Lê Thu Tùng,0,0
44565,Hoàng Kim Thành,0,0
29950,Lê Hữu Chi,0,0
10266,Dương Minh Bảo,0,0
34611,Phạm Kim Quang,1,0
1015,Hoàng Văn Lan,0,0
15392,Dương Xuân Trung,0,0
24213,Đặng Quang Tú,0,1
5979,Đặng Đức Vân,1,1
47004,Phạm Quang Thành,0,0
43005,Bùi Văn Quang,0,1
55170,Bùi Minh Ngọc,0,0
38193,Đặng Văn Nam,0,0
45816,Đặng Xuân Ánh,0,0
16915,Mai Hoàng Quang,1,1
69795,Nguyễn Đức Duyên,0,0
19910,Mai Thị Hoàng,1,1
40013,Vũ Kim Hưng,0,0
61591,Trần Thanh Yến,0,0
59284,Bùi Anh Bảo,0,0
16533,Dương Thu Ánh,0,0
47186,Nguyễn Thanh Quang,0,0
47587,Lê Xuân Bảo,0,0
1539,Phạm Hữu Xuân,0,0
2611,Mai Kim Châu,0,1
53645,Trần Minh Thảo,0,1
69717,Dương Thanh Ngọc,0,0
3317,Lê Quang Nam,1,1
24752,Nguyễn Anh Ánh,0,0
70863,Bùi Xuân Hương,0,0
73564,Dương Quang Vi,0,0
1637,Bùi Minh Hồng,0,1
60968,Trần Ngọc Yến,0,0
62377,Dương Quang Tú,0,0
68448,Mai Trần Khoa,0,0
56925,Hoàng Đức Hoàng,1,1
58101,Mai Hữu Ánh,0,1
73276,Vũ Trần Hồng,0,0
61644,Đặng Thu Vi,0,0
12873,Bùi Kim Thảo,1,0
899,Mai Anh Dũng,0,0
764,Dương Trần Dũng,0,1
145,Trần Xuân Vi,0,1
4579,Đặng Quang Hương,1,1
15384,Mai Văn Trung,0,0
19814,Nguyễn Hoàng Vũ,0,0
67560,Bùi Kim Châu,0,0
47346,Bùi Ngọc Ngọc,0,1
76350,Lê Anh Thành,0,0
50033,Dương Xuân Nam,0,1
65467,Vũ Hoàng Nam,0,1
39957,Vũ Thu Ánh,1,1
32005,Đặng Hoàng Xuân,0,1
2764,Mai Minh Dũng,0,1
47638,Trần Ngọc Khoa,0,1
32682,Phạm Gia Xuân,0,0
66760,Hoàng Hoàng Vân,0,0
2466,Phạm Minh Dũng,1,1
70772,Hoàng Thanh Trung,1,1
37331,Trần Kim Nam,0,0
9983,Hoàng Đức Trung,1,1
3921,Trần Kim Lan,1,1
10874,Trần Thanh Trọng,0,0
52791,Dương Thu Khoa,0,1
34272,Nguyễn Minh Bảo,0,0
8876,Lê Gia Vũ,0,1
8739,Hoàng Trần Hồng,0,1
42771,Mai Gia Chi,0,0
47650,Dương Kim Thành,1,1
58576,Mai Thanh Nhiên,0,0
39312,Bùi Văn Trung,0,0
59266,Trần Anh Tùng,0,0
10344,Phạm Xuân Mai,0,0
25961,Dương Hữu Vi,0,1
10418,Lê Văn Nam,0,0
65553,Hoàng Gia Anh,0,0
18048,Phạm Hữu Minh,0,0
58358,Dương Hoàng Quang,0,0
65528,Bùi Anh Dương,0,0
5047,Dương Kim Tùng,1,1
72808,Mai Đức Ánh,0,0
72105,Trần Đức Bảo,0,0
777,Hoàng Thu Trọng,0,0
63595,Bùi Anh Nam,0,1
31109,Mai Minh Quang,0,0
46966,Trần Anh Mai,1,1
71530,Lê Thanh Dương,0,0
46513,Nguyễn Hữu Bảo,0,1
46532,Bùi Minh Tùng,0,0
68442,Đặng Anh Huy,0,1
70073,Hoàng Hữu Nhiên,0,1
2161,Nguyễn Quang Phúc,0,0
45773,Mai Văn Châu,0,1
67384,Hoàng Gia Hương,1,1
60144,Đặng Trần Dương,1,1
10317,Mai Xuân Tùng,1,0
60541,Lê Minh Vân,1,0
24362,Trần Minh Lan,0,1
66213,Vũ Thu Khoa,0,0
42368,Vũ Kim Ngọc,0,0
3688,Trần Ngọc Hương,0,1
32746,Trần Thị Anh,0,0
43947,Lê Thị Chi,0,0
51549,Nguyễn Đức Duyên,0,0
4859,Lê Hoàng Vân,0,1
42850,Dương Gia Châu,0,0
25583,Nguyễn Văn Hương,0,1
36923,Vũ Hoàng Hương,0,0
20597,Đặng Trần Yến,0,0
64324,Dương Hữu Quang,0,0
15874,Phạm Anh Linh,0,0
42130,Trần Thu Duyên,0,0
11261,Dương Minh Hoàng,0,1
74419,Dương Xuân Hương,1,1
14995,Bùi Quang Huy,0,0
62306,Đặng Anh Hồng,1,1
69874,Đặng Quang Dũng,0,1
72784,Vũ Văn Hồng,0,0
64932,Bùi Gia Dương,0,0
58730,Hoàng Trần Vân,0,0
45295,Bùi Xuân Lan,0,0
13735,Nguyễn Ngọc Ánh,0,0
21027,Bùi Gia Vân,0,0
39837,Hoàng Thanh Yến,0,0
10930,Bùi Xuân Anh,0,0
73373,Bùi Xuân Dương,0,0
56633,Phạm Gia Quang,0,0
20298,Lê Văn Phúc,0,0
58221,Lê Minh Trọng,0,1
43537,Bùi Hoàng Chi,0,0
31115,Phạm Anh Vân,0,0
14336,Lê Hoàng Phúc,0,0
29881,Hoàng Thu Trọng,1,1
36276,Phạm Thị Khoa,0,0
25883,Bùi Thị Nam,1,1
29930,Vũ Quang Thảo,0,0
56159,Phạm Xuân Vũ,0,1
44722,Nguyễn Hữu Yến,1,1
17930,Hoàng Hữu Quang,0,0
4840,Nguyễn Trần Yến,0,0
50421,Bùi Gia Tú,0,0
10581,Lê Ngọc Vũ,1,1
10989,Lê Thu Xuân,0,0
24882,Vũ Gia Khoa,0,0
41661,Phạm Văn Duyên,0,1
65575,Đặng Quang Trọng,1,1
59569,Mai Minh Xuân,0,0
27162,Trần Trần Ngọc,0,0
50223,Hoàng Thanh Ánh,0,0
26624,Phạm Văn Quang,0,1
11762,Nguyễn Văn Vi,0,0
51035,Trần Thanh Ngọc,0,0
49448,Phạm Hoàng Nhiên,0,0
63079,Bùi Quang Minh,0,0
18103,Dương Anh Xuân,1,1
18394,Dương Minh Dương,1,1
24992,Mai Anh Hồng,0,0
39188,Mai Ngọc Anh,0,0
65314,Hoàng Thanh Trọng,1,1
21134,Bùi Ngọc Yến,0,0
25751,Trần Thu Hương,0,0
9115,Trần Văn Vân,1,1
72274,Vũ Anh Xuân,0,0
793,Đặng Ngọc Vũ,0,0
75419,Dương Đức Quang,0,1
665,Lê Xuân Tú,0,0
11760,Dương Đức Duyên,1,0
30719,Nguyễn Trần Tú,0,0
47060,Nguyễn Xuân Hưng,1,0
17441,Mai Anh Trọng,0,0
57695,Hoàng Hoàng Duyên,1,1
56720,Bùi Trần Quang,0,1
28853,Phạm Anh Trung,0,1
77166,Mai Văn Yến,0,0
54055,Phạm Kim Mai,0,1
5110,Hoàng Gia Châu,0,0
65051,Hoàng Trần Trung,0,0
18032,Bùi Thanh Tùng,0,0
66058,Trần Minh Ánh,0,0
9169,Phạm Trần Mai,1,1
5378,Phạm Gia Minh,0,0
26155,Đặng Đức Tùng,0,0
21128,Dương Văn Trọng,0,1
41583,Lê Minh Dương,0,0
59472,Vũ Thanh Yến,0,1
11737,Phạm Anh Trung,0,1
66425,Lê Thu Vũ,0,0
12704,Mai Thanh Yến,0,1
23316,Bùi Trần Nam,0,0
57726,Đặng Thu Thảo,0,0
1110,Nguyễn Đức Xuân,0,0
35315,Vũ Thanh Quang,0,0
37800,Hoàng Thị Hưng,1,1
77589,Dương Quang Tú,0,0
11873,Trần Hoàng Tùng,1,1
71856,Phạm Hoàng Phúc,1,1
29243,Lê Anh Vũ,0,1
51282,Đặng Minh Bảo,0,0
3026,Hoàng Trần Yến,0,0
67967,Bùi Văn Xuân,0,0
42780,Lê Hoàng Vân,0,0
19827,Hoàng Xuân Ánh,0,1
28606,Lê Hoàng Ngọc,0,0
43636,Trần Anh Khoa,0,0
51217,Trần Kim Chi,0,1
33467,Lê Đức Thảo,0,1
44936,Lê Trần Bảo,1,1
28772,Lê Kim Ngọc,0,0
2599,Đặng Gia Hương,0,0
73298,Lê Quang Linh,0,0
31575,Phạm Kim Nam,1,1
69998,Dương Thị Nhiên,0,1
46159,Nguyễn Văn Vũ,1,1
41769,Lê Trần Phúc,0,0
23737,Bùi Thị Xuân,0,0
9317,Hoàng Thanh Hoàng,0,0
31067,Bùi Đức Quang,0,0
67658,Trần Xuân Tùng,0,0
11042,Đặng Hữu Hương,0,0
6570,Mai Gia Trung,0,0
70594,Lê Hoàng Quang,0,1
8063,Dương Hữu Lan,0,0
29199,Nguyễn Hoàng Quang,0,1
76095,Vũ Xuân Mai,0,0
65860,Vũ Minh Vân,0,0
57104,Đặng Thanh Bảo,0,0
3915,Phạm Văn Trung,0,1
6413,Mai Thu Vũ,0,0
41316,Dương Trần Nam,1,1
66490,Lê Xuân Nhiên,0,0
24918,Bùi Quang Vân,0,0
45542,Phạm Hữu Quang,0,0
22626,Bùi Ngọc Vũ,0,0
64904,Dương Xuân Tùng,1,1
49908,Hoàng Thị Chi,1,1
44292,Lê Thu Minh,0,0
49735,Vũ Hoàng Lan,0,0
51970,Hoàng Gia Vi,1,1
4496,Nguyễn Trần Hoàng,0,1
68421,Đặng Kim Duyên,0,0
52281,Vũ Anh Tùng,1,1
63971,Bùi Anh Quang,0,0
61801,Phạm Ngọc Thảo,0,1
60185,Bùi Văn Yến,0,1
6500,Vũ Gia Trọng,0,0
34908,Lê Đức Yến,0,0
27407,Hoàng Xuân Bảo,1,1
35152,Trần Đức Dương,0,0
76084,Mai Thu Vân,0,0
45841,Đặng Ngọc Ánh,0,1
53815,Bùi Minh Chi,0,0
49875,Hoàng Thu Linh,0,0
4779,Phạm Ngọc Duyên,0,1
3651,Phạm Thanh Tú,0,1
48000,Đặng Văn Linh,0,1
18741,Trần Đức Dũng,0,0
29697,Bùi Hoàng Huy,0,0
7008,Bùi Anh Quang,0,1
52470,Hoàng Trần Lan,1,1
23235,Trần Kim Minh,0,0
64131,Dương Kim Vân,0,0
6718,Dương Trần Chi,0,0
69894,Nguyễn Gia Hồng,0,1
39195,Dương Đức Tú,0,0
69632,Phạm Thanh Vũ,1,1
15311,Vũ Ngọc Hương,0,0
16865,Hoàng Minh Hương,0,0
1104,Đặng Thị Quang,0,1
29809,Phạm Minh Dương,1,1
32936,Bùi Hữu Tùng,0,0
66993,Bùi Kim Hồng,0,1
55509,Dương Gia Anh,0,0
16659,Lê Gia Bảo,0,0
65882,Phạm Thị Huy,0,0
8203,Phạm Trần Thành,1,1
9027,Phạm Thị Yến,0,0
79198,Mai Minh Minh,0,0
15354,Nguyễn Anh Hồng,0,1
60364,Vũ Thanh Mai,0,1
4850,Hoàng Gia Yến,1,1
30083,Phạm Văn Dương,1,0
52872,Vũ Thị Vân,0,0
1382,Phạm Thanh Quang,0,1
51465,Phạm Kim Ngọc,0,0
55385,Lê Xuân Yến,0,1
57928,Đặng Trần Xuân,0,0
36476,Bùi Hữu Quang,0,1
42241,Phạm Thanh Tùng,0,0
40044,Mai Hữu Vi,0,0
70555,Phạm Thanh Huy,0,0
9254,Trần Anh Tú,0,0
29187,Nguyễn Kim Thành,0,1
11152,Hoàng Thanh Quang,0,1
79895,Hoàng Đức Vi,1,1
63559,Bùi Minh Hưng,0,1
60321,Phạm Hữu Dương,0,0
48800,Phạm Thị Hương,0,1
38400,Vũ Văn Minh,0,1
40302,Dương Thu Nam,0,1
54774,Nguyễn Quang Ánh,1,1
73728,Bùi Xuân Vi,0,0
37442,Trần Ngọc Vi,0,1
74826,Mai Trần Thành,0,1
29603,Đặng Hoàng Bảo,0,1
59245,Bùi Thanh Hưng,0,0
57043,Mai Đức Quang,0,0
48077,Trần Xuân Mai,0,0
56631,Mai Xuân Phúc,0,0
64218,Bùi Minh Lan,0,1
2721,Bùi Hoàng Trọng,0,0
58031,Trần Anh Vũ,0,0
27206,Dương Thanh Thảo,0,0
8675,Trần Minh Duyên,0,0
37504,Hoàng Văn Mai,0,0
59151,Đặng Gia Hồng,0,0
11453,Vũ Hữu Thành,0,0
70853,Bùi Kim Hương,1,1
33480,Đặng Thu Linh,0,1
74984,Phạm Kim Ánh,1,1
22381,Trần Gia Phúc,1,1
12479,Đặng Thu Mai,1,1
25493,Mai Hoàng Tùng,0,1
20584,Trần Kim Quang,0,0
15713,Hoàng Hoàng Vân,0,0
74922,Nguyễn Hoàng Dương,0,0
17136,Dương Kim Châu,0,1
10691,Phạm Thị Ánh,0,1
41171,Vũ Gia Quang,0,1
78989,Trần Văn Châu,1,1
69521,Vũ Trần Dũng,1,1
70371,Vũ Hoàng Nhiên,0,0
5102,Dương Minh Hoàng,1,0
47026,Đặng Thu Tú,0,0
55837,Dương Trần Duyên,0,0
54426,Mai Minh Trung,0,0
59586,Dương Văn Hoàng,0,0
21955,Bùi Thu Huy,0,0
64117,Phạm Trần Bảo,1,1
48344,Mai Hữu Dương,0,0
64314,Phạm Hữu Hương,0,1
64202,Mai Ngọc Ánh,0,0
13026,Bùi Thu Dương,1,1
59030,Lê Văn Ngọc,0,0
21066,Hoàng Xuân Tùng,0,0
33435,Vũ Kim Lan,0,0
55402,Mai Quang Trung,1,1
32203,Mai Văn Tùng,0,0
56416,Lê Anh Phúc,1,1
6888,Mai Minh Lan,0,0
14676,Lê Đức Nhiên,0,1
45409,Phạm Xuân Xuân,1,1
26917,Mai Trần Hoàng,0,0
49685,Bùi Kim Chi,0,0
11328,Phạm Gia Tú,0,0
47080,Mai Minh Khoa,0,0
30236,Đặng Gia Chi,0,0
75728,Lê Hoàng Châu,0,0
67804,Mai Thị Quang,0,0
31569,Đặng Minh Nam,0,1
53876,Vũ Trần Nam,0,1
24440,Dương Thu Dũng,0,1
23765,Hoàng Minh Mai,0,0
8830,Hoàng Ngọc Quang,0,1
2351,Dương Quang Tú,0,0
70179,Mai Hữu Huy,0,0
60299,Đặng Đức Dương,0,0
44369,Bùi Thu Dũng,0,0
58915,Bùi Anh Hương,0,0
28269,Dương Kim Anh,0,0
3779,Lê Thanh Dương,0,0
47569,Lê Hoàng Duyên,1,1
56531,Lê Đức Hoàng,1,0
31051,Vũ Thu Khoa,0,0
35672,Bùi Thị Hương,0,1
66524,Vũ Kim Quang,0,0
29101,Nguyễn Kim Mai,0,0
16324,Lê Thanh Hồng,1,1
67784,Mai Gia Yến,0,0
52211,Dương Hữu Trung,0,1
69251,Dương Anh Trọng,0,0
24939,Nguyễn Thị Nam,0,0
20594,Hoàng Thị Ánh,0,0
6577,Đặng Kim Phúc,0,0
70068,Vũ Xuân Chi,0,0
27041,Bùi Anh Hương,0,0
29295,Hoàng Thị Hồng,0,0
74678,Lê Quang Hoàng,0,1
69966,Trần Quang Xuân,0,0
60390,Phạm Văn Khoa,0,0
15034,Đặng Đức Hồng,0,1
28795,Hoàng Kim Tú,0,0
88,Hoàng Minh Dũng,0,0
2957,Nguyễn Hoàng Trung,0,1
31886,Dương Trần Trung,0,0
51456,Dương Hoàng Vân,0,0
67729,Phạm Trần Châu,0,1
841,Đặng Kim Linh,1,1
53846,Bùi Thanh Xuân,1,1
59625,Mai Kim Vi,0,1
22845,Hoàng Kim Hoàng,1,1
20759,Nguyễn Minh Xuân,0,1
34259,Đặng Quang Huy,0,1
20667,Trần Ngọc Ánh,0,0
11058,Hoàng Thị Ánh,0,1
58327,Đặng Hoàng Vân,0,1
9265,Nguyễn Thị Yến,0,0
41497,Nguyễn Xuân Quang,0,1
2940,Mai Hoàng Linh,0,0
42112,Lê Minh Hoàng,0,1
14952,Lê Thu Chi,0,1
62842,Mai Xuân Duyên,1,1
63138,Mai Xuân Trung,0,0
29099,Mai Văn Hoàng,0,0
28065,Bùi Gia Vân,0,0
1978,Nguyễn Xuân Linh,0,0
35397,Dương Đức Ngọc,0,0
22557,Bùi Anh Trung,0,0
29571,Lê Xuân Vi,1,1
67203,Phạm Minh Tú,0,1
58277,Lê Hữu Nam,0,0
48532,Trần Anh Yến,0,0
35776,Bùi Anh Quang,0,0
43843,Phạm Anh Chi,0,0
8792,Vũ Kim Huy,0,1
23859,Bùi Thị Anh,0,0
40310,Mai Trần Minh,0,0
56961,Bùi Anh Hồng,0,0
70915,Đặng Quang Duyên,0,0
78068,Phạm Thu Ánh,0,0
27100,Trần Thanh Trọng,0,0
6048,Phạm Anh Mai,0,0
70601,Lê Thanh Huy,0,0
37686,Hoàng Thị Vi,0,0
38658,Lê Minh Phúc,0,0
77281,Lê Xuân Ánh,0,0
27807,Bùi Thanh Linh,0,0
33448,Trần Xuân Khoa,0,0
69448,Hoàng Xuân Vũ,0,0
9581,Bùi Thanh Vi,0,0
57379,Nguyễn Minh Linh,0,0
26985,Hoàng Ngọc Chi,0,0
13746,Vũ Kim Xuân,0,0
60446,Bùi Quang Yến,0,0
51273,Phạm Gia Thảo,0,0
3857,Trần Gia Nam,0,0
32392,Đặng Gia Tú,0,0
59462,Trần Thị Vũ,1,1
4124,Nguyễn Trần Vân,0,0
33643,Vũ Hoàng Xuân,0,0
14038,Lê Hữu Vũ,0,0
6465,Nguyễn Gia Vi,0,0
31934,Nguyễn Kim Quang,0,0
23873,Hoàng Thanh Ánh,0,0
10958,Dương Hoàng Hương,0,0
48359,Hoàng Hữu Hồng,0,1
75529,Mai Thị Vũ,0,1
21329,Mai Thu Trọng,1,1
25427,Hoàng Quang Hoàng,0,0
42287,Dương Hoàng Duyên,0,1
46885,Trần Trần Xuân,0,1
28379,Vũ Thanh Dũng,0,0
36095,Trần Trần Nam,0,0
17997,Vũ Thị Chi,0,0
21798,Nguyễn Minh Linh,1,1
53092,Dương Xuân Trung,1,1
67825,Mai Hoàng Ánh,0,1
63978,Lê Thị Vi,0,0
9539,Bùi Đức Thảo,0,0
2860,Trần Gia Anh,0,0
39100,Bùi Gia Trọng,0,0
18811,Đặng Anh Hồng,1,1
63480,Dương Hữu Nam,0,0
257,Trần Trần Hồng,0,0
65459,Trần Thanh Minh,1,1
14060,Hoàng Trần Phúc,0,0
8102,Phạm Thị Duyên,0,0
76747,Bùi Đức Chi,0,0
41486,Phạm Anh Vũ,0,0
43179,Đặng Minh Châu,0,1
38500,Phạm Văn Hoàng,0,0
72289,Nguyễn Thu Chi,0,1
41429,Nguyễn Gia Anh,0,0
44777,Phạm Xuân Anh,0,0
55404,Đặng Thanh Xuân,0,0
56589,Phạm Hữu Hương,0,0
77875,Dương Thị Chi,0,0
57769,Phạm Thanh Ngọc,0,0
44485,Bùi Trần Vi,0,0
56965,Đặng Thị Duyên,0,0
56269,Nguyễn Minh Trung,1,1
39775,Lê Thị Vân,0,0
41719,Vũ Trần Chi,0,0
19316,Trần Minh Quang,1,1
65012,Phạm Thanh Hồng,1,1
36325,Bùi Thanh Dương,0,0
19250,Mai Quang Hoàng,0,1
59251,Phạm Thị Ánh,1,0
50244,Nguyễn Gia Tùng,0,0
56481,Dương Gia Thành,1,1
66141,Mai Thị Yến,0,0
70143,Bùi Xuân Yến,0,0
47498,Phạm Thanh Anh,0,0
10026,Đặng Anh Xuân,0,1
9545,Lê Đức Nhiên,0,0
59976,Trần Trần Thảo,0,0
7732,Vũ Thu Duyên,0,0
10508,Hoàng Hoàng Xuân,0,1
62309,Đặng Gia Mai,1,1
66457,Nguyễn Đức Huy,0,0
42460,Hoàng Văn Ngọc,0,0
37922,Trần Trần Vân,1,1
42603,Dương Quang Vân,1,1
16734,Đặng Minh Vũ,0,1
44696,Dương Đức Duyên,0,0
30492,Bùi Thị Khoa,0,0
36135,Dương Minh Lan,0,0
24704,Vũ Gia Hoàng,0,0
36859,Trần Gia Trọng,0,0
48163,Trần Anh Yến,0,0
69953,Phạm Văn Hương,1,1
32559,Bùi Thu Vân,0,0
23615,Dương Hữu Quang,0,0
38474,Bùi Hoàng Vũ,1,1
4761,Bùi Minh Trọng,0,0
55975,Vũ Văn Chi,1,1
19568,Phạm Hoàng Linh,0,0
22852,Phạm Anh Trọng,0,0
54413,Dương Quang Xuân,0,0
69790,Hoàng Kim Hồng,0,1
47130,Đặng Gia Hoàng,0,1
4358,Dương Gia Huy,1,1
3323,Phạm Thị Dũng,1,1
1593,Hoàng Văn Khoa,0,0
55442,Hoàng Minh Lan,0,0
9177,Lê Thị Tùng,0,1
48306,Bùi Gia Thảo,0,1
4820,Hoàng Gia Hoàng,0,0
3368,Trần Gia Trung,0,1
24215,Đặng Anh Phúc,0,0
40128,Phạm Ngọc Nam,0,0
49863,Nguyễn Gia Lan,0,1
12967,Dương Đức Hồng,0,0
63016,Bùi Ngọc Ngọc,1,1
67505,Nguyễn Quang Hoàng,0,0
54848,Trần Thị Trọng,0,0
73595,Dương Anh Khoa,0,1
3439,Lê Minh Bảo,1,1
61481,Hoàng Anh Anh,0,0
40869,Hoàng Thị Quang,0,0
3745,Đặng Hoàng Xuân,0,1
6396,Dương Xuân Châu,0,0
22965,Hoàng Thu Tùng,1,1
2843,Nguyễn Ngọc Linh,0,0
50173,Dương Trần Nam,0,0
30794,Mai Hoàng Minh,0,1
38162,Phạm Anh Châu,0,0
9350,Trần Đức Thành,0,0
40424,Trần Trần Vân,0,0
37555,Đặng Trần Ánh,0,0
36303,Nguyễn Kim Mai,1,1
25052,Trần Anh Minh,0,0
19917,Lê Hữu Xuân,0,0
23043,Đặng Hoàng Hồng,0,1
53103,Lê Kim Chi,0,0
23140,Trần Hữu Linh,0,0
75591,Lê Văn Quang,0,0
17460,Dương Xuân Vân,0,0
11122,Bùi Trần Vũ,0,0
50863,Trần Kim Ngọc,0,1
65598,Mai Hoàng Ngọc,0,0
77663,Phạm Minh Trọng,0,1
36498,Bùi Trần Vũ,0,0
23523,Nguyễn Ngọc Hồng,0,1
52674,Trần Thị Minh,0,1
37865,Trần Hữu Huy,0,0
22090,Phạm Thu Lan,1,1
73715,Nguyễn Gia Ánh,0,0
65608,Nguyễn Đức Vân,0,1
68501,Đặng Thu Khoa,0,0
64592,Phạm Anh Huy,0,0
57216,Đặng Thu Khoa,0,0
62311,Dương Thanh Yến,0,1
5836,Mai Xuân Ánh,0,0
32326,Mai Đức Vũ,1,1
23414,Đặng Gia Thảo,0,0
41235,Mai Anh Linh,0,1
23516,Lê Đức Khoa,0,0
35588,Lê Hữu Nhiên,0,0
56735,Hoàng Hoàng Hồng,1,1
65883,Dương Thị Hương,0,0
8956,Lê Gia Vũ,0,1
33363,Phạm Minh Châu,0,0
10140,Vũ Xuân Ánh,0,1
51567,Hoàng Kim Hoàng,0,0
28164,Trần Anh Dương,0,0
10837,Mai Minh Thảo,0,0
36674,Dương Hoàng Tú,0,0
58564,Dương Xuân Tú,0,0
40440,Hoàng Thanh Trung,0,0
7854,Đặng Gia Anh,0,0
19726,Nguyễn Thanh Khoa,0,0
51962,Mai Quang Ngọc,0,0
38329,Vũ Kim Mai,1,1
46510,Mai Ngọc Chi,0,0
58567,Mai Thu Khoa,0,0
14456,Đặng Xuân Nam,0,0
34286,Bùi Xuân Vân,0,0
28192,Mai Thu Dương,0,0
76480,Mai Quang Vi,0,0
19473,Phạm Hoàng Dũng,0,0
71414,Nguyễn Đức Ngọc,1,1
8913,Trần Thanh Xuân,0,0
31219,Lê Thanh Nhiên,0,0
44383,Bùi Kim Chi,0,0
25012,Trần Thanh Nam,0,1
38401,Lê Ngọc Vân,1,1
58686,Hoàng Hoàng Phúc,0,0
79039,Bùi Minh Hương,0,0
61342,Dương Kim Vi,0,0
19401,Bùi Đức Xuân,0,0
13022,Đặng Minh Vũ,0,1
78319,Vũ Đức Hương,1,1
29264,Trần Quang Vũ,0,1
19614,Lê Gia Nam,0,0
2021,Hoàng Hoàng Ngọc,0,0
42960,Mai Thanh Ánh,0,1
33404,Nguyễn Văn Ánh,0,1
3652,Vũ Quang Lan,0,0
13250,Phạm Gia Quang,1,1
46877,Đặng Ngọc Phúc,0,0
46527,Lê Thu Vi,0,0
13727,Phạm Thị Lan,0,0
51318,Hoàng Kim Huy,0,0
75170,Mai Ngọc Trọng,0,1
31329,Mai Trần Hoàng,0,1
61651,Trần Hữu Tú,0,0
42202,Vũ Thanh Vũ,0,0
41800,Dương Hoàng Dũng,0,0
50268,Phạm Kim Trung,1,1
23630,Nguyễn Thanh Phúc,0,0
11235,Lê Quang Khoa,0,0
35940,Vũ Hoàng Hồng,0,0
4811,Hoàng Thị Phúc,0,0
21444,Phạm Thị Duyên,0,0
30545,Dương Anh Khoa,1,1
60555,Trần Thu Quang,0,0
32433,Mai Minh Hồng,0,0
20672,Đặng Trần Dương,0,0
54635,Vũ Văn Mai,0,0
41264,Hoàng Thu Yến,0,1
78461,Vũ Ngọc Thảo,0,0
29275,Mai Minh Yến,0,0
4147,Nguyễn Đức Vi,0,0
67608,Hoàng Ngọc Hưng,1,1
36912,Dương Xuân Nhiên,0,1
49432,Bùi Hoàng Vũ,0,1
32704,Nguyễn Thị Nam,0,0
16148,Dương Hữu Ngọc,0,1
17381,Trần Ngọc Vân,0,0
68489,Lê Gia Xuân,0,0
69212,Mai Gia Chi,0,0
21839,Dương Hữu Châu,1,1
31173,Đặng Hoàng Yến,0,0
73863,Lê Anh Ánh,0,1
78394,Dương Hữu Dương,1,1
59061,Phạm Kim Phúc,1,1
29821,Bùi Văn Trọng,0,0
39139,Bùi Thu Nam,1,1
58786,Mai Quang Thành,0,0
12044,Mai Minh Duyên,0,1
54232,Nguyễn Văn Huy,0,0
51059,Mai Minh Thành,1,1
28888,Hoàng Minh Huy,1,1
6344,Nguyễn Ngọc Chi,0,0
58718,Đặng Thanh Yến,0,1
58001,Đặng Minh Chi,0,0
53253,Mai Minh Vũ,0,0
47160,Đặng Hữu Xuân,1,0
46982,Lê Văn Linh,1,1
43490,Bùi Minh Ánh,0,0
61927,Mai Anh Yến,0,0
52968,Lê Anh Tùng,0,1
20148,Vũ Hữu Bảo,0,0
42173,Hoàng Hữu Quang,0,0
9089,Phạm Trần Bảo,0,0
255,Phạm Văn Dương,0,0
62684,Dương Trần Anh,0,0
9237,Vũ Minh Hoàng,0,1
26020,Hoàng Đức Vi,1,0
77309,Bùi Thu Chi,0,0
1258,Trần Thanh Dương,0,1
52899,Trần Văn Dương,0,0
23344,Nguyễn Đức Ngọc,0,0
70882,Trần Đức Nhiên,0,0
45556,Phạm Kim Vân,0,1
9053,Trần Trần Trung,0,1
25838,Đặng Văn Xuân,0,0
65016,Vũ Xuân Quang,0,0
12881,Bùi Xuân Quang,0,0
68744,Mai Hoàng Duyên,0,0
10697,Nguyễn Hữu Ngọc,0,1
64964,Mai Văn Lan,0,0
59412,Vũ Xuân Dương,0,1
46570,Trần Ngọc Phúc,0,1
73386,Đặng Văn Ngọc,0,0
67055,Lê Ngọc Dương,1,0
5042,Mai Hoàng Ánh,0,1
69493,Lê Hữu Trọng,0,0
62661,Nguyễn Xuân Duyên,0,1
63136,Nguyễn Hoàng Mai,0,0
72621,Nguyễn Hoàng Linh,0,0
64789,Phạm Thị Hồng,0,0
70825,Bùi Xuân Hương,0,1
65492,Đặng Hoàng Linh,1,1
28994,Phạm Văn Châu,1,1
63509,Vũ Xuân Thảo,1,1
63516,Bùi Thu Tú,0,0
22287,Nguyễn Ngọc Vi,0,0
24011,Vũ Thu Minh,0,1
33654,Lê Thị Thảo,0,0
27956,Bùi Văn Chi,0,0
12288,Vũ Ngọc Minh,0,0
15473,Hoàng Minh Ngọc,0,0
27604,Bùi Đức Ánh,0,0
72082,Nguyễn Ngọc Hưng,1,1
36640,Hoàng Xuân Bảo,0,0
21777,Trần Thị Mai,0,0
12177,Hoàng Thu Hương,0,0
3421,Nguyễn Anh Linh,1,1
73499,Trần Minh Vân,0,0
18344,Dương Kim Dương,0,0
76270,Phạm Minh Tú,1,0
3670,Đặng Thu Chi,0,0
39625,Phạm Xuân Thảo,0,0
72342,Bùi Đức Nam,0,0
42831,Nguyễn Ngọc Dương,1,1
10962,Mai Ngọc Anh,0,1
24267,Phạm Hữu Thảo,0,0
37525,Hoàng Trần Mai,0,1
72088,Trần Thanh Tùng,0,0
10399,Vũ Hữu Hương,0,0
48174,Đặng Gia Tú,0,0
7914,Hoàng Hoàng Lan,0,1
13404,Mai Xuân Tú,0,0
53005,Hoàng Trần Dương,0,0
28988,Đặng Thanh Khoa,0,0
1197,Hoàng Anh Trung,1,1
43061,Trần Đức Nam,0,0
10500,Đặng Trần Tú,0,0
58226,Lê Thị Nam,0,0
75858,Dương Ngọc Hưng,0,1
8607,Mai Thị Trung,0,0
12939,Phạm Ngọc Vân,1,0
33079,Lê Trần Anh,1,1
29436,Dương Hoàng Phúc,0,0
18499,Nguyễn Văn Lan,0,0
66329,Vũ Hoàng Bảo,0,1
49056,Đặng Hoàng Minh,0,0
43868,Phạm Văn Bảo,0,0
77717,Lê Xuân Hương,0,0
53495,Trần Đức Hưng,1,1
39522,Phạm Thanh Quang,0,1
20116,Bùi Quang Vi,0,0
32922,Trần Hoàng Anh,0,0
77648,Mai Văn Vân,0,0
19585,Đặng Văn Bảo,0,0
54626,Phạm Gia Trung,0,0
55071,Đặng Văn Linh,1,1
45114,Lê Gia Vũ,0,1
13672,Đặng Đức Dương,0,0
11530,Bùi Anh Chi,0,0
77517,Trần Ngọc Lan,0,0
67476,Đặng Thị Nam,0,0
13299,Đặng Thu Dũng,0,1
57326,Nguyễn Đức Thảo,0,0
54062,Dương Minh Trung,0,1
5547,Vũ Trần Châu,0,0
73673,Lê Quang Hồng,0,0
51484,Vũ Hoàng Tú,1,1
27533,Lê Trần Hồng,1,0
43768,Hoàng Anh Mai,0,1
14538,Hoàng Gia Vi,0,0
38588,Mai Gia Hương,1,1
49128,Mai Xuân Thành,0,1
35687,Trần Đức Huy,0,0
67803,Mai Anh Mai,0,1
48666,Lê Anh Xuân,0,1
5710,Vũ Ngọc Nhiên,0,0
64834,Dương Ngọc Xuân,1,1
73848,Bùi Quang Hưng,0,1
57457,Bùi Xuân Tùng,0,1
23728,Dương Văn Chi,0,1
64772,Hoàng Ngọc Hoàng,0,0
43086,Lê Trần Dũng,0,0
18522,Phạm Thị Huy,0,1
27099,Lê Thị Quang,0,0
50278,Đặng Thanh Trọng,0,0
2272,Phạm Ngọc Khoa,0,0
8092,Dương Thu Duyên,0,1
44568,Nguyễn Gia Tú,0,0
7609,Hoàng Thu Linh,0,1
49958,Đặng Văn Vũ,0,0
41842,Lê Hữu Huy,0,0
46256,Bùi Ngọc Yến,1,1
22727,Nguyễn Xuân Tùng,1,1
25770,Vũ Quang Khoa,0,0
44826,Vũ Anh Chi,1,1
70483,Lê Ngọc Trung,0,0
37953,Phạm Xuân Vũ,0,0
13122,Đặng Trần Duyên,0,0
16392,Đặng Trần Vũ,0,1
45418,Bùi Đức Nhiên,0,0
76217,Hoàng Minh Minh,0,0
16852,Lê Quang Lan,0,0
49182,Nguyễn Đức Vân,0,1
3605,Phạm Minh Thảo,0,1
49493,Mai Hữu Lan,0,1
66251,Bùi Trần Xuân,0,0
29342,Đặng Xuân Tú,0,0
5922,Mai Thị Trọng,0,0
73349,Lê Xuân Trọng,0,1
63428,Dương Ngọc Hương,0,0
69719,Bùi Quang Ánh,1,1
74281,Trần Gia Huy,0,0
11485,Lê Thanh Vũ,0,1
69331,Lê Kim Nhiên,0,1
13452,Bùi Gia Thảo,0,0
28168,Vũ Trần Minh,0,1
21938,Hoàng Xuân Anh,0,0
32196,Hoàng Ngọc Nam,0,0
78621,Nguyễn Văn Tùng,0,0
42770,Hoàng Hữu Vi,1,1
73768,Bùi Thị Ánh,1,1
68393,Vũ Kim Thảo,0,1
72921,Hoàng Kim Anh,0,0
3742,Mai Kim Quang,1,1
8668,Hoàng Đức Yến,0,0
57364,Nguyễn Đức Nam,0,1
17498,Hoàng Đức Trọng,0,0
27516,Phạm Quang Thành,1,1
38961,Lê Anh Vân,0,0
42334,Đặng Văn Quang,0,0
76502,Lê Thanh Hồng,0,0
8266,Đặng Thị Hồng,0,0
40729,Bùi Văn Bảo,0,0
50325,Trần Ngọc Tú,1,1
79823,Dương Anh Quang,0,0
69480,Bùi Kim Linh,0,1
75095,Hoàng Minh Quang,0,0
14842,Lê Thị Minh,0,1
58593,Dương Trần Phúc,0,0
916,Dương Anh Vân,0,0
75564,Lê Thanh Vân,0,1
43601,Nguyễn Trần Vũ,1,1
43081,Mai Ngọc Xuân,0,0
66854,Phạm Thanh Hương,0,0
2908,Phạm Đức Yến,0,0
774,Vũ Anh Quang,1,1
10257,Nguyễn Văn Chi,0,1
15611,Đặng Trần Hồng,0,0
66021,Vũ Quang Tùng,1,1
7144,Dương Ngọc Quang,0,0
29589,Vũ Xuân Ngọc,0,0
20484,Bùi Thanh Hoàng,0,0
30389,Phạm Quang Dương,0,0
24676,Đặng Xuân Thảo,1,1
2371,Nguyễn Thanh Quang,0,0
18983,Mai Hữu Dương,1,1
65072,Dương Anh Tùng,1,0
41265,Trần Anh Quang,0,0
52319,Trần Hữu Minh,0,1
69820,Vũ Hữu Anh,0,1
41091,Lê Đức Tùng,1,1
38038,Đặng Xuân Hưng,0,0
10857,Nguyễn Trần Chi,0,1
47592,Phạm Trần Ánh,1,1
73959,Nguyễn Thu Khoa,0,0
13363,Hoàng Gia Tú,0,0
19686,Mai Đức Bảo,1,0
66902,Vũ Quang Khoa,0,0
1615,Nguyễn Thanh Trung,0,0
8034,Vũ Minh Yến,1,1
48399,Đặng Ngọc Châu,0,0
1318,Dương Thị Hưng,0,1
31304,Phạm Hữu Anh,0,1
69899,Nguyễn Quang Nam,0,1
2849,Hoàng Xuân Chi,0,1
28630,Nguyễn Anh Vi,0,1
450,Dương Hoàng Yến,1,1
43419,Vũ Hữu Tú,0,0
29783,Dương Anh Tú,1,1
9257,Dương Hoàng Duyên,0,1
58448,Dương Anh Hồng,0,0
41765,Nguyễn Thanh Linh,0,0
15805,Hoàng Xuân Nhiên,1,1
11529,Nguyễn Thanh Hoàng,0,0
77449,Dương Thanh Huy,0,1
47007,Mai Thị Dũng,0,1
15039,Hoàng Minh Chi,0,0
44910,Nguyễn Trần Hương,1,1
11513,Đặng Đức Ngọc,0,0
52007,Dương Minh Ánh,0,1
72994,Bùi Anh Dương,0,0
61586,Phạm Quang Vi,0,0
73513,Trần Xuân Khoa,0,1
28078,Phạm Ngọc Dương,0,0
52793,Phạm Quang Hương,0,1
45879,Hoàng Thanh Hoàng,0,1
33924,Nguyễn Hữu Minh,0,0
9774,Bùi Văn Tùng,0,0
2671,Vũ Thu Quang,1,1
50378,Trần Kim Quang,0,0
72547,Hoàng Trần Quang,0,0
33711,Trần Thu Lan,0,1
46751,Dương Thanh Linh,0,1
58272,Vũ Trần Bảo,0,0
396,Trần Anh Lan,0,0
19885,Nguyễn Hữu Mai,0,0
49031,Trần Văn Bảo,0,0
15322,Mai Trần Minh,0,1
65764,Dương Trần Tú,0,0
39314,Hoàng Thị Huy,0,0
69526,Dương Gia Thành,0,0
59828,Mai Thanh Trọng,0,1
9015,Phạm Kim Vân,0,0
20633,Hoàng Đức Bảo,0,0
71705,Nguyễn Xuân Quang,0,0
49944,Dương Ngọc Yến,1,1
74425,Lê Gia Nam,0,1
53314,Trần Hữu Minh,0,0
62014,Dương Thị Nhiên,0,1
47250,Vũ Văn Huy,1,1
12305,Phạm Kim Chi,0,1
17741,Bùi Gia Thảo,0,0
66373,Nguyễn Minh Vân,0,0
33902,Trần Ngọc Thành,0,0
28233,Nguyễn Minh Nhiên,0,0
10916,Trần Văn Xuân,0,1
53423,Lê Hoàng Linh,0,0
23894,Lê Hoàng Khoa,0,0
62482,Nguyễn Thu Dương,0,0
63094,Vũ Minh Hương,0,0
2111,Mai Đức Vi,0,0
79670,Vũ Hoàng Duyên,0,0
65921,Nguyễn Hữu Tú,0,1
26552,Vũ Kim Dũng,0,1
18202,Vũ Gia Hồng,0,0
36542,Dương Kim Ánh,0,0
12822,Hoàng Gia Lan,0,0
11007,Phạm Kim Khoa,0,0
46038,Đặng Đức Bảo,0,0
11478,Đặng Kim Dương,0,0
47361,Phạm Thu Châu,1,1
25740,Đặng Trần Minh,1,1
6754,Mai Thanh Vũ,0,0
79926,Lê Quang Trọng,0,0
47648,Vũ Quang Quang,0,0
24915,Phạm Đức Duyên,1,1
10372,Bùi Thu Dương,1,1
50207,Vũ Hữu Bảo,1,1
24869,Vũ Hữu Duyên,0,0
7996,Nguyễn Thu Huy,1,1
26202,Trần Ngọc Ngọc,0,0
62607,Mai Thanh Vũ,0,0
31620,Hoàng Quang Tùng,1,1
13216,Đặng Minh Vân,0,1
13255,Nguyễn Kim Dương,0,1
52790,Mai Hoàng Linh,1,1
69491,Lê Đức Yến,0,0
13874,Bùi Hữu Nhiên,0,0
9831,Bùi Kim Anh,0,0
22565,Hoàng Văn Tùng,0,0
51462,Mai Hữu Linh,0,0
27490,Vũ Thanh Trọng,0,0
6938,Phạm Thu Ánh,0,0
66839,Hoàng Quang Hương,0,1
58880,Phạm Thanh Vũ,0,1
33937,Hoàng Hoàng Anh,0,0
19684,Hoàng Thị Vũ,0,0
13187,Lê Gia Nhiên,0,1
60126,Vũ Xuân Quang,0,0
66279,Phạm Trần Thành,0,0
43269,Mai Gia Ngọc,1,0
31384,Mai Văn Bảo,0,1
83,Hoàng Ngọc Vi,0,0
48543,Mai Kim Mai,0,1
71438,Phạm Xuân Dương,0,1
25320,Mai Gia Tú,0,0
51337,Trần Xuân Quang,0,0
25880,Mai Trần Chi,0,1
30216,Trần Văn Chi,0,0
43129,Lê Xuân Anh,1,1
66355,Vũ Thanh Phúc,0,1
1133,Mai Thị Hoàng,0,0
60814,Vũ Minh Xuân,0,0
16984,Mai Quang Trọng,0,1
16029,Phạm Quang Nam,1,1
19772,Dương Gia Châu,1,1
19479,Lê Minh Lan,0,1
42720,Phạm Đức Duyên,0,1
9402,Dương Trần Thảo,0,0
5358,Lê Thị Nam,0,0
14319,Đặng Quang Khoa,0,0
10422,Vũ Thanh Minh,0,1
45033,Mai Đức Vi,0,0
5541,Đặng Quang Dũng,1,1
14711,Vũ Xuân Yến,0,0
3576,Đặng Thu Minh,0,1
33951,Bùi Hữu Hoàng,0,0
22332,Phạm Quang Quang,0,0
1284,Hoàng Thu Chi,0,0
53532,Trần Quang Dương,0,0
23957,Mai Trần Tú,0,1
7949,Đặng Trần Nam,1,1
7584,Nguyễn Xuân Anh,0,0
17830,Dương Quang Vi,0,0
42719,Dương Xuân Thảo,1,1
33156,Dương Trần Chi,0,1
50283,Lê Hoàng Dũng,0,0
72437,Vũ Thu Lan,0,0
58034,Bùi Kim Duyên,0,0
54375,Dương Minh Ngọc,0,0
61854,Hoàng Minh Hương,0,0
16789,Dương Quang Quang,0,0
4453,Mai Quang Lan,1,1
23208,Trần Hữu Vân,1,1
5838,Trần Hữu Hương,1,1
17437,Vũ Đức Minh,1,0
18254,Hoàng Minh Phúc,0,0
43266,Đặng Minh Chi,0,0
40448,Hoàng Đức Anh,0,0
58297,Dương Hữu Vi,1,1
67261,Hoàng Hữu Tú,1,1
11887,Nguyễn Ngọc Hoàng,0,1
3540,Mai Gia Lan,0,0
25099,Phạm Kim Hồng,1,0
34345,Hoàng Kim Thảo,0,1
8108,Bùi Minh Quang,0,0
32829,Hoàng Thu Quang,0,0
10361,Phạm Hữu Phúc,0,0
65138,Trần Thu Minh,0,1
74854,Phạm Minh Thành,0,1
27024,Bùi Thu Vi,0,1
48139,Bùi Minh Xuân,0,1
46340,Vũ Đức Lan,0,0
38195,Đặng Trần Nhiên,0,0
74613,Lê Thanh Khoa,0,1
19295,Mai Kim Hồng,1,0
46321,Vũ Trần Lan,0,0
58739,Vũ Văn Vân,1,1
68293,Nguyễn Kim Linh,0,1
28753,Bùi Xuân Hưng,0,0
6592,Mai Kim Phúc,0,0
20972,Trần Xuân Xuân,0,0
49810,Vũ Hoàng Vũ,1,1
39733,Bùi Xuân Vân,1,0
32213,Hoàng Hữu Tú,0,0
59358,Bùi Minh Nhiên,0,0
52796,Vũ Trần Hồng,1,1
8005,Bùi Văn Yến,0,0
23406,Lê Minh Khoa,0,1
42121,Trần Anh Trọng,0,0
41015,Hoàng Đức Phúc,0,0
55557,Phạm Thanh Mai,1,1
71510,Vũ Thị Ánh,0,1
73155,Bùi Hữu Hương,1,1
35150,Đặng Quang Hoàng,0,0
3049,Dương Thị Vi,0,0
49141,Đặng Minh Hồng,0,0
57373,Hoàng Đức Hồng,0,1
11516,Nguyễn Hoàng Vân,0,1
66367,Vũ Văn Hương,0,0
1139,Đặng Đức Mai,0,0
48638,Lê Minh Trung,0,0
62199,Lê Đức Vi,0,0
32674,Nguyễn Đức Mai,1,1
58804,Nguyễn Xuân Quang,0,1
57215,Hoàng Kim Trung,0,0
41276,Đặng Thanh Trọng,0,0
56888,Vũ Kim Linh,0,0
4901,Hoàng Trần Khoa,0,0
28886,Trần Thanh Minh,0,0
65973,Hoàng Xuân Ngọc,0,1
48843,Hoàng Hoàng Lan,0,0
50426,Trần Đức Khoa,0,0
47538,Nguyễn Quang Thảo,0,0
69896,Bùi Đức Thành,0,1
19249,Dương Xuân Thảo,0,1
9858,Phạm Thị Vũ,0,0
30291,Dương Ngọc Huy,0,1
33463,Phạm Ngọc Tú,1,1
52065,Phạm Văn Dương,0,0
67950,Hoàng Thị Ánh,0,0
51300,Trần Quang Nam,0,0
64230,Mai Quang Anh,0,0
3870,Vũ Hoàng Huy,0,0
67516,Trần Quang Hưng,1,0
70546,Mai Văn Vi,0,0
79748,Hoàng Anh Yến,0,0
25214,Nguyễn Ngọc Phúc,0,0
53927,Vũ Đức Duyên,0,0
46282,Dương Xuân Xuân,0,0
5728,Nguyễn Gia Linh,0,0
11445,Vũ Minh Nhiên,1,1
39961,Phạm Minh Quang,1,1
11734,Lê Hoàng Thành,0,0
30461,Lê Văn Minh,0,0
79180,Nguyễn Hữu Hưng,1,1
8394,Lê Ngọc Yến,0,1
47440,Bùi Quang Vi,0,0
45809,Bùi Anh Khoa,0,0
58021,Vũ Hữu Tùng,0,1
59428,Vũ Quang Quang,1,1
10531,Nguyễn Hữu Linh,0,0
14453,Mai Văn Chi,1,1
664,Trần Ngọc Hoàng,0,0
3343,Bùi Thị Lan,0,0
48485,Mai Văn Hương,1,1
54502,Phạm Hoàng Anh,1,1
11202,Phạm Thị Vi,0,0
39894,Lê Minh Châu,0,1
57708,Vũ Gia Hoàng,1,1
28589,Hoàng Hoàng Dương,1,1
17924,Nguyễn Quang Quang,0,0
53860,Phạm Thu Quang,1,1
74783,Lê Kim Chi,0,1
41191,Mai Trần Nam,0,0
62890,Đặng Thanh Hương,0,0
68510,Trần Văn Yến,1,1
68239,Bùi Hữu Hưng,0,1
4284,Nguyễn Thu Hồng,0,0
75153,Lê Văn Thành,0,0
53800,Nguyễn Hoàng Hương,0,0
36166,Hoàng Minh Minh,1,0
48167,Mai Thanh Ngọc,0,0
67252,Đặng Thị Thảo,0,0
32798,Nguyễn Thu Duyên,1,1
54693,Lê Trần Hưng,0,0
15454,Dương Anh Hoàng,0,0
55154,Lê Xuân Tú,0,0
76679,Bùi Đức Xuân,0,0
67396,Phạm Ngọc Tú,0,0
63228,Đặng Hữu Thành,0,1
42647,Bùi Văn Mai,0,0
64521,Trần Kim Mai,0,0
22367,Bùi Ngọc Duyên,1,1
39824,Lê Anh Hoàng,0,0
5486,Nguyễn Thu Tùng,0,1
19015,Dương Minh Mai,0,1
67357,Dương Trần Vi,1,1
29168,Hoàng Hoàng Trung,0,0
15437,Trần Xuân Anh,0,1
71570,Vũ Ngọc Mai,0,1
27936,Bùi Anh Mai,0,0
68585,Bùi Kim Hồng,0,1
23702,Lê Anh Xuân,0,0
48,Đặng Hữu Vi,0,0
50556,Hoàng Đức Thành,1,0
75318,Hoàng Hữu Nam,0,1
50978,Mai Thị Ánh,1,1
59622,Bùi Trần Thành,1,1
60794,Phạm Xuân Hương,0,1
58749,Dương Hoàng Thảo,0,0
42942,Vũ Hữu Hưng,1,1
14432,Trần Thanh Quang,0,0
24260,Vũ Thị Ngọc,0,1
31828,Hoàng Anh Ngọc,0,1
38988,Đặng Kim Hoàng,0,0
32945,Bùi Gia Chi,0,0
10805,Trần Ngọc Thành,0,0
66823,Vũ Minh Lan,0,0
45815,Phạm Hữu Vũ,0,1
12331,Dương Thanh Thảo,0,0
64951,Đặng Anh Anh,0,0
63149,Đặng Trần Tú,0,0
8255,Trần Thị Nhiên,0,0
58148,Nguyễn Kim Châu,1,1
39846,Bùi Thanh Duyên,0,0
44515,Vũ Đức Bảo,0,1
70739,Bùi Hữu Trung,0,0
3458,Vũ Hoàng Hồng,0,1
14422,Lê Đức Tùng,0,0
75892,Phạm Đức Hồng,0,0
19741,Hoàng Ngọc Tùng,0,0
35006,Phạm Minh Nam,0,1
13392,Trần Thị Lan,0,0
65432,Bùi Thị Nam,1,1
60289,Vũ Xuân Chi,0,0
77709,Đặng Anh Yến,0,1
37634,Trần Hữu Bảo,0,0
74459,Nguyễn Thị Trọng,0,0
6734,Dương Gia Thành,0,0
50881,Phạm Thị Huy,0,1
59039,Hoàng Trần Minh,0,0
70967,Đặng Minh Chi,0,0
20623,Nguyễn Thanh Lan,0,0
49298,Lê Hữu Duyên,0,0
8404,Hoàng Anh Bảo,0,0
24908,Bùi Xuân Huy,0,0
18239,Nguyễn Kim Vi,0,0
14529,Hoàng Hoàng Xuân,0,0
76193,Mai Hoàng Bảo,1,0
52434,Bùi Quang Vân,0,1
34007,Nguyễn Hoàng Huy,0,0
12754,Dương Quang Quang,0,0
54785,Lê Minh Chi,0,0
24347,Mai Quang Trọng,0,0
36505,Nguyễn Thu Nhiên,0,0
38231,Bùi Ngọc Yến,1,1
8826,Phạm Xuân Tú,0,0
17058,Lê Ngọc Hưng,0,0
19490,Bùi Anh Khoa,0,0
43451,Nguyễn Kim Thảo,0,0
30685,Mai Ngọc Quang,0,0
66962,Nguyễn Đức Quang,0,0
62838,Mai Ngọc Hương,1,1
28733,Trần Trần Hồng,0,1
34328,Dương Văn Thảo,0,0
51664,Bùi Thanh Tú,0,0
12911,Lê Thu Trung,0,1
50890,Bùi Hữu Vi,0,0
39220,Phạm Thanh Vi,1,1
67270,Phạm Kim Minh,0,0
79602,Hoàng Anh Hưng,1,1
3819,Bùi Thanh Dương,0,1
46146,Phạm Đức Yến,1,0
16767,Mai Minh Hương,0,1
63422,Đặng Gia Hương,0,0
66650,Bùi Quang Minh,0,0
78918,Phạm Thị Vi,0,0
44060,Lê Trần Quang,1,1
39357,Dương Hữu Hương,0,1
7275,Hoàng Gia Ánh,0,0
2444,Vũ Thu Vân,1,1
65136,Mai Xuân Chi,0,0
59276,Vũ Minh Quang,0,0
42601,Bùi Anh Hưng,0,0
56307,Trần Hữu Khoa,1,1
9574,Mai Thị Xuân,0,0
6915,Trần Anh Vũ,0,0
41465,Bùi Trần Quang,0,0
75394,Trần Anh Chi,0,0
17572,Dương Quang Thảo,0,1
17059,Phạm Hoàng Trọng,0,0
58934,Hoàng Thanh Chi,0,0
69206,Mai Hoàng Hoàng,0,0
48158,Hoàng Thị Vi,0,0
35050,Nguyễn Kim Nhiên,0,1
76592,Dương Hoàng Trọng,0,0
56350,Bùi Xuân Mai,0,0
66793,Bùi Văn Hương,1,1
40049,Mai Ngọc Hồng,0,1
62278,Lê Minh Hương,0,1
19062,Lê Kim Thành,0,0
14745,Bùi Gia Thảo,0,0
7120,Hoàng Xuân Duyên,0,0
36108,Lê Hữu Vi,0,0
8171,Đặng Đức Khoa,0,0
72741,Nguyễn Kim Ánh,0,1
36295,Đặng Đức Hương,0,0
58969,Bùi Minh Minh,0,1
22474,Vũ Anh Khoa,0,0
58508,Dương Kim Khoa,0,0
41441,Vũ Ngọc Linh,0,0
31027,Lê Thị Trung,0,0
48783,Phạm Minh Nam,0,1
14430,Phạm Thu Hồng,0,1
58261,Nguyễn Văn Tùng,0,1
67527,Bùi Xuân Huy,0,1
16425,Bùi Kim Duyên,0,0
28911,Bùi Thanh Dương,1,1
11525,Mai Hoàng Nam,0,0
56112,Bùi Văn Phúc,0,1
17884,Hoàng Thanh Quang,0,0
4674,Mai Minh Tùng,0,0
53130,Dương Văn Thành,0,0
19820,Dương Xuân Lan,0,1
74395,Vũ Gia Trọng,0,0
70261,Trần Minh Dương,0,0
38827,Đặng Kim Vũ,1,1
15365,Nguyễn Trần Dũng,0,0
9101,Phạm Hữu Bảo,0,0
16681,Hoàng Anh Vi,0,1
63019,Bùi Thanh Thành,0,0
57521,Nguyễn Quang Linh,0,0
55436,Vũ Minh Tú,0,0
50698,Nguyễn Ngọc Khoa,1,1
33136,Hoàng Văn Dương,0,0
11289,Vũ Quang Chi,0,0
3934,Mai Gia Hồng,0,1
34824,Bùi Thị Nhiên,0,1
16851,Hoàng Thanh Ánh,0,0
11888,Đặng Thu Trung,0,0
14248,Vũ Ngọc Chi,0,1
48081,Phạm Xuân Thảo,1,1
70979,Mai Anh Hương,0,0
69256,Hoàng Thanh Ánh,0,0
4213,Đặng Xuân Ánh,0,0
24961,Đặng Trần Nhiên,0,0
17270,Lê Minh Quang,0,0
15087,Phạm Ngọc Trọng,0,0
43716,Vũ Thu Khoa,0,0
3290,Nguyễn Xuân Nam,1,1
21961,Mai Anh Chi,0,0
38376,Đặng Văn Vân,0,1
26354,Phạm Xuân Ánh,0,1
37465,Mai Gia Trung,0,0
69870,Đặng Thanh Lan,0,1
67429,Vũ Kim Chi,1,1
68861,Bùi Minh Huy,0,0
50558,Phạm Thị Bảo,0,1
71387,Lê Xuân Quang,0,1
1905,Nguyễn Đức Tú,1,1
39648,Hoàng Anh Bảo,0,0
1383,Nguyễn Kim Phúc,1,1
14654,Dương Thanh Vũ,1,1
40685,Trần Thị Minh,0,0
44978,Dương Trần Nam,0,1
43336,Hoàng Hữu Linh,1,1
5590,Mai Quang Thảo,0,1
52716,Trần Hoàng Phúc,0,1
58922,Bùi Thanh Chi,0,1
69190,Mai Thanh Bảo,0,1
42524,Mai Anh Tùng,1,1
62768,Đặng Ngọc Khoa,0,0
10739,Dương Đức Thảo,1,0
11894,Dương Hoàng Mai,0,1
23281,Trần Văn Khoa,0,0
41699,Bùi Xuân Duyên,0,1
24741,Dương Thị Dương,0,0
62068,Đặng Hữu Trung,0,0
20537,Nguyễn Xuân Trọng,0,0
74679,Phạm Gia Mai,1,0
8270,Dương Gia Yến,1,1
26048,Bùi Đức Thành,1,1
2468,Lê Kim Trọng,0,0
46656,Hoàng Quang Lan,1,0
76046,Trần Thu Trọng,0,0
16074,Hoàng Hữu Tú,0,0
35521,Đặng Gia Mai,0,0
43107,Bùi Thu Anh,0,1
29709,Đặng Văn Tú,0,0
1847,Hoàng Gia Linh,0,1
77192,Mai Thị Hương,1,1
40614,Đặng Minh Khoa,0,0
44851,Lê Thanh Hương,0,0
24633,Đặng Thu Hồng,0,1
9129,Lê Xuân Nam,0,0
30790,Mai Minh Hưng,0,1
57494,Vũ Quang Mai,0,0
63436,Vũ Thị Quang,0,1
30747,Mai Thị Thảo,0,0
13302,Phạm Xuân Nam,0,1
9748,Bùi Quang Lan,1,1
48974,Nguyễn Thị Hương,1,0
78412,Đặng Gia Duyên,0,0
16601,Nguyễn Gia Vi,0,1
20106,Vũ Gia Anh,0,0
39826,Đặng Gia Minh,0,0
2067,Mai Thanh Thảo,0,0
37677,Dương Anh Ngọc,0,0
21571,Vũ Gia Quang,0,1
40435,Mai Xuân Duyên,0,0
49817,Phạm Trần Hương,0,0
20331,Đặng Minh Phúc,0,1
59062,Hoàng Kim Quang,1,1
966,Hoàng Hữu Dương,0,1
76936,Nguyễn Xuân Ngọc,1,0
72990,Vũ Thanh Duyên,0,0
67948,Hoàng Kim Yến,0,1
38003,Mai Hoàng Châu,0,1
46295,Dương Xuân Châu,0,0
47968,Trần Trần Hoàng,0,1
47755,Mai Hoàng Ánh,1,1
41086,Nguyễn Gia Dương,0,0
65990,Hoàng Thu Nhiên,0,0
3320,Nguyễn Hoàng Xuân,0,1
70878,Nguyễn Quang Thảo,0,0
53119,Dương Gia Dương,0,0
52676,Dương Anh Linh,0,0
9580,Trần Đức Hưng,1,1
68094,Bùi Thu Ánh,1,0
50000,Hoàng Hữu Quang,0,1
21188,Dương Văn Xuân,0,0
31069,Mai Xuân Linh,0,0
21152,Vũ Hữu Xuân,0,0
36307,Trần Thanh Tú,0,0
3314,Hoàng Gia Nhiên,0,0
75285,Phạm Đức Ngọc,0,0
32062,Trần Trần Mai,1,1
32534,Nguyễn Minh Vân,0,0
11428,Nguyễn Thị Dũng,1,1
51790,Bùi Minh Hưng,0,1
21657,Dương Hữu Tùng,1,1
10862,Vũ Minh Dũng,0,0
63070,Vũ Minh Huy,1,0
50598,Bùi Hữu Quang,0,0
52098,Lê Đức Châu,0,1
1981,Hoàng Anh Tùng,0,0
63693,Lê Ngọc Phúc,0,0
32474,Hoàng Thị Lan,0,0
26303,Nguyễn Thị Huy,0,0
26756,Phạm Ngọc Hương,0,0
59379,Bùi Thanh Yến,0,0
2025,Vũ Đức Hồng,1,1
53772,Vũ Văn Huy,0,0
1582,Bùi Ngọc Hưng,0,0
47780,Đặng Thu Khoa,1,1
45214,Trần Trần Minh,0,0
14928,Dương Kim Hương,0,1
32295,Dương Thanh Minh,0,0
67494,Hoàng Gia Ánh,0,1
40116,Vũ Hữu Linh,1,1
71559,Dương Kim Vi,0,0
22209,Dương Đức Ngọc,1,0
43865,Mai Văn Hưng,0,1
56328,Hoàng Thu Bảo,0,0
42735,Lê Văn Dương,0,1
64742,Dương Quang Dương,0,0
70539,Trần Minh Khoa,1,0
19374,Dương Minh Khoa,0,0
20777,Nguyễn Đức Hương,0,0
26954,Mai Văn Yến,0,0
23621,Mai Gia Vũ,0,1
34712,Lê Quang Vi,0,0
15502,Lê Hữu Ánh,0,0
10563,Phạm Anh Trung,1,1
41494,Nguyễn Thanh Ánh,0,0
108,Hoàng Thị Bảo,0,1
3139,Dương Ngọc Huy,1,1
41155,Vũ Văn Hương,0,1
21967,Đặng Văn Hưng,0,0
58429,Phạm Thị Dương,0,0
547,Vũ Xuân Quang,0,1
67116,Bùi Xuân Lan,1,1
22312,Vũ Thị Vi,0,1
50007,Nguyễn Gia Tú,1,1
50466,Hoàng Văn Hương,0,1
12151,Dương Đức Minh,0,0
74851,Bùi Hữu Yến,1,0
8396,Vũ Thu Hưng,0,1
51378,Bùi Hoàng Ánh,0,1
55191,Hoàng Gia Chi,1,1
30465,Dương Gia Hưng,0,1
35340,Bùi Trần Ngọc,0,1
1719,Bùi Thanh Vi,0,0
21135,Nguyễn Thị Anh,0,0
33167,Dương Minh Tùng,0,0
36670,Đặng Gia Hồng,0,0
229,Mai Ngọc Nam,0,0
49799,Mai Hữu Thảo,0,0
69847,Vũ Văn Bảo,0,0
35628,Dương Thanh Linh,1,0
30916,Đặng Hữu Vũ,0,1
20911,Lê Kim Nhiên,0,0
23391,Vũ Xuân Dũng,1,1
14621,Hoàng Quang Khoa,0,1
1489,Mai Trần Tùng,0,0
50498,Hoàng Minh Ngọc,0,0
31705,Bùi Ngọc Phúc,0,1
6873,Vũ Thị Trung,0,1
10282,Trần Văn Mai,1,1
48928,Lê Thị Lan,0,0
66804,Vũ Thị Hồng,0,0
4044,Vũ Anh Hương,0,0
17397,Dương Đức Lan,0,0
78658,Đặng Hoàng Châu,0,1
23623,Trần Thu Ngọc,0,0
60222,Lê Thanh Ngọc,0,0
48774,Lê Anh Phúc,0,0
29793,Phạm Quang Hồng,0,0
49864,Đặng Thu Thảo,1,0
4264,Bùi Ngọc Mai,0,0
57735,Vũ Trần Dương,0,0
23855,Mai Anh Nam,0,1
43872,Đặng Thu Châu,0,0
6040,Dương Đức Dương,0,1
24155,Trần Hữu Hương,0,0
50599,Trần Gia Hương,0,0
20934,Trần Minh Xuân,0,1
37111,Mai Hoàng Thành,0,0
19963,Bùi Anh Quang,0,1
44285,Dương Đức Xuân,1,1
49152,Hoàng Trần Châu,0,0
56405,Hoàng Hữu Trọng,0,0
68747,Hoàng Thu Trọng,0,1
52549,Lê Ngọc Xuân,1,1
70378,Phạm Kim Anh,0,1
26531,Hoàng Hoàng Hồng,0,1
79266,Nguyễn Đức Ngọc,1,1
71342,Đặng Thu Hưng,0,0
7668,Hoàng Trần Xuân,1,1
64985,Bùi Đức Thành,0,0
68337,Bùi Minh Duyên,0,0
56002,Mai Thu Châu,0,1
61009,Đặng Hoàng Thành,0,1
1915,Bùi Thị Vân,1,1
60480,Hoàng Gia Trung,0,1
71460,Trần Văn Vân,0,1
8082,Bùi Thu Vân,1,0
18248,Trần Kim Chi,0,0
44916,Trần Quang Yến,1,0
71351,Vũ Gia Châu,0,1
29731,Dương Hữu Nhiên,0,1
64255,Lê Trần Nhiên,0,0
34127,Vũ Anh Trung,1,1
26267,Dương Quang Vi,0,0
40710,Vũ Trần Trọng,0,0
77972,Lê Hoàng Chi,0,0
21204,Dương Gia Mai,0,1
56374,Trần Quang Vi,0,0
28380,Bùi Đức Trung,0,0
64608,Trần Anh Nam,0,0
72959,Phạm Trần Trung,0,0
8904,Dương Thanh Vân,0,0
50315,Bùi Hữu Hoàng,1,0
63106,Đặng Trần Duyên,0,0
19335,Dương Hữu Châu,0,0
68802,Vũ Đức Thảo,0,0
5577,Trần Quang Huy,0,0
53439,Vũ Ngọc Quang,0,1
75427,Đặng Đức Duyên,1,1
69970,Nguyễn Quang Trung,0,0
48864,Nguyễn Đức Anh,0,0
60220,Nguyễn Minh Trung,0,1
31972,Đặng Minh Trung,1,1
58433,Hoàng Quang Ánh,0,0
64839,Trần Hữu Dương,0,0
42637,Bùi Thanh Duyên,0,0
11526,Trần Hữu Quang,0,0
53792,Đặng Hữu Nam,1,1
33392,Đặng Văn Yến,0,1
54475,Nguyễn Minh Châu,0,0
32112,Hoàng Anh Thảo,0,0
36227,Hoàng Đức Hương,0,0
79022,Nguyễn Quang Thành,0,0
78600,Dương Xuân Vi,0,0
1925,Vũ Hoàng Trọng,0,0
14740,Phạm Trần Thành,0,0
9277,Nguyễn Văn Quang,0,0
20443,Đặng Xuân Ánh,0,0
36728,Mai Văn Ánh,0,0
48298,Đặng Gia Ngọc,0,1
49587,Mai Quang Trung,0,0
24341,Trần Anh Quang,1,1
75482,Bùi Kim Bảo,0,0
1039,Lê Quang Lan,0,0
70280,Đặng Đức Huy,0,1
50922,Hoàng Anh Anh,0,0
39984,Bùi Minh Minh,0,1
67829,Lê Thu Yến,1,1
4989,Bùi Hoàng Ánh,1,0
20936,Vũ Minh Thành,0,0
16840,Dương Hoàng Vi,0,0
75248,Hoàng Trần Hoàng,0,0
6427,Bùi Gia Trọng,0,0
49394,Vũ Xuân Ánh,0,1
79310,Phạm Trần Hồng,0,1
32989,Lê Ngọc Dũng,0,1
31960,Mai Thị Linh,0,0
36610,Trần Anh Huy,0,1
55620,Hoàng Thanh Dũng,1,1
524,Bùi Minh Tùng,0,0
39887,Đặng Văn Trung,0,0
54946,Lê Hoàng Huy,1,1
39472,Hoàng Xuân Bảo,0,0
76917,Hoàng Đức Thành,0,0
51806,Đặng Hoàng Vũ,0,1
74572,Bùi Kim Duyên,1,0
19645,Bùi Ngọc Hương,1,1
6223,Đặng Gia Yến,1,1
38346,Lê Xuân Tú,0,0
64077,Dương Thị Châu,0,1
42828,Trần Thị Châu,0,0
16509,Mai Thị Hưng,0,0
43215,Bùi Thanh Tú,0,0
75299,Nguyễn Xuân Vân,0,1
5483,Vũ Quang Chi,1,1
66161,Dương Anh Dương,0,0
19245,Vũ Kim Tùng,0,0
35862,Bùi Hoàng Thảo,1,1
74026,Trần Ngọc Phúc,0,1
14514,Lê Đức Châu,0,0
70698,Phạm Đức Vi,0,0
41693,Lê Hoàng Mai,0,1
2491,Dương Thu Trọng,0,0
4928,Trần Kim Dương,0,0
62140,Vũ Trần Quang,0,0
50550,Lê Gia Dương,0,0
71490,Mai Thanh Mai,0,1
30779,Dương Kim Mai,0,0
46810,Mai Hoàng Xuân,0,0
10102,Nguyễn Đức Vân,0,0
45256,Nguyễn Đức Xuân,1,1
68517,Trần Hữu Dương,0,1
72915,Bùi Kim Châu,1,1
12234,Vũ Kim Linh,1,1
19744,Lê Thu Yến,0,0
76803,Đặng Thanh Ánh,0,0
20128,Lê Thị Dũng,0,1
15720,Phạm Kim Vân,0,0
67159,Đặng Anh Phúc,1,1
32293,Mai Minh Vũ,0,0
27553,Vũ Trần Dương,0,0
73531,Lê Thu Phúc,0,0
9151,Dương Thanh Linh,1,1
48700,Nguyễn Hữu Minh,0,0
53074,Dương Trần Châu,1,0
69587,Lê Thị Ánh,0,0
1058,Vũ Văn Xuân,1,1
5308,Mai Ngọc Huy,0,0
43388,Vũ Gia Nam,0,0
59600,Nguyễn Gia Ngọc,0,0
55627,Đặng Đức Quang,0,0
6056,Hoàng Kim Vân,0,0
66165,Hoàng Thanh Thảo,1,1
25987,Nguyễn Gia Nam,1,1
34562,Dương Hữu Trọng,0,0
44972,Phạm Quang Anh,0,1
2850,Nguyễn Ngọc Ánh,0,0
71409,Bùi Xuân Hương,0,1
68328,Trần Kim Nam,0,0
3211,Mai Thanh Thảo,0,0
9894,Đặng Hoàng Hưng,0,1
65442,Dương Kim Dũng,0,0
34408,Nguyễn Anh Yến,1,1
10556,Phạm Thị Ngọc,1,1
19430,Bùi Ngọc Bảo,0,0
21497,Mai Ngọc Hoàng,0,0
32894,Dương Quang Vi,0,0
8400,Dương Gia Hương,0,0
2039,Lê Kim Mai,1,1
27588,Đặng Quang Quang,0,0
4073,Mai Trần Trọng,1,1
69395,Phạm Quang Duyên,1,1
24078,Vũ Hữu Huy,0,0
49984,Phạm Quang Minh,0,0
41219,Hoàng Thu Mai,0,0
79226,Nguyễn Văn Quang,0,1
79420,Dương Thanh Duyên,1,1
7251,Phạm Thị Hưng,0,1
47845,Nguyễn Quang Phúc,0,1
48449,Vũ Minh Hương,0,1
5305,Nguyễn Trần Minh,0,0
17934,Mai Đức Bảo,0,0
33387,Đặng Văn Hoàng,1,1
67483,Dương Ngọc Linh,1,1
72406,Trần Hoàng Dương,0,0
7189,Đặng Hoàng Hồng,0,1
24424,Dương Văn Hưng,1,1
39709,Lê Gia Vân,0,1
15841,Đặng Xuân Nam,0,0
40334,Trần Thị Quang,0,0
19028,Trần Thanh Trung,1,1
57574,Nguyễn Quang Xuân,0,0
38755,Nguyễn Minh Nhiên,0,0
64313,Trần Thu Anh,0,1
71233,Hoàng Thị Châu,0,0
58,Bùi Thanh Khoa,0,1
46170,Bùi Thị Huy,0,0
2138,Dương Trần Quang,0,1
3396,Vũ Văn Anh,0,1
8863,Đặng Thanh Ngọc,0,1
45292,Hoàng Hoàng Vi,1,1
49197,Dương Gia Nhiên,0,0
45579,Phạm Thu Vi,0,1
54109,Vũ Hữu Tùng,0,0
15358,Mai Đức Nhiên,0,0
62480,Nguyễn Văn Nhiên,0,0
73417,Bùi Hoàng Huy,0,0
61185,Đặng Văn Linh,0,0
61193,Vũ Minh Hoàng,0,0
63409,Trần Thanh Tùng,0,0
13294,Dương Hữu Vân,0,0
51184,Mai Đức Quang,1,1
50903,Hoàng Văn Vũ,1,1
1788,Phạm Minh Bảo,0,0
26384,Vũ Trần Yến,0,0
59031,Lê Trần Chi,0,0
17032,Trần Hoàng Linh,0,0
70937,Đặng Thị Thành,1,1
64064,Trần Anh Dũng,0,1
55751,Bùi Quang Hương,0,0
25569,Đặng Minh Châu,1,1
37065,Hoàng Ngọc Linh,1,0
12569,Bùi Đức Vân,1,0
8782,Trần Văn Khoa,1,1
70990,Nguyễn Thị Chi,0,1
58318,Nguyễn Thị Hương,0,0
11690,Hoàng Trần Quang,1,0
73159,Lê Thị Xuân,0,1
65272,Hoàng Đức Xuân,0,0
19196,Mai Anh Minh,0,0
45574,Đặng Gia Linh,1,0
52649,Trần Thị Nam,0,1
57625,Đặng Gia Huy,0,0
47298,Nguyễn Minh Phúc,0,1
72611,Mai Gia Vi,1,1
4377,Trần Kim Thảo,0,1
52458,Hoàng Hoàng Duyên,0,0
11262,Đặng Thị Hồng,0,1
38724,Dương Hoàng Anh,1,1
16978,Phạm Hữu Vũ,0,0
43012,Mai Thanh Hưng,0,0
44983,Dương Hoàng Duyên,0,0
37286,Dương Thanh Huy,0,0
23049,Mai Hữu Tú,1,0
44440,Phạm Anh Huy,0,1
61005,Vũ Đức Linh,0,0
15604,Lê Minh Châu,0,0
31563,Đặng Thanh Minh,0,0
70566,Hoàng Thu Dũng,0,0
67272,Trần Thanh Khoa,1,0
56355,Trần Văn Trung,1,1
32425,Dương Văn Phúc,0,1
943,Trần Hữu Ánh,0,0
78709,Bùi Kim Thảo,1,0
28184,Nguyễn Quang Thành,0,0
19615,Vũ Ngọc Dũng,0,0
60349,Phạm Trần Duyên,1,1
74965,Hoàng Minh Hưng,0,0
46615,Mai Minh Minh,0,0
69497,Hoàng Thị Trọng,0,1
64826,Phạm Minh Hương,0,0
68359,Dương Anh Dương,1,0
57773,Lê Kim Anh,0,0
18080,Mai Hữu Vũ,1,1
35375,Lê Thị Ngọc,1,1
44850,Trần Thanh Dương,0,0
27788,Lê Thanh Trọng,0,0
37407,Đặng Xuân Ánh,0,0
30008,Mai Anh Tùng,0,0
45837,Mai Anh Vi,1,1
75362,Nguyễn Xuân Vân,0,0
31086,Mai Hoàng Phúc,0,1
43717,Vũ Hữu Quang,0,0
56458,Vũ Đức Mai,1,1
28529,Trần Gia Quang,0,1
41315,Vũ Ngọc Châu,0,0
77052,Đặng Xuân Linh,0,0
53260,Nguyễn Đức Anh,0,1
77612,Hoàng Ngọc Linh,0,0
6700,Phạm Ngọc Vi,0,0
29478,Dương Trần Yến,0,1
33883,Phạm Kim Hoàng,1,1
63771,Nguyễn Ngọc Châu,0,0
32291,Trần Anh Nam,0,0
64236,Phạm Hoàng Thành,0,0
60412,Đặng Hữu Châu,0,0
50950,Nguyễn Trần Phúc,1,1
42762,Vũ Văn Huy,0,1
10400,Dương Xuân Phúc,0,1
27271,Hoàng Hoàng Quang,0,0
46990,Mai Đức Lan,0,0
31887,Phạm Ngọc Minh,0,0
49818,Mai Thu Trung,0,0
17262,Đặng Thị Trọng,0,0
10138,Phạm Ngọc Quang,0,0
47372,Phạm Thanh Dương,1,1
65547,Đặng Kim Dương,0,0
61768,Bùi Ngọc Duyên,0,1
48123,Bùi Thanh Khoa,0,0
53737,Dương Hoàng Anh,0,0
12887,Lê Quang Thành,0,0
243,Lê Minh Ánh,0,0
11755,Trần Thị Lan,0,0
62747,Vũ Thị Quang,0,0
12009,Dương Ngọc Minh,0,0
25013,Trần Thanh Ngọc,0,1
29421,Lê Kim Vi,1,1
62511,Đặng Đức Trọng,0,1
20034,Dương Đức Hương,0,0
64632,Đặng Trần Chi,1,0
51968,Lê Gia Mai,1,1
35872,Trần Thu Ánh,0,1
61943,Dương Hoàng Tú,0,0
20687,Vũ Xuân Trọng,0,1
27917,Vũ Thị Phúc,0,1
12679,Trần Quang Duyên,0,1
29663,Mai Thị Nhiên,1,1
24672,Lê Minh Quang,0,0
29756,Hoàng Quang Trọng,0,0
48805,Bùi Trần Linh,0,0
28439,Đặng Minh Ngọc,1,1
35071,Nguyễn Gia Phúc,0,0
2890,Bùi Thanh Hương,1,0
5078,Nguyễn Gia Xuân,0,0
14651,Đặng Minh Duyên,1,1
65695,Bùi Thanh Khoa,0,0
62708,Dương Đức Mai,0,0
58912,Lê Trần Phúc,0,0
38100,Nguyễn Ngọc Trung,0,1
46252,Trần Gia Vũ,0,0
59870,Mai Thị Vũ,0,1
12960,Đặng Trần Huy,1,1
72334,Phạm Minh Dũng,0,1
19342,Vũ Anh Dũng,0,0
9661,Bùi Văn Ánh,0,1
53339,Vũ Quang Yến,0,0
6443,Vũ Đức Hưng,0,0
21919,Dương Minh Lan,0,0
30534,Nguyễn Ngọc Nhiên,0,1
12641,Hoàng Thị Tùng,1,1
68644,Mai Gia Quang,0,0
31395,Nguyễn Hoàng Trung,0,1
6075,Mai Anh Linh,0,0
59772,Dương Trần Thảo,1,0
63539,Trần Hoàng Mai,0,1
38963,Đặng Trần Tú,0,0
64813,Hoàng Kim Quang,1,1
45932,Hoàng Xuân Ánh,0,0
6819,Nguyễn Xuân Bảo,1,1
28049,Lê Thu Minh,1,1
58310,Vũ Văn Chi,0,0
66821,Bùi Xuân Hoàng,0,0
69875,Trần Văn Duyên,1,1
4181,Hoàng Văn Ngọc,0,0
19600,Trần Hữu Hưng,1,1
6972,Dương Kim Tú,0,0
50147,Lê Văn Hương,0,0
48384,Đặng Gia Vũ,0,0
14468,Phạm Ngọc Châu,1,1
18328,Vũ Đức Hồng,1,1
18999,Trần Xuân Khoa,0,1
70522,Mai Anh Trọng,0,0
53730,Nguyễn Hoàng Khoa,0,0
40557,Dương Thị Thảo,1,1
34043,Mai Gia Mai,0,0
45739,Nguyễn Hoàng Dương,0,0
76024,Vũ Hoàng Ngọc,0,0
57348,Nguyễn Đức Bảo,0,0
5473,Đặng Gia Tú,1,1
21875,Phạm Ngọc Nhiên,0,0
67974,Bùi Trần Dũng,1,1
65199,Nguyễn Ngọc Hưng,0,0
19450,Lê Gia Linh,0,0
69534,Mai Xuân Vi,0,0
48797,Đặng Thanh Lan,0,0
19895,Dương Thị Hưng,0,0
38935,Trần Trần Yến,0,1
43121,Nguyễn Hoàng Chi,1,0
48537,Mai Xuân Hưng,0,1
50118,Nguyễn Thị Dũng,0,1
48164,Trần Thị Hương,0,1
40295,Vũ Gia Thành,1,1
541,Lê Xuân Ánh,0,0
4231,Dương Thị Quang,1,1
39770,Bùi Trần Lan,1,1
46311,Đặng Gia Dương,0,0
50003,Nguyễn Trần Dương,0,0
31025,Phạm Thanh Xuân,0,0
6789,Mai Thanh Hoàng,0,0
73605,Mai Văn Phúc,1,1
1879,Bùi Anh Ánh,0,0
69622,Mai Đức Nam,0,0
57608,Nguyễn Thanh Nhiên,1,1
45109,Bùi Thanh Quang,1,1
27831,Trần Kim Minh,0,0
8653,Vũ Văn Ngọc,1,1
609,Trần Thanh Dương,0,1
19707,Mai Thu Xuân,0,0
32284,Phạm Kim Trọng,0,0
37136,Hoàng Hữu Dũng,0,0
71074,Lê Văn Quang,0,0
4384,Hoàng Ngọc Khoa,0,0
37844,Bùi Minh Dương,0,0
77409,Đặng Thu Nam,0,1
3346,Phạm Thu Thảo,0,1
35913,Mai Kim Trung,0,0
75991,Dương Quang Thành,0,1
52108,Bùi Hoàng Lan,0,1
65687,Hoàng Hữu Nam,0,1
13691,Dương Ngọc Vũ,0,0
75067,Mai Minh Huy,0,0
62959,Mai Thanh Lan,0,1
70910,Trần Thu Dũng,0,1
10505,Dương Thị Chi,1,1
21794,Mai Ngọc Hồng,1,1
30383,Trần Ngọc Duyên,0,0
48022,Phạm Quang Nhiên,0,0
14716,Đặng Hữu Hoàng,0,1
41843,Mai Đức Ngọc,0,1
38168,Trần Gia Trọng,0,0
61043,Bùi Thanh Linh,0,0
32694,Nguyễn Thu Hồng,0,0
32266,Trần Ngọc Phúc,0,0
40085,Lê Minh Vũ,0,0
55589,Hoàng Gia Tú,0,0
49991,Mai Minh Lan,0,0
63339,Hoàng Hữu Lan,0,0
77323,Mai Đức Thảo,0,0
49069,Đặng Thu Yến,0,0
19838,Hoàng Hoàng Vũ,0,1
12377,Phạm Trần Tùng,0,0
73383,Phạm Xuân Minh,1,1
65344,Vũ Quang Nam,0,0
71563,Lê Hoàng Châu,0,0
29625,Lê Thanh Ánh,0,0
23038,Bùi Hữu Bảo,0,0
60926,Mai Trần Quang,0,0
64793,Vũ Thanh Tùng,0,1
3910,Lê Thị Quang,0,0
50183,Trần Gia Dũng,0,1
37970,Hoàng Trần Tùng,0,0
48426,Dương Văn Nam,1,1
76994,Vũ Ngọc Xuân,0,1
77087,Hoàng Ngọc Hưng,1,1
59917,Dương Quang Tú,1,0
68184,Phạm Đức Chi,0,0
44730,Đặng Ngọc Minh,0,0
38901,Bùi Anh Linh,0,0
3763,Bùi Hữu Khoa,0,0
75884,Hoàng Anh Minh,0,0
31309,Lê Văn Linh,0,0
3036,Mai Hữu Xuân,0,0
16505,Trần Trần Thảo,0,0
66310,Đặng Thanh Trung,0,0
76128,Bùi Thị Yến,0,1
34076,Hoàng Trần Xuân,0,0
31105,Vũ Ngọc Tú,0,0
76955,Dương Thị Dương,0,0
78024,Mai Xuân Tú,0,0
58368,Dương Kim Dương,0,0
71915,Phạm Minh Khoa,0,1
21020,Nguyễn Ngọc Vũ,0,0
55053,Hoàng Trần Yến,0,0
28937,Đặng Hoàng Hoàng,0,0
42653,Bùi Thị Dương,0,0
26184,Bùi Thị Tú,0,0
44076,Lê Xuân Phúc,0,0
43996,Phạm Văn Duyên,1,1
79643,Đặng Kim Bảo,0,1
1329,Vũ Trần Thảo,0,0
66065,Trần Quang Dương,0,0
30071,Vũ Ngọc Trọng,0,1
29534,Nguyễn Thị Huy,0,1
36426,Hoàng Minh Hưng,0,0
38075,Dương Ngọc Ngọc,0,0
10376,Mai Thị Yến,1,1
59435,Bùi Văn Hưng,0,0
33608,Mai Minh Trọng,0,1
52156,Mai Thanh Tú,0,1
78826,Mai Gia Quang,0,0
31076,Phạm Kim Trung,0,0
33648,Vũ Kim Tùng,0,0
74793,Dương Thị Phúc,0,1
15537,Vũ Đức Bảo,0,0
68439,Phạm Minh Lan,0,1
56358,Nguyễn Ngọc Xuân,0,0
10242,Mai Đức Hồng,1,1
49712,Trần Xuân Trọng,0,0
17994,Bùi Văn Nam,0,0
10825,Dương Gia Ánh,0,0
17754,Lê Kim Lan,1,1
37204,Lê Trần Duyên,0,0
58835,Lê Anh Tú,0,0
43923,Mai Kim Nam,0,0
1957,Dương Văn Hồng,1,1
68702,Hoàng Quang Nhiên,0,0
72666,Vũ Gia Khoa,0,0
51224,Trần Hoàng Vũ,0,1
21181,Nguyễn Văn Hoàng,0,0
10386,Lê Anh Hồng,0,0
34648,Mai Hữu Chi,0,0
46867,Hoàng Thu Dương,1,0
27408,Phạm Thu Mai,1,1
8654,Bùi Thanh Hương,0,0
69283,Vũ Gia Châu,1,0
9263,Trần Minh Duyên,1,1
45218,Trần Kim Hồng,0,0
75515,Lê Anh Linh,0,0
45387,Trần Gia Vũ,1,1
66306,Vũ Gia Ánh,0,1
68263,Hoàng Đức Nhiên,1,1
39316,Hoàng Minh Bảo,1,1
78426,Vũ Hữu Dương,0,0
73368,Nguyễn Hữu Hương,0,0
65111,Nguyễn Hữu Ngọc,1,1
53099,Lê Quang Mai,0,0
61134,Phạm Thị Bảo,0,0
54954,Bùi Anh Yến,0,0
1700,Lê Thu Linh,0,0
45258,Mai Xuân Hương,0,1
53614,Mai Thanh Yến,0,0
11017,Vũ Thu Vi,0,1
21737,Trần Quang Quang,1,0
15223,Nguyễn Quang Yến,1,1
7534,Dương Thanh Mai,0,0
18859,Bùi Kim Khoa,0,1
16053,Dương Thanh Ánh,1,1
42317,Phạm Quang Tùng,1,1
18984,Phạm Xuân Vi,0,0
1694,Đặng Đức Duyên,1,1
887,Dương Thị Chi,0,0
6408,Mai Thu Vân,1,1
67448,Lê Thị Yến,1,0
52943,Vũ Thị Ánh,1,1
1162,Bùi Trần Mai,0,0
35063,Mai Anh Linh,1,1
27147,Phạm Gia Phúc,0,0
64068,Đặng Đức Duyên,0,0
71730,Bùi Quang Duyên,0,1
59481,Đặng Minh Ngọc,0,0
59648,Bùi Quang Xuân,0,1
76192,Mai Hoàng Minh,0,0
14903,Hoàng Kim Yến,0,0
50512,Trần Gia Tùng,1,1
57329,Phạm Văn Hoàng,0,0
28263,Dương Đức Trọng,0,0
45644,Đặng Thanh Tùng,0,0
45942,Lê Thị Trung,1,1
4545,Hoàng Kim Châu,1,1
50522,Bùi Hoàng Duyên,0,0
3145,Trần Ngọc Minh,0,0
15759,Đặng Gia Trọng,0,0
60304,Nguyễn Minh Hưng,0,0
19037,Phạm Ngọc Vũ,0,0
68927,Trần Trần Thành,0,0
433,Nguyễn Ngọc Duyên,0,0
45667,Vũ Thu Hồng,1,1
10550,Vũ Ngọc Hưng,1,1
10118,Hoàng Anh Thành,0,1
49380,Vũ Thanh Quang,0,0
1428,Phạm Thanh Minh,0,1
22362,Trần Minh Khoa,0,1
54394,Vũ Thanh Hương,0,0
27323,Đặng Đức Quang,0,0
36799,Vũ Trần Khoa,0,0
35622,Nguyễn Quang Hồng,0,0
38196,Trần Trần Mai,0,0
57825,Đặng Minh Dũng,0,0
2378,Dương Trần Tùng,1,1
41826,Dương Quang Yến,0,0
70908,Dương Anh Ngọc,0,1
17410,Dương Quang Ngọc,1,1
18749,Nguyễn Thị Duyên,0,0
18365,Vũ Ngọc Dương,0,0
71935,Nguyễn Ngọc Trung,0,1
56081,Hoàng Kim Tú,1,1
10664,Trần Quang Chi,0,1
5423,Dương Văn Yến,1,1
26053,Mai Đức Châu,0,1
40570,Đặng Xuân Nam,0,0
24506,Phạm Ngọc Ánh,1,0
78535,Phạm Hữu Huy,0,0
4945,Mai Văn Hưng,0,0
67732,Vũ Văn Yến,0,1
61012,Dương Văn Dương,0,0
52167,Nguyễn Xuân Lan,0,0
72356,Trần Xuân Ánh,0,1
74485,Trần Hữu Lan,0,0
18769,Mai Quang Trung,0,1
20482,Mai Thị Hương,1,1
78697,Trần Gia Thảo,0,1
38771,Bùi Gia Quang,0,0
77295,Phạm Anh Hồng,0,1
42313,Hoàng Hữu Tú,0,0
64056,Nguyễn Quang Hương,0,0
24296,Nguyễn Ngọc Dũng,0,0
62466,Nguyễn Xuân Tú,0,0
51172,Nguyễn Hữu Tú,0,0
48339,Hoàng Quang Ngọc,0,0
67294,Mai Hoàng Duyên,1,1
41613,Bùi Quang Trọng,0,0
59805,Nguyễn Kim Trọng,1,1
30618,Nguyễn Xuân Ngọc,0,0
74340,Vũ Trần Phúc,0,0
58259,Hoàng Gia Chi,1,1
513,Lê Thu Hồng,0,0
40870,Mai Thanh Hồng,0,0
67507,Đặng Gia Phúc,0,1
56677,Dương Xuân Phúc,0,0
40123,Phạm Thị Châu,0,1
75034,Hoàng Đức Duyên,0,0
44372,Lê Văn Phúc,0,0
66075,Mai Quang Thành,0,0
47431,Đặng Ngọc Châu,0,0
48165,Nguyễn Văn Xuân,0,1
41760,Phạm Đức Nam,1,1
37841,Nguyễn Thu Mai,0,0
17774,Hoàng Gia Ngọc,1,0
74411,Bùi Văn Vũ,0,0
45466,Bùi Hoàng Tùng,0,0
9180,Dương Anh Duyên,0,0
41385,Dương Thị Ánh,0,0
40113,Đặng Anh Trung,0,0
47309,Vũ Hoàng Thành,1,0
33056,Nguyễn Xuân Thành,0,0
70736,Bùi Hữu Quang,0,1
27250,Bùi Quang Khoa,0,1
61673,Đặng Văn Quang,0,0
41620,Đặng Hoàng Xuân,0,1
28106,Hoàng Ngọc Khoa,1,1
34934,Trần Minh Hồng,0,0
6131,Hoàng Minh Minh,0,0
78671,Dương Ngọc Ánh,0,1
9290,Hoàng Thị Thảo,0,0
16350,Bùi Hoàng Hương,0,0
51812,Mai Văn Phúc,0,0
68369,Lê Ngọc Ngọc,0,0
68763,Nguyễn Minh Tú,0,1
12114,Vũ Ngọc Phúc,1,1
46377,Vũ Gia Thảo,0,0
75628,Lê Trần Quang,0,0
77457,Phạm Xuân Quang,0,1
52497,Mai Quang Vân,0,0
6917,Dương Anh Thành,0,0
4170,Đặng Minh Phúc,0,0
57918,Vũ Thanh Nhiên,0,0
17574,Dương Hữu Lan,0,0
23249,Vũ Trần Bảo,0,0
7809,Bùi Minh Nhiên,0,0
78370,Trần Thị Mai,0,1
4133,Mai Ngọc Trọng,0,0
73764,Dương Thu Tú,0,1
2906,Bùi Thu Ánh,0,1
17995,Phạm Gia Minh,0,1
21510,Mai Thanh Vi,0,0
26162,Vũ Hoàng Tú,0,0
58709,Nguyễn Thanh Anh,0,0
16069,Trần Văn Minh,0,0
67919,Hoàng Anh Dương,0,0
1714,Vũ Thanh Bảo,1,1
22729,Hoàng Thị Anh,0,0
12515,Trần Anh Ánh,0,0
41370,Trần Quang Xuân,0,0
64558,Nguyễn Xuân Vi,0,0
11585,Hoàng Trần Tú,0,0
11190,Lê Hữu Linh,0,0
22930,Phạm Xuân Hoàng,0,1
36321,Lê Hoàng Tùng,0,0
28251,Vũ Thị Trung,0,1
36171,Dương Thị Hưng,0,0
15313,Lê Anh Mai,0,0
68208,Lê Kim Duyên,0,0
62758,Dương Ngọc Hương,0,0
43959,Đặng Thanh Hồng,1,1
25019,Dương Minh Thành,0,0
62774,Hoàng Văn Dũng,0,0
49469,Hoàng Quang Dương,0,0
69324,Dương Hoàng Thành,0,0
11239,Hoàng Hoàng Anh,1,1
59223,Phạm Trần Ngọc,0,0
11653,Dương Thanh Lan,0,0
21415,Phạm Xuân Huy,0,0
50286,Phạm Thanh Thành,0,1
69865,Nguyễn Thanh Tú,0,0
6063,Nguyễn Minh Duyên,0,0
28631,Mai Thị Bảo,1,0
73495,Vũ Văn Ánh,1,1
35034,Đặng Hoàng Huy,0,0
31064,Trần Hữu Xuân,1,1
10523,Nguyễn Thị Hương,0,0
63281,Vũ Anh Hoàng,1,1
9148,Trần Văn Lan,0,0
76283,Bùi Minh Nam,0,0
43663,Nguyễn Gia Quang,0,0
4009,Đặng Gia Chi,0,1
62816,Lê Hữu Huy,0,0
30962,Trần Hoàng Vân,0,0
36217,Hoàng Thanh Hồng,1,0
11031,Phạm Thu Anh,0,0
45098,Nguyễn Ngọc Trung,0,1
46202,Bùi Minh Yến,1,1
20611,Đặng Đức Khoa,0,0
31520,Trần Đức Ánh,0,0
1013,Mai Hữu Tùng,1,0
5280,Đặng Đức Ngọc,0,0
57927,Nguyễn Kim Hồng,0,0
32001,Lê Xuân Nhiên,1,0
20042,Trần Kim Châu,0,0
8167,Vũ Ngọc Linh,0,0
43241,Dương Thu Phúc,0,1
33995,Nguyễn Xuân Khoa,1,1
5335,Phạm Anh Thành,1,1
8911,Phạm Quang Quang,0,0
12544,Vũ Trần Hồng,0,0
75408,Nguyễn Hữu Ánh,0,1
4343,Bùi Hoàng Dương,0,1
35511,Dương Anh Minh,0,0
49873,Mai Hoàng Phúc,0,0
53344,Vũ Trần Dương,0,0
8272,Mai Anh Ánh,0,0
68168,Mai Hoàng Vi,1,1
14696,Vũ Quang Quang,1,1
64199,Lê Anh Hồng,0,0
16850,Mai Xuân Châu,0,0
67407,Lê Thu Yến,1,1
7244,Vũ Đức Ngọc,0,1
17656,Hoàng Hoàng Quang,1,1
61191,Hoàng Thu Hưng,1,1
79155,Nguyễn Gia Hương,0,0
68609,Mai Văn Hồng,0,1
49950,Bùi Thanh Hương,0,0
68306,Trần Thanh Anh,0,0
27544,Đặng Thị Bảo,0,0
53277,Hoàng Gia Bảo,1,0
33651,Phạm Quang Minh,0,0
33582,Nguyễn Văn Thảo,1,1
28669,Dương Đức Trọng,0,1
6619,Đặng Quang Hoàng,0,0
3107,Hoàng Anh Phúc,0,0
16588,Trần Xuân Nhiên,0,0
34275,Phạm Hoàng Lan,0,0
78660,Hoàng Thanh Linh,1,1
24774,Hoàng Thị Vân,1,1
42490,Trần Anh Hoàng,0,0
25073,Hoàng Ngọc Anh,1,1
66359,Bùi Ngọc Quang,0,1
56837,Mai Xuân Quang,0,0
41319,Vũ Gia Hương,0,0
43943,Lê Quang Nam,0,1
9055,Đặng Thị Thành,0,1
63139,Bùi Trần Dương,0,0
48046,Mai Thu Chi,0,0
32504,Trần Thị Trung,0,0
67500,Trần Đức Hương,0,1
31217,Trần Thu Dương,0,1
2428,Bùi Minh Yến,1,1
36760,Lê Thu Châu,1,1
33204,Bùi Hữu Vân,0,1
78686,Đặng Xuân Ánh,1,1
41126,Hoàng Đức Hồng,0,0
56841,Mai Thị Quang,0,1
26799,Dương Hoàng Linh,0,0
43018,Nguyễn Gia Tùng,0,0
46518,Bùi Quang Chi,0,0
15201,Bùi Gia Ánh,0,1
28614,Phạm Trần Hoàng,0,0
7585,Bùi Thanh Khoa,0,1
65318,Vũ Xuân Tú,0,0
22205,Lê Minh Tùng,0,1
70960,Trần Anh Quang,0,1
14518,Bùi Gia Thảo,0,1
22670,Hoàng Thu Vân,1,1
53280,Mai Hữu Vi,0,1
2080,Hoàng Văn Xuân,0,0
79715,Mai Đức Tú,0,1
58540,Hoàng Xuân Trung,0,0
5773,Bùi Hoàng Lan,0,1
72683,Dương Anh Trung,0,1
77229,Lê Ngọc Hưng,0,0
51070,Vũ Gia Linh,0,0
73314,Trần Trần Trung,0,0
67426,Nguyễn Đức Huy,0,1
25522,Đặng Trần Vân,0,0
52648,Nguyễn Thu Anh,1,1
19569,Hoàng Thu Thảo,0,1
12388,Vũ Thanh Xuân,0,0
37157,Trần Xuân Vân,0,0
43410,Lê Minh Nhiên,0,0
76265,Trần Kim Mai,0,0
8291,Hoàng Trần Dương,0,0
65003,Nguyễn Ngọc Tùng,0,0
55303,Vũ Thị Hoàng,0,0
15211,Phạm Thu Bảo,0,0
62474,Hoàng Thanh Vi,0,0
26044,Phạm Minh Ánh,0,1
31840,Phạm Anh Mai,0,0
77262,Dương Minh Khoa,0,0
75254,Phạm Minh Minh,0,1
6900,Phạm Anh Chi,0,1
12250,Dương Quang Yến,0,0
68077,Mai Thanh Tùng,1,0
34048,Mai Trần Ngọc,0,1
72646,Vũ Gia Mai,0,1
72672,Bùi Trần Huy,0,1
55991,Bùi Kim Yến,0,1
12978,Nguyễn Minh Bảo,0,0
26798,Nguyễn Xuân Tú,0,0
41947,Phạm Anh Linh,0,0
62586,Nguyễn Thu Linh,0,0
62873,Trần Kim Hưng,0,1
64260,Dương Hoàng Hưng,0,0
18285,Hoàng Trần Dương,1,1
42463,Vũ Thanh Lan,0,0
74326,Đặng Văn Ánh,0,0
32168,Mai Hữu Trọng,1,0
22015,Bùi Hữu Duyên,0,0
79195,Trần Trần Hồng,0,0
7396,Vũ Đức Vi,1,1
65669,Bùi Xuân Chi,1,1
55922,Đặng Minh Lan,0,0
70307,Vũ Xuân Dũng,1,0
23758,Bùi Thị Minh,0,0
6204,Bùi Hữu Mai,0,0
67876,Lê Anh Ngọc,0,0
30436,Dương Thanh Nam,1,1
38776,Nguyễn Minh Vi,0,1
7435,Vũ Kim Ngọc,0,0
13115,Lê Xuân Nam,0,0
66877,Hoàng Thu Ngọc,0,0
56020,Trần Quang Minh,0,0
10601,Vũ Ngọc Hương,0,0
30704,Đặng Hữu Mai,1,1
62790,Vũ Anh Duyên,0,1
68237,Nguyễn Ngọc Ánh,0,1
67940,Bùi Văn Hương,0,1
30471,Phạm Văn Thảo,0,0
65184,Nguyễn Thanh Ngọc,0,1
182,Mai Thanh Hồng,0,0
36147,Vũ Quang Phúc,0,0
47019,Bùi Quang Tùng,1,1
9722,Nguyễn Thị Vũ,0,0
43075,Bùi Thị Dương,0,0
12372,Nguyễn Đức Lan,0,0
51183,Trần Kim Linh,1,1
62483,Trần Trần Chi,0,0
69824,Trần Ngọc Huy,0,0
39072,Mai Ngọc Quang,0,0
12137,Đặng Hữu Bảo,0,0
69248,Trần Thị Yến,0,0
7759,Hoàng Gia Nhiên,0,1
14439,Lê Thu Nam,0,0
71446,Bùi Thanh Yến,0,0
79209,Dương Kim Ngọc,0,0
12883,Đặng Hữu Nam,0,0
30419,Vũ Gia Hương,0,0
25299,Lê Thu Thành,0,0
60693,Vũ Thanh Dũng,0,0
801,Phạm Gia Hưng,1,1
31413,Dương Gia Ngọc,0,0
42394,Dương Anh Trung,0,1
48191,Trần Anh Dương,0,0
30260,Lê Gia Bảo,0,1
4754,Hoàng Xuân Thành,0,0
4158,Trần Thu Ngọc,0,0
33908,Lê Minh Dương,0,0
38615,Nguyễn Gia Nhiên,0,0
779,Vũ Kim Mai,0,0
27222,Phạm Anh Quang,0,1
28212,Phạm Anh Huy,0,1
60367,Lê Xuân Linh,0,0
67934,Trần Văn Vũ,0,1
40541,Phạm Xuân Quang,1,1
59826,Hoàng Minh Vũ,0,0
53448,Bùi Minh Xuân,0,1
17536,Lê Minh Huy,0,0
31487,Bùi Quang Quang,0,0
37497,Vũ Hoàng Hương,0,0
15571,Nguyễn Trần Hương,0,0
39336,Phạm Gia Trọng,0,1
75265,Nguyễn Hữu Trung,1,1
31791,Phạm Văn Hồng,0,1
31601,Nguyễn Hoàng Vi,0,0
6564,Trần Quang Trọng,0,0
52786,Nguyễn Thanh Vũ,0,0
53043,Lê Minh Vi,0,0
45538,Phạm Thu Ngọc,0,0
63152,Trần Trần Nhiên,0,0
36818,Lê Thanh Xuân,0,1
7332,Lê Trần Châu,0,1
62324,Trần Minh Khoa,0,0
682,Nguyễn Xuân Lan,0,0
33819,Dương Quang Ánh,0,1
56031,Đặng Gia Hồng,0,0
55577,Mai Ngọc Hương,0,0
50258,Đặng Thu Ánh,0,1
67670,Nguyễn Minh Vân,0,1
77272,Hoàng Thanh Mai,0,0
48796,Nguyễn Ngọc Linh,0,0
67322,Lê Quang Ánh,0,1
8456,Trần Hoàng Ánh,0,0
12247,Đặng Thanh Ánh,0,1
47243,Lê Thị Quang,0,1
49765,Nguyễn Anh Huy,0,0
48421,Nguyễn Anh Thảo,1,1
17123,Đặng Ngọc Tú,0,0
42418,Lê Thị Tú,0,0
78490,Trần Văn Trọng,1,1
58406,Vũ Ngọc Ngọc,0,1
24391,Lê Xuân Vân,0,0
59049,Vũ Thị Châu,0,0
55301,Hoàng Thị Hương,0,0
10720,Vũ Đức Yến,0,0
70809,Hoàng Văn Trung,0,1
44185,Đặng Thị Nam,0,1
48994,Dương Kim Dương,1,0
78293,Hoàng Hoàng Khoa,0,0
10481,Phạm Minh Yến,0,0
34384,Dương Minh Tùng,0,0
18961,Mai Hoàng Hưng,0,1
7724,Mai Thanh Huy,0,0
28323,Lê Trần Minh,0,1
33151,Nguyễn Hoàng Vi,0,0
27278,Vũ Hữu Xuân,0,0
62611,Vũ Quang Châu,1,1
43568,Trần Thu Vi,0,1
53153,Bùi Kim Hồng,0,0
50604,Đặng Văn Ánh,0,0
31786,Phạm Thị Huy,0,0
17377,Hoàng Trần Hương,0,0
68754,Nguyễn Minh Quang,0,0
2991,Mai Thanh Mai,0,1
47836,Phạm Hoàng Hồng,0,1
59029,Bùi Kim Linh,0,0
9183,Hoàng Văn Ánh,0,0
72147,Bùi Xuân Huy,0,1
8258,Hoàng Quang Nhiên,1,1
49822,Nguyễn Thị Minh,0,1
24941,Phạm Thanh Chi,0,1
18398,Bùi Gia Yến,0,1
51764,Hoàng Văn Khoa,0,0
40555,Bùi Văn Vũ,1,1
52239,Trần Trần Hồng,0,0
35217,Đặng Gia Quang,0,0
46035,Bùi Kim Ngọc,0,0
23302,Mai Gia Minh,0,0
61967,Mai Kim Yến,0,1
59295,Hoàng Xuân Anh,0,0
19163,Bùi Thanh Vân,0,0
39202,Lê Gia Xuân,0,0
17587,Mai Xuân Vi,0,0
27727,Vũ Quang Chi,1,1
26234,Phạm Ngọc Ngọc,0,0
3208,Nguyễn Thanh Dũng,0,0
70692,Vũ Văn Vân,0,0
30515,Trần Gia Xuân,0,0
36939,Trần Quang Dũng,0,0
78937,Bùi Trần Tùng,0,0
28133,Trần Thị Tùng,0,1
50457,Lê Hoàng Châu,0,1
17012,Bùi Kim Linh,1,1
51977,Nguyễn Quang Xuân,0,0
48853,Nguyễn Quang Anh,0,0
61033,Trần Ngọc Chi,0,1
65885,Trần Quang Thảo,0,1
58089,Lê Minh Ánh,0,0
11491,Phạm Trần Mai,0,1
62104,Vũ Xuân Linh,1,1
34544,Nguyễn Quang Linh,0,0
42304,Lê Trần Hoàng,0,0
47867,Bùi Quang Tú,0,1
78210,Dương Anh Dũng,0,0
27855,Lê Xuân Hoàng,0,1
21965,Mai Gia Trọng,0,0
6615,Vũ Thu Ánh,0,0
60951,Trần Hoàng Hồng,0,0
53906,Dương Kim Dương,0,0
26902,Phạm Hoàng Lan,0,1
75654,Lê Xuân Hưng,0,0
66460,Mai Minh Minh,0,0
44991,Lê Xuân Yến,1,0
10786,Hoàng Văn Ánh,1,1
15631,Hoàng Hữu Hương,0,0
43533,Mai Hữu Thành,1,1
67058,Mai Quang Khoa,0,0
32551,Nguyễn Văn Hồng,0,0
36552,Mai Thu Thảo,0,0
42506,Hoàng Văn Khoa,0,0
71946,Lê Gia Dương,0,0
72327,Hoàng Văn Hưng,0,0
48643,Dương Kim Bảo,0,0
29668,Phạm Ngọc Châu,0,0
14464,Nguyễn Hoàng Trọng,0,1
9398,Nguyễn Ngọc Thành,1,1
60389,Dương Thu Dương,1,1
51813,Nguyễn Anh Chi,0,0
42318,Dương Hữu Duyên,0,0
57985,Dương Văn Xuân,0,0
79044,Bùi Thu Duyên,0,0
5108,Nguyễn Hoàng Hương,0,0
28588,Lê Quang Thảo,0,0
59974,Hoàng Minh Vi,0,1
78181,Đặng Ngọc Xuân,1,1
77991,Bùi Quang Khoa,0,0
2099,Lê Hữu Khoa,1,1
44718,Bùi Hoàng Xuân,0,0
11720,Phạm Hữu Mai,0,0
10576,Bùi Ngọc Thảo,0,0
18907,Lê Anh Hương,1,1
66543,Nguyễn Anh Xuân,0,1
14934,Lê Hữu Nam,1,1
5511,Trần Văn Vân,0,0
18510,Hoàng Trần Hồng,1,1
27292,Dương Hữu Duyên,0,1
911,Đặng Thanh Ngọc,0,0
19251,Dương Hữu Linh,0,0
31093,Nguyễn Đức Ánh,0,1
47545,Hoàng Quang Ánh,0,0
68088,Mai Thu Lan,0,0
52584,Đặng Thu Hồng,1,1
41461,Lê Hữu Quang,0,1
74727,Nguyễn Thu Mai,1,1
30522,Dương Anh Dương,0,1
22418,Dương Văn Xuân,0,1
63421,Trần Văn Vân,1,1
77615,Nguyễn Minh Quang,0,1
654,Vũ Thị Ánh,0,0
52940,Dương Anh Minh,1,1
38594,Hoàng Ngọc Hương,0,1
49205,Đặng Văn Quang,0,1
39142,Bùi Quang Anh,0,0
51234,Nguyễn Gia Lan,0,1
34608,Nguyễn Thanh Trọng,0,0
37439,Bùi Trần Dũng,0,0
61914,Bùi Quang Ánh,0,0
49637,Mai Văn Nhiên,0,1
27314,Trần Minh Yến,0,1
6981,Bùi Hữu Lan,0,1
48916,Mai Thị Thành,0,0
2076,Hoàng Văn Minh,0,1
28424,Vũ Anh Thành,0,0
17509,Hoàng Hữu Minh,1,1
24022,Bùi Văn Xuân,0,0
71464,Vũ Minh Vi,1,1
24854,Lê Anh Duyên,0,0
78928,Hoàng Hoàng Hưng,0,0
48036,Mai Quang Anh,0,1
63208,Dương Gia Vi,0,0
47614,Vũ Quang Trung,0,1
12545,Dương Đức Linh,0,1
27242,Đặng Ngọc Duyên,1,0
51500,Vũ Trần Hương,0,1
56980,Dương Thanh Phúc,0,0
45784,Mai Văn Hồng,0,1
10632,Lê Thanh Minh,0,0
20573,Dương Kim Hương,1,0
8446,Nguyễn Thanh Quang,0,0
21617,Đặng Xuân Mai,1,1
73043,Trần Minh Hương,1,0
16941,Dương Đức Minh,0,1
30644,Hoàng Quang Nhiên,0,1
124,Lê Thanh Mai,0,1
25675,Đặng Quang Vân,0,0
62840,Hoàng Đức Khoa,0,0
47572,Trần Văn Quang,0,1
13912,Dương Trần Minh,0,0
18823,Lê Quang Bảo,0,0
55908,Lê Trần Tùng,0,0
29358,Nguyễn Xuân Thảo,0,0
22632,Đặng Ngọc Hồng,0,0
34202,Hoàng Ngọc Châu,0,1
50994,Hoàng Hoàng Thảo,1,1
50613,Phạm Thu Chi,0,0
11652,Trần Hoàng Thảo,0,1
14460,Nguyễn Thu Anh,0,0
34842,Bùi Thị Thảo,1,1
72662,Đặng Gia Hương,0,0
1956,Phạm Thị Trọng,0,0
5158,Bùi Gia Quang,0,0
51194,Dương Trần Vân,0,0
36673,Dương Trần Huy,0,0
71990,Dương Văn Tùng,0,0
5091,Vũ Hoàng Hương,0,1
17625,Phạm Hoàng Dương,0,0
69457,Đặng Hoàng Nam,0,0
2571,Đặng Trần Vi,1,1
35394,Nguyễn Ngọc Phúc,0,0
37876,Lê Thu Quang,0,0
38660,Vũ Thanh Nam,0,0
113,Đặng Quang Hoàng,0,0
63625,Dương Quang Hồng,0,0
66009,Dương Quang Lan,0,0
31423,Bùi Thu Minh,0,0
10838,Nguyễn Đức Tú,0,0
33175,Trần Kim Mai,0,1
36616,Lê Hữu Ánh,1,1
66324,Mai Minh Châu,0,1
12886,Dương Ngọc Duyên,0,0
12049,Lê Thanh Lan,1,1
19008,Nguyễn Gia Chi,0,0
16813,Hoàng Anh Ngọc,0,0
35560,Nguyễn Đức Ngọc,0,0
65512,Dương Kim Mai,0,0
40733,Phạm Trần Chi,0,0
4281,Đặng Gia Thảo,0,1
17089,Dương Minh Tú,0,0
79372,Phạm Gia Vân,0,0
41863,Bùi Anh Hoàng,0,0
30654,Hoàng Anh Hồng,1,1
40705,Mai Thị Huy,0,0
35209,Vũ Văn Ánh,0,1
13472,Lê Gia Thành,0,1
57330,Nguyễn Đức Lan,0,0
4973,Hoàng Xuân Thành,0,0
15866,Phạm Xuân Tú,1,1
18656,Phạm Thu Dũng,0,0
55519,Đặng Ngọc Dương,0,0
26639,Bùi Thị Yến,0,0
27921,Phạm Thanh Bảo,0,0
49837,Bùi Đức Trọng,0,1
55978,Phạm Xuân Nhiên,1,1
9933,Đặng Minh Nhiên,0,0
33015,Dương Thu Anh,0,0
33876,Vũ Đức Anh,0,0
61123,Vũ Minh Khoa,0,1
21312,Hoàng Minh Thảo,0,1
42370,Lê Xuân Quang,0,0
49484,Hoàng Thị Linh,0,0
12157,Đặng Xuân Duyên,0,0
68058,Đặng Quang Huy,0,0
25241,Vũ Trần Xuân,0,1
30121,Dương Thị Hương,0,0
63996,Đặng Xuân Tùng,0,0
62823,Nguyễn Thanh Nhiên,0,0
16357,Lê Đức Yến,0,0
37104,Lê Văn Vân,0,1
61208,Bùi Trần Chi,0,1
12150,Vũ Xuân Nam,0,0
34671,Trần Hữu Duyên,0,1
25414,Bùi Minh Quang,0,0
65168,Đặng Hữu Anh,0,0
18562,Trần Gia Khoa,0,0
5682,Lê Ngọc Duyên,1,1
75742,Phạm Ngọc Vũ,0,0
37826,Phạm Gia Xuân,0,0
40958,Bùi Văn Bảo,0,0
43093,Hoàng Gia Châu,0,0
22455,Phạm Đức Nam,0,0
64208,Hoàng Kim Hương,1,1
64606,Nguyễn Xuân Vũ,0,0
18346,Lê Anh Thảo,0,1
10047,Lê Văn Hương,0,0
44318,Phạm Ngọc Tú,0,0
33352,Nguyễn Hữu Khoa,1,1
50229,Vũ Minh Bảo,0,0
74773,Mai Thanh Khoa,0,0
57862,Trần Trần Nhiên,0,1
28062,Phạm Ngọc Nam,1,1
22451,Đặng Hữu Chi,1,1
46646,Mai Hữu Xuân,1,1
41145,Trần Văn Xuân,1,1
37823,Phạm Anh Linh,1,1
4274,Vũ Thị Duyên,0,1
63239,Đặng Thu Tùng,1,0
17436,Bùi Quang Duyên,0,1
14554,Lê Thanh Hương,0,0
76355,Dương Đức Xuân,0,0
37276,Hoàng Văn Lan,0,0
27526,Mai Trần Hưng,0,1
20820,Mai Anh Minh,0,0
7336,Mai Trần Minh,0,0
315,Hoàng Anh Hương,1,1
30932,Dương Xuân Lan,0,0
22441,Lê Thị Tùng,0,0
14311,Bùi Đức Trung,0,0
78689,Đặng Thanh Chi,0,0
67772,Phạm Quang Dũng,0,1
44251,Mai Trần Hưng,0,0
72754,Lê Thị Nhiên,1,1
31080,Lê Anh Lan,0,1
13811,Bùi Hoàng Dũng,0,0
16866,Đặng Đức Trung,0,0
13669,Bùi Văn Hồng,0,1
18426,Mai Hoàng Huy,0,1
2648,Bùi Quang Yến,0,0
11689,Phạm Kim Tú,0,0
19958,Mai Hoàng Hưng,0,0
31161,Phạm Văn Trọng,0,0
59112,Phạm Quang Hoàng,0,1
28691,Bùi Hữu Minh,0,0
8011,Phạm Thu Trung,1,1
34554,Đặng Xuân Vũ,0,0
6046,Hoàng Văn Minh,0,1
55177,Vũ Gia Khoa,1,1
53633,Hoàng Gia Yến,0,0
35929,Nguyễn Hữu Yến,0,0
27534,Nguyễn Hữu Thảo,0,1
40259,Bùi Xuân Hoàng,0,0
59529,Lê Minh Yến,1,1
33663,Vũ Kim Quang,0,1
9868,Mai Thanh Duyên,0,1
77900,Nguyễn Quang Nhiên,0,0
20883,Vũ Hoàng Nam,0,0
79604,Trần Hữu Hương,0,1
65274,Bùi Quang Hoàng,0,0
24182,Phạm Trần Thảo,0,0
23864,Nguyễn Trần Linh,0,0
26547,Hoàng Thanh Trọng,0,0
6461,Phạm Hữu Ánh,0,0
11209,Đặng Hoàng Nam,1,1
24252,Nguyễn Thị Duyên,0,1
24620,Nguyễn Anh Thành,1,1
29469,Hoàng Trần Vân,1,1
31374,Phạm Đức Thảo,0,0
14072,Phạm Hữu Quang,0,0
39245,Bùi Minh Hồng,0,0
20554,Nguyễn Kim Hồng,0,0
77154,Đặng Xuân Khoa,0,0
30758,Dương Thanh Vũ,0,0
76340,Phạm Thanh Ánh,0,0
15587,Mai Kim Khoa,1,1
19865,Đặng Anh Chi,1,1
73079,Đặng Minh Tú,0,1
49097,Trần Thu Mai,0,0
1935,Đặng Văn Yến,0,0
72142,Bùi Trần Lan,1,1
36443,Dương Ngọc Vi,0,0
15629,Dương Ngọc Châu,0,0
71565,Mai Trần Hương,0,0
2300,Phạm Trần Trung,0,0
44059,Nguyễn Văn Hồng,0,0
48132,Mai Thị Mai,0,0
374,Nguyễn Trần Vi,0,0
15295,Trần Ngọc Yến,0,0
31595,Nguyễn Xuân Thành,0,0
76365,Hoàng Xuân Thành,0,1
41564,Trần Hoàng Trung,0,0
72111,Đặng Minh Minh,0,0
6744,Lê Thu Tùng,0,1
75258,Phạm Thanh Linh,0,0
29063,Bùi Trần Ngọc,0,1
26334,Trần Minh Vi,0,0
62920,Phạm Thu Vi,0,0
30061,Dương Xuân Ánh,1,1
66327,Nguyễn Trần Dũng,1,0
60087,Mai Thị Ngọc,0,0
15235,Lê Hoàng Hương,1,1
38966,Nguyễn Quang Vân,0,0
75480,Dương Anh Khoa,1,1
2755,Bùi Hữu Quang,0,0
33414,Hoàng Kim Yến,0,0
60852,Hoàng Trần Hưng,0,1
54104,Đặng Gia Châu,0,1
64737,Hoàng Trần Anh,0,0
47459,Phạm Trần Chi,1,1
42547,Bùi Gia Trọng,0,0
32507,Mai Văn Châu,0,0
21253,Mai Quang Hưng,0,1
61279,Hoàng Kim Chi,0,1
38260,Hoàng Minh Vi,0,0
10105,Lê Hoàng Hồng,0,0
3282,Hoàng Hoàng Vi,1,1
8170,Đặng Thanh Hương,1,1
45552,Hoàng Trần Quang,0,0
26831,Phạm Hoàng Trung,0,0
77559,Nguyễn Ngọc Hương,1,1
78693,Đặng Thị Ngọc,0,0
3153,Đặng Minh Phúc,0,1
66809,Lê Hữu Tùng,1,1
59300,Đặng Thị Duyên,0,1
45572,Mai Xuân Vân,0,0
19764,Đặng Kim Tú,0,0
44955,Bùi Trần Chi,0,0
2820,Đặng Thanh Vi,0,0
51015,Trần Đức Lan,0,0
41076,Đặng Đức Hưng,0,0
15051,Nguyễn Thị Lan,0,0
61985,Trần Gia Thảo,1,1
42566,Phạm Thanh Trọng,0,0
33570,Dương Thị Hồng,0,0
57476,Mai Trần Tùng,1,1
58328,Bùi Đức Nhiên,0,0
22548,Trần Thanh Anh,0,0
56325,Đặng Thanh Quang,0,1
31539,Phạm Quang Quang,0,1
49661,Vũ Thị Quang,0,0
54141,Dương Kim Ngọc,0,0
15916,Vũ Văn Bảo,0,1
41884,Phạm Thanh Hưng,0,0
40250,Bùi Đức Duyên,0,1
28958,Hoàng Anh Trọng,0,0
67455,Hoàng Quang Quang,0,1
22320,Đặng Thị Thành,0,0
26853,Lê Trần Thảo,0,1
38671,Bùi Thanh Huy,0,0
61406,Trần Thu Linh,0,0
16276,Lê Gia Hoàng,0,0
28774,Mai Ngọc Chi,0,1
4787,Lê Thanh Ngọc,0,0
10688,Hoàng Đức Mai,0,0
30902,Bùi Ngọc Thảo,0,0
22089,Hoàng Minh Vân,1,0
28169,Dương Văn Tùng,0,0
73361,Hoàng Văn Ngọc,1,1
25638,Nguyễn Hoàng Nhiên,0,1
64163,Nguyễn Đức Mai,0,0
2733,Trần Thu Mai,0,1
73289,Trần Hữu Hương,0,0
40845,Vũ Thu Duyên,0,0
6298,Lê Quang Vân,0,0
28813,Bùi Văn Vi,1,1
32309,Nguyễn Thu Bảo,0,0
74844,Lê Xuân Vũ,1,1
37168,Đặng Kim Bảo,0,0
5039,Dương Ngọc Vân,0,0
75151,Lê Đức Thành,0,0
35979,Nguyễn Hoàng Thành,0,1
77633,Lê Hữu Trọng,0,0
79969,Nguyễn Ngọc Vũ,0,0
18027,Đặng Văn Lan,0,1
56046,Trần Anh Trung,0,1
37243,Dương Thu Hồng,1,1
75851,Vũ Thanh Tú,0,0
69681,Mai Thanh Ngọc,0,0
60012,Trần Thị Linh,0,1
35366,Trần Xuân Vân,0,0
53461,Trần Thanh Minh,0,0
77018,Mai Hoàng Vi,0,1
60612,Trần Anh Vi,0,0
75302,Dương Hoàng Dương,0,0
51492,Bùi Thanh Nam,0,1
22375,Dương Trần Nhiên,0,1
20973,Vũ Anh Thảo,0,0
18539,Lê Anh Hồng,0,1
39399,Bùi Hữu Hoàng,1,1
34951,Bùi Gia Bảo,0,0
46343,Nguyễn Anh Châu,0,1
44044,Phạm Thị Tùng,0,0
25375,Nguyễn Thu Anh,0,0
19522,Mai Xuân Tùng,0,0
36056,Mai Gia Xuân,0,1
14786,Phạm Gia Ánh,0,0
29433,Hoàng Gia Anh,0,0
28267,Đặng Thanh Huy,0,0
42136,Vũ Hoàng Hương,0,0
78580,Phạm Thanh Huy,0,0
67857,Nguyễn Minh Dương,0,0
25550,Trần Đức Nam,1,1
14905,Nguyễn Hoàng Quang,1,1
59891,Lê Đức Thảo,1,1
33818,Trần Kim Thảo,1,0
78681,Nguyễn Thu Duyên,0,1
74016,Bùi Kim Thảo,0,0
54024,Trần Anh Hồng,0,1
58472,Vũ Trần Hoàng,1,1
40769,Đặng Quang Tùng,1,1
45104,Lê Minh Hồng,0,0
15534,Nguyễn Thị Phúc,0,0
26681,Phạm Ngọc Vũ,0,0
48007,Bùi Thị Vũ,0,0
22165,Lê Minh Nam,0,0
4773,Đặng Văn Duyên,0,0
64944,Dương Anh Châu,0,0
3057,Trần Đức Phúc,0,0
41130,Đặng Minh Quang,0,1
46758,Đặng Kim Hương,0,0
70507,Lê Minh Tùng,0,0
10878,Bùi Xuân Anh,0,1
24102,Đặng Thanh Tú,0,0
10362,Lê Thanh Nhiên,0,0
14003,Dương Kim Ngọc,0,0
69025,Mai Quang Yến,0,0
69738,Nguyễn Hoàng Anh,0,1
27584,Nguyễn Kim Linh,0,0
79671,Vũ Thanh Vân,0,0
31321,Dương Xuân Lan,0,0
10675,Đặng Xuân Lan,0,1
36033,Bùi Minh Yến,0,0
11009,Hoàng Văn Hoàng,0,0
51418,Bùi Minh Nam,0,0
28111,Lê Hữu Minh,0,1
60643,Nguyễn Hữu Hương,0,0
2146,Mai Kim Chi,0,0
14117,Nguyễn Gia Xuân,0,0
21244,Hoàng Trần Hoàng,0,0
10782,Mai Gia Hồng,0,1
11893,Hoàng Ngọc Anh,0,0
63985,Phạm Anh Duyên,0,0
48472,Bùi Gia Lan,0,0
24680,Mai Ngọc Tùng,0,0
76642,Dương Quang Châu,0,0
21391,Bùi Ngọc Minh,0,1
57149,Lê Gia Quang,0,0
18386,Nguyễn Kim Anh,0,1
54763,Vũ Hữu Hương,1,1
2078,Trần Minh Mai,0,1
18127,Lê Quang Ngọc,0,0
6206,Mai Gia Hưng,0,0
59691,Đặng Minh Tùng,0,0
72280,Dương Thanh Anh,0,0
71448,Vũ Ngọc Trung,1,1
76477,Hoàng Thị Ngọc,0,0
55722,Đặng Xuân Mai,1,1
59137,Phạm Anh Trọng,0,1
12251,Phạm Xuân Minh,1,1
26996,Bùi Gia Ngọc,0,0
25808,Vũ Đức Nhiên,0,0
45174,Bùi Trần Vi,1,1
7427,Vũ Hoàng Trung,0,1
71317,Dương Minh Lan,1,1
74705,Lê Thanh Lan,0,0
56885,Đặng Gia Lan,1,1
58516,Mai Trần Duyên,1,1
23711,Lê Anh Duyên,0,0
8181,Bùi Hoàng Khoa,0,0
22773,Trần Thu Thảo,0,0
30851,Nguyễn Trần Vũ,0,0
29477,Dương Gia Chi,0,0
28451,Nguyễn Đức Xuân,0,0
52772,Đặng Quang Linh,0,0
42531,Trần Thu Châu,0,0
65047,Nguyễn Quang Hồng,0,0
2176,Trần Kim Linh,1,1
62317,Lê Hoàng Tú,0,1
14373,Đặng Đức Huy,0,0
38825,Mai Thu Mai,0,0
14782,Bùi Quang Yến,0,0
22736,Nguyễn Hữu Minh,0,1
78524,Trần Ngọc Quang,0,0
40969,Lê Ngọc Trọng,0,0
19894,Mai Đức Lan,1,1
70133,Vũ Ngọc Thảo,1,1
21646,Phạm Minh Mai,0,0
39820,Hoàng Hoàng Ngọc,0,0
30970,Bùi Quang Huy,0,0
17100,Vũ Ngọc Tùng,1,1
3127,Nguyễn Kim Anh,0,1
33107,Nguyễn Văn Tú,0,0
269,Dương Trần Duyên,0,0
45223,Lê Thanh Huy,0,1
61468,Nguyễn Thị Hồng,0,0
61744,Đặng Hoàng Linh,0,1
6468,Vũ Xuân Hương,0,0
31351,Vũ Văn Ánh,1,0
32823,Nguyễn Thanh Khoa,1,1
29240,Trần Thị Phúc,1,0
45058,Dương Thanh Xuân,1,1
3849,Lê Hoàng Hoàng,0,0
65629,Hoàng Thu Vân,0,1
21467,Phạm Đức Anh,0,1
34288,Trần Thanh Huy,0,0
78058,Dương Hữu Hưng,0,1
57500,Vũ Trần Xuân,0,0
48545,Nguyễn Hoàng Thảo,0,0
7730,Dương Ngọc Tùng,0,0
50133,Mai Thu Dũng,0,0
13775,Dương Thị Vi,0,0
14999,Trần Trần Quang,0,1
25204,Nguyễn Hữu Dương,0,0
8598,Phạm Ngọc Khoa,0,0
33768,Trần Văn Ngọc,0,1
2566,Nguyễn Xuân Hồng,0,0
78569,Lê Văn Trọng,0,0
52557,Trần Quang Vi,0,0
49209,Lê Kim Dương,0,0
9725,Nguyễn Thị Linh,1,1
40389,Dương Minh Vi,0,0
34777,Đặng Ngọc Vũ,1,1
14483,Dương Minh Vũ,0,0
49294,Trần Thị Vi,0,0
13463,Dương Quang Hoàng,0,0
18923,Lê Minh Huy,0,0
51852,Vũ Quang Dương,0,0
44214,Hoàng Đức Nhiên,1,1
28150,Mai Xuân Hưng,0,1
27993,Mai Minh Tùng,0,1
62909,Dương Xuân Hương,0,0
74829,Đặng Minh Thành,0,0
51115,Mai Anh Yến,0,0
18771,Vũ Anh Quang,0,1
29233,Đặng Đức Linh,0,1
26324,Phạm Kim Huy,0,0
28209,Hoàng Thanh Hồng,0,1
77122,Vũ Văn Hương,0,0
44274,Bùi Hữu Vũ,0,0
57903,Bùi Văn Trung,0,0
73425,Trần Văn Linh,1,1
51498,Mai Thu Thảo,0,0
13331,Bùi Trần Tùng,1,1
8722,Mai Minh Ngọc,0,0
35660,Trần Gia Chi,0,1
26784,Dương Quang Lan,0,1
22863,Bùi Văn Lan,0,0
6651,Lê Xuân Dương,0,1
12476,Trần Kim Xuân,0,0
64061,Hoàng Đức Dương,0,1
32416,Lê Trần Dũng,0,0
28740,Dương Hữu Thảo,0,0
12391,Bùi Gia Ánh,0,0
3704,Phạm Trần Hoàng,1,1
49254,Hoàng Thanh Linh,0,1
56651,Bùi Quang Thảo,0,0
7171,Bùi Thanh Mai,0,0
5365,Hoàng Hữu Thành,0,1
1025,Phạm Hữu Nam,1,1
57132,Dương Gia Châu,0,0
35266,Bùi Văn Dũng,0,0
9813,Hoàng Văn Tú,0,0
11087,Vũ Trần Xuân,0,0
8712,Bùi Thu Quang,0,0
43443,Bùi Đức Tùng,0,0
41488,Mai Hữu Thảo,0,0
2781,Vũ Kim Dũng,0,0
69539,Hoàng Ngọc Ánh,0,0
27089,Mai Quang Dũng,1,0
75466,Trần Đức Hưng,0,0
58607,Hoàng Ngọc Yến,0,1
48610,Vũ Trần Vân,0,0
41212,Nguyễn Văn Vân,0,1
36263,Bùi Ngọc Hồng,0,1
34101,Bùi Trần Bảo,0,1
16666,Lê Kim Hồng,1,1
44425,Phạm Thị Yến,1,1
38245,Hoàng Gia Yến,0,1
45444,Lê Hoàng Lan,0,0
11715,Nguyễn Thị Tùng,0,0
63354,Phạm Kim Hương,0,0
31222,Dương Trần Dũng,0,1
44658,Trần Thanh Thảo,0,0
13282,Vũ Xuân Hoàng,0,0
76342,Dương Đức Lan,1,1
5309,Dương Thu Ánh,0,1
73120,Trần Thị Dương,0,1
71600,Vũ Minh Yến,0,0
61181,Lê Quang Tú,0,0
55962,Phạm Trần Anh,0,0
6143,Đặng Quang Hoàng,0,0
12244,Đặng Văn Châu,0,1
68188,Trần Thị Nam,0,1
44869,Dương Trần Dũng,0,0
58204,Nguyễn Thu Dũng,1,1
2905,Mai Thị Hưng,0,0
31797,Trần Gia Hương,0,0
46713,Hoàng Thị Nhiên,0,0
77488,Đặng Anh Dương,0,0
76111,Đặng Thị Chi,0,0
45975,Bùi Kim Châu,1,1
34594,Mai Thị Hưng,1,1
34857,Mai Đức Anh,0,0
5381,Phạm Thị Vi,0,1
77163,Phạm Quang Vi,0,0
76333,Bùi Thị Duyên,1,0
58963,Nguyễn Anh Bảo,0,0
74093,Phạm Văn Linh,0,0
18579,Dương Thu Lan,0,0
29370,Nguyễn Trần Trung,0,1
28819,Vũ Hữu Xuân,1,1
16961,Dương Ngọc Vũ,0,0
5150,Lê Hoàng Lan,0,1
35615,Dương Kim Quang,0,0
75645,Nguyễn Kim Chi,0,0
56442,Hoàng Ngọc Hương,0,0
60545,Trần Ngọc Yến,0,0
47501,Lê Trần Dương,0,1
5549,Nguyễn Văn Trung,0,0
26417,Hoàng Kim Chi,1,1
47159,Dương Trần Quang,0,1
28510,Mai Xuân Ngọc,0,1
673,Nguyễn Gia Hồng,0,1
68946,Nguyễn Kim Trọng,0,1
72320,Trần Đức Quang,0,0
54288,Lê Đức Trọng,0,0
55258,Hoàng Thị Tùng,1,0
72566,Lê Quang Thảo,0,1
70618,Mai Trần Vi,0,1
48218,Lê Đức Tùng,0,1
39162,Mai Kim Yến,0,0
35120,Hoàng Hữu Dương,1,1
24295,Lê Thu Khoa,1,1
30044,Trần Hữu Trọng,0,0
30867,Trần Hoàng Quang,0,0
39182,Dương Trần Vũ,0,0
29981,Mai Minh Trung,0,1
23058,Phạm Gia Dương,0,1
17113,Phạm Quang Xuân,0,0
22636,Dương Minh Tùng,0,1
30997,Vũ Thu Lan,0,0
72629,Trần Thu Vi,0,0
32376,Phạm Thanh Quang,0,0
58695,Nguyễn Thanh Hương,0,0
2787,Bùi Thu Trọng,0,0
52131,Trần Trần Vi,0,1
6684,Nguyễn Anh Chi,0,0
1784,Phạm Ngọc Phúc,0,0
46218,Vũ Thanh Bảo,1,1
47357,Phạm Hữu Hương,0,0
69102,Lê Văn Khoa,1,1
73902,Dương Minh Hoàng,0,0
17130,Đặng Thị Minh,0,0
48114,Mai Văn Mai,0,0
37790,Đặng Thanh Lan,0,1
37704,Nguyễn Gia Thành,0,0
53384,Dương Thu Minh,0,0
31352,Trần Xuân Thảo,1,1
26684,Vũ Đức Phúc,0,0
46400,Phạm Trần Châu,1,1
56455,Mai Gia Chi,0,0
29314,Trần Kim Hoàng,0,0
3993,Bùi Xuân Hồng,0,1
17598,Mai Hữu Vân,0,0
7194,Phạm Kim Quang,1,1
5892,Hoàng Quang Linh,0,0
58958,Hoàng Trần Tú,0,1
64053,Đặng Gia Tùng,0,0
68908,Nguyễn Đức Trung,0,0
17925,Mai Anh Bảo,0,1
23268,Lê Gia Tùng,1,1
29262,Bùi Ngọc Dương,1,1
28486,Mai Thị Ngọc,0,0
3305,Trần Thu Khoa,0,0
56997,Hoàng Đức Lan,0,0
22642,Hoàng Thanh Duyên,0,0
76678,Bùi Thị Châu,0,0
79509,Hoàng Văn Ánh,0,0
65393,Trần Hữu Mai,1,1
33338,Mai Ngọc Huy,0,0
13875,Vũ Thị Thảo,0,1
5928,Mai Văn Lan,0,0
52099,Lê Thanh Ngọc,0,0
75452,Nguyễn Xuân Hoàng,0,0
43464,Lê Thị Hồng,0,1
56571,Bùi Thu Vi,0,0
71667,Trần Trần Trọng,0,0
45260,Trần Xuân Dũng,1,1
2826,Bùi Thu Nhiên,0,0
5235,Dương Thanh Ánh,1,1
14119,Bùi Hoàng Tú,0,1
52191,Dương Gia Anh,0,1
3511,Mai Trần Châu,0,0
54002,Vũ Hữu Khoa,0,0
62918,Hoàng Ngọc Phúc,0,0
45298,Trần Ngọc Minh,0,0
42099,Phạm Minh Vi,0,0
18940,Phạm Minh Hương,0,1
31816,Bùi Hữu Vân,0,0
42427,Mai Gia Trung,0,1
67123,Hoàng Hoàng Hưng,0,0
26974,Bùi Hữu Dũng,0,1
79729,Phạm Kim Minh,0,0
32943,Hoàng Xuân Trung,0,1
27311,Trần Hữu Minh,0,1
45972,Trần Gia Bảo,0,1
35337,Phạm Thị Phúc,0,1
32002,Trần Trần Hưng,0,0
12094,Phạm Hoàng Dương,0,0
77783,Trần Thu Hồng,0,0
38044,Lê Quang Tú,1,1
28438,Dương Hoàng Hoàng,0,0
69787,Bùi Kim Dương,0,0
20895,Nguyễn Minh Thảo,0,0
31322,Lê Thanh Khoa,0,0
78836,Đặng Văn Lan,0,0
55248,Nguyễn Hữu Vi,0,1
12749,Nguyễn Thị Linh,0,1
53693,Vũ Xuân Huy,0,0
55800,Mai Ngọc Chi,0,0
24930,Phạm Anh Xuân,0,1
31162,Đặng Kim Bảo,0,0
46338,Lê Thu Nam,0,0
15900,Lê Hữu Chi,0,0
33989,Dương Quang Duyên,0,0
71200,Trần Trần Anh,0,0
443,Phạm Gia Mai,0,0
15242,Nguyễn Anh Bảo,0,0
52002,Đặng Văn Quang,0,0
14356,Trần Gia Chi,0,0
64623,Trần Kim Xuân,0,0
10092,Phạm Hữu Minh,0,1
47687,Mai Thị Hồng,0,0
79227,Phạm Anh Hương,1,0
44317,Mai Kim Quang,0,1
55622,Bùi Minh Hoàng,0,0
78495,Phạm Anh Hương,0,0
70919,Đặng Thanh Tùng,0,0
68217,Mai Minh Vi,0,0
72332,Lê Hoàng Mai,0,1
77593,Dương Minh Anh,0,1
46840,Vũ Hữu Tú,0,0
30725,Bùi Đức Trọng,0,0
33812,Đặng Thanh Ngọc,1,1
50886,Phạm Đức Duyên,0,1
59374,Đặng Hữu Hương,0,1
18287,Nguyễn Đức Bảo,0,1
29989,Dương Ngọc Xuân,0,0
61008,Dương Minh Hoàng,0,0
61448,Nguyễn Trần Mai,0,0
63836,Trần Đức Tùng,0,0
24121,Nguyễn Đức Tùng,0,0
54209,Nguyễn Thanh Ngọc,0,0
7945,Hoàng Thu Yến,0,0
53965,Bùi Ngọc Vân,0,0
45944,Phạm Hoàng Duyên,0,0
20833,Bùi Văn Dũng,1,1
51238,Mai Trần Huy,0,0
6585,Dương Gia Hoàng,0,0
16119,Phạm Thanh Dương,0,1
56671,Hoàng Minh Hương,0,1
6261,Nguyễn Thị Phúc,1,1
12464,Hoàng Ngọc Nam,0,1
66711,Bùi Quang Trung,0,0
13830,Hoàng Trần Tú,0,0
72594,Hoàng Thị Hoàng,0,0
17776,Đặng Kim Thảo,0,0
64923,Dương Hoàng Thảo,0,0
30565,Phạm Kim Vân,0,0
15717,Dương Quang Dương,0,0
52143,Nguyễn Thanh Linh,0,1
16076,Dương Thanh Quang,0,0
46450,Vũ Gia Linh,0,0
63677,Nguyễn Thị Vân,1,1
39533,Đặng Hữu Anh,0,0
10877,Đặng Hữu Hương,1,1
16209,Trần Đức Xuân,0,0
32934,Dương Thu Tú,0,0
26641,Nguyễn Quang Vũ,0,1
35909,Bùi Xuân Nam,0,0
21117,Trần Trần Minh,0,0
14413,Lê Đức Hưng,0,1
68542,Trần Thanh Thảo,0,0
1800,Hoàng Thị Châu,0,0
19754,Lê Anh Bảo,0,0
72227,Dương Kim Khoa,0,0
41013,Dương Trần Yến,0,0
39794,Trần Đức Anh,0,1
10948,Bùi Ngọc Xuân,0,0
31926,Mai Minh Huy,1,1
79779,Dương Thanh Hương,0,0
68045,Bùi Văn Bảo,0,0
5243,Vũ Ngọc Hưng,0,0
78263,Dương Quang Hồng,0,1
37873,Bùi Thanh Lan,0,0
72316,Phạm Ngọc Hồng,0,0
47691,Lê Đức Bảo,0,0
73731,Bùi Văn Chi,0,1
38340,Mai Minh Chi,0,0
34665,Bùi Hoàng Bảo,0,0
50764,Hoàng Quang Linh,0,0
67023,Lê Trần Ánh,0,0
42308,Phạm Trần Ánh,0,0
37030,Trần Minh Nhiên,0,0
62455,Mai Minh Yến,0,1
23759,Hoàng Gia Duyên,0,0
2506,Vũ Trần Hưng,0,0
1126,Lê Thanh Huy,0,1
29376,Trần Văn Thảo,1,1
25396,Bùi Quang Thảo,0,1
16046,Bùi Anh Nhiên,0,0
43102,Bùi Đức Quang,1,1
16397,Hoàng Thu Nhiên,1,1
64807,Bùi Quang Khoa,1,1
33624,Vũ Xuân Ngọc,1,1
62755,Vũ Văn Nhiên,1,1
59583,Bùi Hữu Dũng,0,0
66637,Lê Xuân Chi,0,0
25250,Bùi Đức Mai,0,1
14395,Dương Quang Vân,0,0
27494,Mai Thanh Dũng,0,1
73401,Trần Trần Vi,1,1
7890,Lê Hoàng Duyên,0,0
13749,Dương Văn Trọng,0,1
75405,Lê Hoàng Yến,0,0
6098,Lê Hoàng Quang,1,1
32955,Nguyễn Đức Lan,0,0
77744,Trần Ngọc Vân,0,0
42805,Phạm Xuân Mai,0,0
20814,Nguyễn Anh Quang,1,1
43371,Dương Đức Hương,1,1
62365,Mai Minh Vi,0,0
29315,Vũ Đức Lan,0,1
53664,Phạm Thanh Tùng,0,1
20505,Lê Hoàng Hương,0,0
50086,Dương Quang Dương,1,1
33101,Nguyễn Kim Trung,0,1
72500,Lê Minh Hoàng,0,1
39422,Phạm Trần Ánh,0,0
48585,Lê Ngọc Bảo,1,1
67873,Lê Hữu Ánh,0,1
3931,Mai Xuân Hồng,0,0
37227,Lê Thanh Lan,0,0
37762,Nguyễn Văn Hồng,0,0
62960,Phạm Ngọc Ánh,0,0
7351,Trần Hoàng Minh,0,0
38897,Phạm Thu Châu,0,0
23722,Trần Hoàng Minh,0,0
6660,Phạm Anh Khoa,0,0
5647,Dương Anh Minh,0,1
47178,Trần Quang Trung,0,0
35730,Nguyễn Thị Linh,0,1
27538,Lê Thu Trung,0,1
76653,Đặng Thu Huy,0,1
36933,Nguyễn Gia Quang,0,1
52249,Mai Hoàng Hồng,0,0
73646,Mai Xuân Thành,0,0
42075,Lê Anh Khoa,0,0
25212,Phạm Trần Lan,0,1
69749,Trần Minh Hương,0,1
79199,Bùi Gia Vi,0,1
39995,Trần Hữu Ánh,0,0
11049,Vũ Hoàng Ngọc,0,0
53764,Vũ Xuân Chi,0,1
73124,Bùi Trần Quang,0,0
35435,Mai Quang Huy,1,1
47035,Đặng Thị Nhiên,0,0
8484,Dương Văn Hoàng,1,0
39265,Vũ Đức Chi,0,0
68640,Đặng Xuân Hồng,1,1
15551,Hoàng Minh Nam,0,0
67512,Vũ Văn Ánh,0,0
72214,Dương Hoàng Quang,0,0
46019,Lê Ngọc Bảo,0,0
48458,Dương Trần Dương,1,1
46863,Nguyễn Minh Hồng,0,0
25859,Hoàng Gia Anh,0,0
12113,Trần Minh Mai,0,0
62868,Mai Hoàng Phúc,0,0
69468,Vũ Xuân Chi,0,1
48047,Bùi Thu Lan,1,1
21137,Bùi Kim Chi,0,1
62037,Lê Thu Tú,1,1
28689,Đặng Trần Thành,0,0
41307,Bùi Hoàng Ánh,0,0
24729,Mai Trần Xuân,1,1
18400,Đặng Thị Quang,0,0
76923,Bùi Hữu Quang,0,0
38943,Mai Đức Châu,0,0
41256,Trần Hữu Mai,0,1
50043,Hoàng Thị Linh,0,0
54387,Dương Văn Thành,1,1
66901,Bùi Trần Nam,0,0
60666,Vũ Xuân Nhiên,0,0
22545,Nguyễn Xuân Nam,0,0
47610,Nguyễn Đức Linh,0,1
24075,Đặng Hữu Linh,0,1
2499,Đặng Kim Tú,0,0
49399,Lê Anh Ngọc,0,0
73530,Phạm Ngọc Hoàng,0,1
33618,Vũ Xuân Hoàng,0,0
51983,Nguyễn Minh Xuân,0,1
75409,Vũ Hữu Tú,1,1
57459,Hoàng Gia Hương,0,0
56239,Hoàng Xuân Xuân,1,1
47463,Vũ Thanh Ánh,0,0
65622,Nguyễn Trần Huy,0,0
22143,Phạm Thu Vân,0,1
67867,Mai Kim Trung,0,0
64538,Vũ Anh Hồng,0,0
48102,Trần Quang Hưng,1,1
79506,Vũ Minh Xuân,0,0
14901,Phạm Thu Mai,0,0
26653,Vũ Thanh Dũng,0,0
61363,Phạm Kim Hưng,0,1
41439,Mai Hữu Tùng,0,0
13386,Nguyễn Gia Thảo,0,0
694,Bùi Đức Tùng,1,1
11135,Dương Trần Vân,0,1
17805,Nguyễn Minh Hồng,0,0
79846,Đặng Kim Nam,0,0
55555,Đặng Xuân Ánh,1,0
16736,Vũ Anh Nhiên,0,0
56823,Bùi Gia Phúc,0,0
46222,Mai Kim Hương,0,1
55158,Trần Minh Quang,0,0
13595,Bùi Hoàng Lan,0,0
37137,Đặng Hữu Vân,1,1
20602,Lê Gia Trọng,0,0
39571,Hoàng Hoàng Châu,0,0
19896,Lê Quang Vũ,0,0
14394,Bùi Hữu Mai,0,0
50686,Vũ Thanh Tú,0,0
2663,Hoàng Minh Nhiên,0,0
64914,Trần Ngọc Linh,0,1
68907,Trần Hoàng Trọng,0,0
48886,Bùi Gia Mai,0,1
79528,Nguyễn Trần Lan,0,0
71669,Nguyễn Anh Duyên,0,0
16373,Nguyễn Hoàng Ánh,0,0
61019,Bùi Quang Xuân,0,0
53243,Vũ Anh Trung,1,1
76748,Dương Thu Ánh,0,0
51866,Hoàng Văn Quang,0,1
17275,Nguyễn Văn Trọng,0,0
63450,Dương Xuân Vũ,0,0
50626,Dương Văn Thảo,0,0
67364,Hoàng Hữu Ánh,0,0
50652,Mai Gia Mai,0,0
53814,Mai Thanh Minh,0,0
22790,Đặng Thu Huy,0,1
49503,Lê Hoàng Vũ,1,1
22208,Lê Hữu Thành,0,0
6670,Đặng Xuân Thảo,0,0
38362,Dương Minh Vân,1,0
38487,Lê Gia Thành,0,0
77926,Dương Anh Hương,0,0
66492,Nguyễn Ngọc Tú,0,0
72502,Mai Hữu Ánh,0,0
18735,Trần Thị Ánh,1,1
48385,Phạm Minh Ngọc,0,1
64082,Lê Thị Dũng,1,1
3724,Vũ Anh Dũng,0,0
52315,Trần Hữu Huy,0,1
47133,Phạm Thị Hoàng,0,1
6159,Dương Kim Khoa,0,0
66041,Trần Hoàng Hưng,0,0
40664,Trần Thanh Hồng,0,1
2939,Bùi Anh Duyên,0,0
68066,Nguyễn Hữu Quang,0,0
5978,Nguyễn Quang Bảo,0,1
4680,Mai Kim Yến,0,1
73700,Phạm Gia Nhiên,0,1
19064,Hoàng Anh Anh,0,0
10113,Nguyễn Thu Huy,0,0
7975,Mai Anh Minh,1,1
2556,Mai Ngọc Linh,0,1
12976,Trần Thị Thảo,1,1
28975,Mai Xuân Vân,1,1
54555,Mai Thanh Lan,0,0
21567,Phạm Đức Hương,1,1
69799,Hoàng Anh Mai,0,0
48136,Nguyễn Kim Thành,0,0
55146,Mai Trần Hoàng,1,1
35526,Bùi Ngọc Nhiên,0,0
18942,Trần Anh Duyên,0,0
53394,Lê Thu Xuân,0,1
72128,Vũ Văn Nam,0,0
49997,Lê Minh Hưng,0,0
59240,Đặng Thị Xuân,1,1
50264,Phạm Thị Vân,0,1
68925,Vũ Thị Thành,0,0
1447,Vũ Đức Dũng,1,1
62465,Đặng Thanh Duyên,0,1
60514,Bùi Trần Nam,0,1
60664,Lê Anh Duyên,0,0
59590,Đặng Gia Vân,0,0
5910,Mai Xuân Châu,0,1
73482,Bùi Thị Ngọc,0,0
46591,Lê Thu Lan,0,1
12979,Nguyễn Xuân Nhiên,0,0
7716,Nguyễn Trần Mai,0,1
15676,Phạm Quang Tùng,0,0
54326,Dương Anh Huy,0,0
3563,Dương Trần Quang,0,1
55348,Dương Anh Quang,0,1
7794,Vũ Ngọc Trọng,0,0
74796,Vũ Quang Vi,0,0
16400,Bùi Trần Quang,0,1
45362,Đặng Thị Vi,0,0
38702,Phạm Anh Quang,0,1
54207,Phạm Thu Quang,0,0
56369,Phạm Văn Quang,0,0
28812,Đặng Đức Trung,0,1
47772,Phạm Anh Nam,0,1
58602,Lê Thu Chi,0,1
720,Vũ Thu Quang,0,0
12934,Trần Thanh Hưng,0,0
6307,Đặng Thanh Tú,0,0
15098,Nguyễn Anh Anh,0,0
76465,Dương Đức Hưng,0,0
55550,Đặng Kim Nhiên,0,1
2357,Phạm Ngọc Phúc,0,0
13540,Trần Thanh Tùng,0,0
9397,Phạm Đức Vân,0,0
59680,Mai Trần Huy,0,1
23527,Hoàng Minh Chi,1,1
12583,Đặng Minh Quang,0,0
38829,Đặng Anh Anh,0,0
40976,Lê Thanh Dũng,0,0
56064,Nguyễn Minh Minh,0,0
24834,Phạm Thị Tú,0,0
65916,Lê Thanh Vi,0,0
60351,Đặng Đức Vũ,0,1
31532,Hoàng Trần Duyên,0,0
70597,Dương Đức Chi,0,0
67157,Trần Đức Quang,0,0
499,Phạm Đức Quang,1,1
70136,Trần Anh Yến,0,0
16549,Lê Hoàng Chi,0,0
42657,Hoàng Thị Thảo,0,0
22877,Đặng Quang Nam,1,0
9762,Bùi Gia Ánh,1,1
31684,Trần Minh Chi,1,1
19219,Phạm Xuân Quang,1,1
24588,Nguyễn Hoàng Vũ,0,1
51236,Hoàng Gia Quang,0,0
25138,Trần Kim Quang,1,0
36534,Vũ Xuân Linh,0,0
12918,Nguyễn Quang Thảo,0,0
56509,Đặng Anh Vân,0,0
5050,Dương Trần Phúc,0,0
72226,Bùi Hoàng Phúc,0,1
51750,Hoàng Đức Lan,0,0
72201,Trần Quang Anh,1,1
14524,Vũ Gia Yến,0,0
50021,Đặng Ngọc Bảo,0,1
2633,Dương Kim Hồng,0,0
21439,Trần Ngọc Nhiên,1,1
52503,Dương Hoàng Quang,1,1
77217,Vũ Quang Hồng,1,1
20572,Dương Kim Quang,0,1
69459,Nguyễn Minh Vũ,0,1
15362,Mai Thanh Dương,0,0
71981,Bùi Trần Chi,0,0
6082,Bùi Đức Chi,0,0
37888,Trần Hoàng Bảo,0,1
67590,Phạm Thanh Vân,1,1
4546,Trần Hoàng Vi,1,1
59226,Lê Quang Châu,0,0
58728,Hoàng Quang Hồng,0,1
4256,Trần Thị Vân,0,0
41259,Vũ Hữu Vân,0,0
69163,Đặng Xuân Hưng,0,0
4047,Vũ Ngọc Nhiên,0,1
32454,Đặng Văn Minh,1,1
24444,Dương Thị Xuân,0,0
33483,Hoàng Gia Hồng,0,0
9215,Vũ Minh Quang,1,1
63669,Hoàng Văn Khoa,0,1
27932,Bùi Kim Khoa,0,0
24082,Hoàng Thanh Quang,0,0
36213,Bùi Kim Hoàng,0,1
71750,Mai Thanh Tú,0,1
39515,Lê Ngọc Lan,0,1
76281,Dương Thu Hương,0,0
34283,Bùi Xuân Huy,0,0
41604,Bùi Trần Dương,0,0
59553,Trần Thanh Ngọc,1,1
9367,Vũ Minh Xuân,1,1
39278,Đặng Ngọc Vi,0,0
67945,Bùi Gia Vi,0,0
73898,Bùi Quang Ánh,0,0
38527,Bùi Kim Ngọc,0,0
11271,Lê Quang Hoàng,0,0
54839,Bùi Văn Quang,1,1
38968,Hoàng Xuân Quang,0,0
73958,Phạm Kim Huy,0,0
63280,Hoàng Quang Dương,0,0
64110,Hoàng Đức Hương,0,0
63144,Lê Minh Bảo,0,0
62096,Bùi Thu Linh,0,1
7149,Trần Minh Phúc,0,0
8332,Vũ Gia Dũng,0,0
44130,Lê Quang Chi,0,0
58950,Hoàng Thu Hoàng,0,0
69926,Nguyễn Minh Thành,0,0
15698,Nguyễn Kim Yến,0,0
4558,Nguyễn Ngọc Vân,1,0
79004,Lê Xuân Vi,0,0
3689,Trần Thị Minh,0,0
24475,Nguyễn Hữu Chi,0,1
9137,Lê Ngọc Ngọc,1,1
44407,Phạm Trần Linh,0,0
37387,Lê Quang Hương,0,0
20593,Trần Văn Huy,1,1
53930,Lê Thanh Xuân,0,0
15525,Vũ Hữu Thảo,0,0
24997,Dương Kim Thành,0,0
33465,Lê Hữu Phúc,0,0
26130,Hoàng Ngọc Duyên,1,1
43341,Phạm Thu Lan,0,0
20401,Vũ Đức Chi,0,0
48950,Nguyễn Hoàng Trung,0,0
55178,Nguyễn Thị Vi,0,0
20645,Dương Hoàng Linh,0,0
9783,Mai Trần Yến,0,0
58009,Nguyễn Thu Chi,0,1
23390,Phạm Quang Trọng,0,0
35574,Phạm Văn Nam,0,0
8895,Vũ Minh Duyên,0,1
17116,Trần Minh Trung,0,1
38837,Phạm Trần Xuân,1,1
2756,Đặng Thu Xuân,0,1
39870,Đặng Hoàng Dũng,0,1
18979,Dương Hữu Lan,0,0
5861,Dương Trần Quang,0,0
23600,Phạm Thị Hương,0,0
65761,Hoàng Anh Vân,1,1
1440,Dương Kim Ánh,0,0
24246,Lê Quang Hồng,1,1
8516,Dương Đức Mai,0,1
38786,Trần Thu Dũng,1,1
57664,Mai Ngọc Hoàng,0,0
43953,Bùi Trần Dương,0,1
56443,Mai Minh Huy,0,1
63576,Trần Quang Linh,0,0
9845,Vũ Văn Châu,0,0
45967,Vũ Quang Ánh,0,1
12882,Đặng Ngọc Quang,0,0
64454,Vũ Thanh Huy,0,1
59380,Phạm Văn Anh,0,0
32802,Đặng Gia Lan,0,1
49803,Bùi Ngọc Ánh,0,0
34749,Dương Ngọc Hương,0,0
51847,Phạm Thu Tú,0,0
19309,Lê Minh Tùng,0,0
79619,Nguyễn Quang Lan,0,1
50908,Mai Hữu Hưng,0,0
16619,Đặng Thu Ánh,1,1
29983,Phạm Trần Vũ,0,0
67208,Dương Hoàng Hồng,0,0
54941,Lê Hữu Minh,0,0
51924,Vũ Văn Nam,1,1
21946,Trần Quang Linh,0,0
51237,Vũ Hoàng Trọng,0,0
71806,Hoàng Gia Trung,0,0
74172,Phạm Gia Hồng,0,0
76733,Bùi Gia Ánh,1,1
49343,Phạm Xuân Nam,0,0
23927,Vũ Hữu Bảo,1,1
77325,Đặng Quang Ngọc,0,0
29974,Đặng Xuân Khoa,0,1
50850,Trần Thị Bảo,0,0
17517,Vũ Trần Huy,0,0
22510,Dương Xuân Quang,0,0
12069,Dương Trần Minh,0,0
4648,Hoàng Kim Trọng,1,1
3310,Hoàng Trần Duyên,1,1
12914,Trần Văn Vân,0,0
77785,Dương Kim Ánh,0,1
22961,Lê Minh Khoa,0,1
19482,Hoàng Xuân Tú,0,1
706,Lê Ngọc Hồng,0,0
16846,Mai Gia Nhiên,1,1
12536,Dương Xuân Ngọc,0,0
45382,Mai Gia Tú,0,0
48079,Lê Anh Nhiên,0,1
50975,Vũ Trần Hồng,0,0
3166,Đặng Kim Chi,0,0
15963,Phạm Trần Yến,1,1
77026,Phạm Quang Hoàng,1,0
3066,Phạm Ngọc Nhiên,0,1
51075,Hoàng Ngọc Tú,1,1
11937,Lê Văn Hương,0,1
29286,Mai Thanh Tùng,0,0
45250,Dương Hoàng Trung,0,0
77713,Đặng Quang Duyên,0,0
24945,Hoàng Gia Vi,1,1
26066,Bùi Quang Hưng,0,1
75096,Hoàng Trần Nhiên,0,0
2541,Nguyễn Thị Hồng,0,0
69657,Phạm Thị Ánh,0,0
10411,Nguyễn Quang Chi,0,0
19597,Bùi Minh Dương,0,1
22105,Phạm Đức Yến,0,1
49230,Lê Hoàng Dũng,0,0
45175,Phạm Thu Nhiên,0,1
27258,Bùi Hoàng Khoa,0,0
76909,Trần Gia Hoàng,0,0
37905,Phạm Ngọc Minh,0,0
42410,Vũ Thu Xuân,0,1
77475,Đặng Gia Anh,0,0
25065,Nguyễn Văn Tú,0,0
52252,Hoàng Đức Yến,0,1
42599,Mai Ngọc Hồng,0,0
7846,Trần Kim Nhiên,0,1
28088,Lê Anh Lan,0,0
20731,Phạm Thanh Xuân,0,1
37362,Lê Hoàng Yến,0,0
64402,Hoàng Kim Trung,0,0
30796,Vũ Anh Minh,0,1
59505,Mai Kim Huy,1,1
55865,Mai Thanh Xuân,0,1
28125,Mai Hoàng Yến,0,0
10907,Dương Ngọc Tùng,0,0
15770,Mai Ngọc Châu,1,1
54169,Bùi Trần Chi,0,0
58255,Dương Thị Vũ,0,1
43654,Lê Gia Khoa,0,0
48168,Lê Gia Vi,0,0
56123,Trần Thị Nam,0,1
27830,Vũ Ngọc Thành,0,0
44855,Phạm Thị Thảo,0,0
58336,Mai Thị Khoa,1,1
10283,Đặng Ngọc Thành,0,0
37930,Phạm Quang Trung,0,0
44529,Nguyễn Thu Linh,0,1
46756,Bùi Gia Châu,0,0
16289,Lê Hữu Dương,1,1
73644,Vũ Văn Ngọc,1,1
16636,Lê Hoàng Dương,0,0
73474,Nguyễn Văn Tùng,0,0
53437,Dương Hữu Bảo,0,0
68936,Lê Trần Tùng,0,1
72544,Mai Hoàng Phúc,1,0
16883,Trần Gia Hương,1,1
43530,Mai Anh Vũ,0,0
27885,Trần Ngọc Linh,0,0
47675,Trần Xuân Quang,0,0
53145,Mai Thị Trung,0,1
24618,Nguyễn Xuân Dương,0,0
72368,Phạm Xuân Vi,0,0
1940,Đặng Minh Quang,0,0
75238,Nguyễn Hoàng Ngọc,1,1
29827,Mai Trần Nhiên,1,1
49725,Trần Thanh Duyên,0,0
18598,Nguyễn Gia Tùng,0,1
8275,Nguyễn Xuân Trung,0,1
4523,Bùi Trần Tùng,0,0
66945,Hoàng Thanh Nam,0,0
70252,Bùi Trần Minh,0,0
6235,Trần Văn Linh,0,0
14480,Lê Kim Nam,0,0
3231,Bùi Trần Thành,1,0
23529,Lê Quang Khoa,0,0
3225,Nguyễn Ngọc Ngọc,0,1
41955,Hoàng Ngọc Ngọc,1,1
48987,Lê Hữu Xuân,0,0
42326,Nguyễn Xuân Nam,0,1
45065,Hoàng Anh Dương,0,0
18584,Mai Văn Dũng,0,1
65317,Lê Anh Khoa,0,0
10610,Nguyễn Kim Thành,0,1
60500,Bùi Văn Phúc,0,0
35267,Dương Hoàng Tú,0,0
8076,Lê Anh Dương,1,1
12526,Mai Thị Linh,0,0
40762,Mai Gia Linh,0,0
15795,Trần Thu Châu,1,1
18895,Dương Hữu Yến,0,0
26543,Mai Hữu Hoàng,0,1
6849,Bùi Trần Chi,0,0
77924,Lê Minh Thành,0,1
6449,Lê Xuân Mai,0,1
51031,Bùi Văn Trung,0,0
50373,Phạm Gia Bảo,0,0
71892,Bùi Hữu Dương,0,0
41220,Mai Thu Hưng,0,0
63574,Lê Đức Mai,1,1
44171,Hoàng Đức Hưng,0,0
38706,Vũ Quang Vi,0,0
1507,Đặng Đức Chi,1,1
65093,Vũ Gia Bảo,0,1
27023,Phạm Trần Châu,1,1
4410,Vũ Anh Xuân,0,0
5597,Dương Gia Ánh,0,0
53569,Phạm Hữu Duyên,0,0
19531,Hoàng Đức Hương,0,1
31612,Đặng Thanh Châu,0,0
62274,Hoàng Gia Linh,0,0
40175,Hoàng Quang Hương,0,1
15544,Lê Xuân Linh,0,0
18082,Đặng Trần Ánh,0,0
50439,Vũ Thanh Tú,0,0
14773,Dương Kim Mai,0,0
67447,Dương Kim Vân,0,1
78242,Hoàng Quang Hưng,0,0
42792,Vũ Ngọc Quang,0,1
6836,Lê Ngọc Vân,0,1
62032,Vũ Thu Phúc,1,1
76115,Lê Đức Thành,0,0
55899,Trần Xuân Thành,0,0
43411,Đặng Gia Thành,1,1
70186,Đặng Trần Vi,0,0
33637,Hoàng Hoàng Lan,0,1
32958,Bùi Gia Mai,0,1
10892,Trần Anh Hoàng,0,0
16969,Dương Trần Vũ,1,1
26314,Dương Quang Vi,0,0
44690,Phạm Hoàng Dương,0,0
28944,Phạm Thị Trọng,0,0
34096,Hoàng Trần Quang,1,1
41451,Phạm Trần Vi,0,0
41881,Trần Hoàng Huy,0,0
34340,Lê Minh Mai,0,1
78854,Vũ Gia Linh,0,1
15049,Nguyễn Văn Duyên,1,0
74169,Phạm Thanh Châu,0,0
67851,Phạm Anh Quang,1,0
58218,Hoàng Văn Thảo,0,0
9866,Bùi Trần Phúc,1,1
37039,Nguyễn Trần Châu,1,1
5952,Nguyễn Hữu Lan,0,0
69010,Phạm Kim Khoa,0,0
50883,Bùi Thanh Nhiên,0,1
38462,Mai Xuân Nhiên,0,0
20407,Vũ Hoàng Chi,0,0
23909,Nguyễn Trần Nam,0,1
9859,Dương Ngọc Tùng,0,0
18383,Trần Hữu Linh,0,1
2996,Mai Thu Lan,0,0
70591,Nguyễn Kim Chi,0,0
44314,Phạm Anh Lan,0,0
58871,Dương Trần Quang,0,1
9424,Nguyễn Gia Duyên,0,0
78654,Bùi Trần Châu,1,0
12374,Dương Thị Phúc,0,1
36963,Phạm Minh Lan,0,0
78254,Bùi Minh Thành,0,1
54258,Lê Trần Vũ,0,1
64383,Mai Thị Dũng,0,1
4828,Hoàng Kim Xuân,1,1
59053,Nguyễn Kim Khoa,0,0
640,Phạm Minh Chi,0,0
18870,Nguyễn Văn Ngọc,0,0
72056,Hoàng Xuân Quang,0,1
34078,Lê Anh Ngọc,0,1
14449,Lê Xuân Khoa,0,0
38908,Bùi Anh Anh,1,1
70824,Bùi Hữu Xuân,0,0
56975,Bùi Thanh Vi,0,0
53691,Nguyễn Gia Minh,0,1
5540,Nguyễn Ngọc Vi,0,0
32111,Bùi Ngọc Ánh,0,1
5297,Dương Trần Vũ,0,1
35428,Vũ Thu Hưng,0,0
48685,Lê Gia Linh,1,0
39834,Hoàng Thanh Chi,0,1
68377,Trần Trần Hương,0,1
17568,Vũ Anh Bảo,1,1
9900,Hoàng Đức Anh,0,0
71246,Bùi Thu Mai,0,1
31478,Dương Đức Lan,0,0
1741,Dương Minh Nhiên,0,0
17215,Mai Gia Nam,0,0
66631,Đặng Đức Vân,1,1
23309,Dương Hữu Khoa,1,1
42405,Trần Văn Ánh,0,0
36255,Lê Thị Mai,0,1
44827,Vũ Ngọc Ánh,1,1
52342,Dương Đức Vân,0,0
70524,Phạm Văn Trọng,0,1
27336,Dương Hữu Dũng,0,0
42852,Vũ Kim Quang,0,0
4419,Nguyễn Anh Ngọc,0,0
22754,Mai Ngọc Hương,0,1
41553,Bùi Thanh Tú,0,0
2537,Hoàng Đức Châu,0,0
61937,Đặng Thanh Nhiên,1,1
49988,Nguyễn Kim Duyên,0,1
24404,Lê Minh Yến,0,0
26342,Vũ Đức Ánh,0,0
25800,Bùi Thị Quang,0,1
33356,Mai Văn Thành,0,0
6325,Đặng Trần Vũ,0,0
56603,Bùi Gia Yến,0,0
23150,Phạm Xuân Thành,0,0
4885,Nguyễn Kim Quang,0,0
69830,Mai Anh Vi,0,0
42642,Trần Xuân Khoa,1,1
42280,Đặng Quang Tùng,0,0
68122,Phạm Xuân Hoàng,0,1
53346,Vũ Văn Ngọc,0,0
26612,Lê Kim Hương,0,0
45823,Mai Hữu Vi,0,0
22951,Dương Ngọc Trung,0,1
10778,Bùi Anh Thảo,0,0
4288,Bùi Thị Duyên,0,0
31386,Đặng Thu Hưng,0,1
60453,Bùi Quang Xuân,0,0
30386,Mai Anh Châu,0,0
37511,Bùi Hữu Trọng,0,0
67929,Phạm Thu Nhiên,0,1
47074,Dương Văn Châu,1,1
2650,Đặng Minh Xuân,0,0
21556,Vũ Ngọc Trọng,1,1
24645,Đặng Thu Yến,0,0
23557,Mai Thanh Hồng,0,0
41034,Nguyễn Thu Duyên,0,0
3750,Phạm Xuân Hương,0,0
10968,Nguyễn Hữu Hương,0,0
9264,Vũ Minh Nhiên,0,0
3572,Phạm Đức Vi,0,1
30497,Dương Thu Dũng,0,0
68616,Lê Thanh Nhiên,0,0
8596,Mai Thu Vũ,1,1
64250,Dương Anh Thảo,0,0
13219,Dương Hữu Dũng,1,0
37342,Phạm Xuân Lan,1,0
73406,Đặng Trần Phúc,0,0
21052,Dương Kim Tú,0,1
46817,Vũ Văn Xuân,0,0
52172,Trần Thu Duyên,0,0
23246,Phạm Thị Ánh,0,0
53129,Bùi Thu Vũ,0,0
10265,Phạm Xuân Linh,0,0
50828,Vũ Trần Yến,0,1
37654,Hoàng Ngọc Dương,0,1
27992,Trần Trần Quang,0,1
23013,Lê Hữu Linh,0,1
12684,Hoàng Quang Phúc,0,0
49921,Phạm Hữu Dũng,0,0
62436,Mai Quang Ánh,0,1
27589,Trần Trần Vân,0,1
8757,Đặng Anh Yến,1,1
51458,Trần Văn Dũng,0,1
12348,Dương Kim Khoa,1,0
26027,Nguyễn Kim Xuân,0,1
42044,Đặng Thị Yến,0,1
7544,Dương Anh Thành,0,1
27252,Dương Thu Hồng,0,0
10125,Dương Hữu Vũ,1,1
49953,Đặng Kim Mai,0,0
21095,Phạm Thu Xuân,0,1
29758,Đặng Đức Khoa,0,0
48435,Dương Hữu Hồng,1,0
15842,Phạm Thanh Duyên,0,1
17453,Dương Quang Quang,1,1
46855,Vũ Thu Lan,0,0
25477,Trần Văn Hưng,1,1
45002,Hoàng Hữu Lan,0,0
41743,Phạm Quang Ngọc,0,0
37041,Trần Trần Vũ,1,1
61438,Vũ Thị Trung,0,1
23639,Dương Thu Dũng,0,0
49821,Vũ Gia Tùng,0,0
21541,Hoàng Gia Linh,0,0
53285,Trần Văn Yến,1,1
29263,Dương Hữu Hưng,0,0
23538,Nguyễn Đức Mai,0,0
57609,Mai Minh Hồng,0,0
23597,Mai Xuân Quang,0,1
24037,Trần Đức Mai,0,0
7205,Hoàng Đức Quang,0,0
33116,Nguyễn Thu Tùng,0,0
54021,Đặng Hoàng Hương,0,0
5356,Hoàng Đức Lan,0,0
50744,Vũ Anh Trung,1,0
53941,Đặng Trần Thành,0,0
18194,Lê Thanh Vân,0,0
27365,Dương Thanh Duyên,0,0
61738,Bùi Hoàng Lan,0,0
34965,Hoàng Đức Vũ,1,1
78028,Mai Quang Dũng,0,0
60556,Đặng Quang Ánh,0,0
63662,Đặng Minh Quang,0,0
50817,Đặng Anh Dũng,0,1
42261,Nguyễn Kim Vân,1,0
46842,Mai Minh Quang,1,1
23364,Bùi Thu Huy,0,0
79440,Nguyễn Thị Hồng,0,0
6609,Dương Trần Dương,1,1
23860,Lê Đức Nam,0,1
68001,Lê Ngọc Hưng,1,1
18703,Trần Quang Duyên,0,0
73279,Phạm Kim Ngọc,0,1
20063,Trần Thu Trọng,0,0
51540,Đặng Hoàng Chi,1,1
1631,Vũ Quang Ngọc,1,1
71104,Dương Văn Linh,1,1
6237,Lê Minh Châu,0,0
5976,Phạm Đức Anh,0,0
60314,Dương Anh Thảo,0,0
67490,Hoàng Anh Phúc,0,0
49296,Đặng Gia Dũng,0,0
58083,Vũ Ngọc Chi,0,0
15649,Nguyễn Trần Tùng,0,0
76386,Nguyễn Đức Bảo,0,0
26598,Lê Gia Quang,1,1
71341,Mai Thu Mai,0,0
51327,Nguyễn Hoàng Minh,0,1
74253,Bùi Minh Châu,0,0
30636,Vũ Ngọc Hưng,0,0
66773,Trần Đức Dương,1,1
16667,Phạm Trần Quang,0,1
12306,Vũ Văn Trọng,0,0
32239,Đặng Đức Tùng,0,1
21266,Nguyễn Anh Bảo,0,1
29467,Mai Thu Duyên,0,0
32456,Trần Hữu Xuân,0,0
21595,Bùi Kim Yến,0,1
36363,Phạm Trần Xuân,0,0
25176,Mai Minh Nam,1,0
51385,Bùi Thu Trung,0,1
48612,Bùi Trần Hoàng,0,1
59864,Đặng Thanh Quang,0,0
28610,Vũ Hữu Huy,0,0
48073,Bùi Quang Bảo,0,0
63385,Lê Minh Thành,0,0
75283,Phạm Trần Mai,0,0
34757,Bùi Hoàng Thảo,0,0
40576,Vũ Anh Yến,0,0
59908,Lê Anh Ánh,0,1
48801,Dương Minh Anh,0,1
31296,Bùi Quang Trung,0,0
48363,Nguyễn Hữu Ánh,0,1
73340,Hoàng Trần Xuân,1,1
76120,Nguyễn Trần Dương,0,1
15165,Phạm Thị Mai,0,1
26866,Mai Văn Tú,0,1
34206,Phạm Kim Tùng,0,0
64963,Mai Hữu Xuân,0,0
41832,Đặng Hữu Hoàng,0,0
4938,Phạm Minh Quang,0,0
50188,Mai Ngọc Tùng,0,0
10254,Trần Thu Hồng,0,0
66207,Nguyễn Thanh Lan,0,1
6232,Mai Trần Thành,1,1
70272,Trần Thị Hương,0,1
40038,Trần Hoàng Ánh,0,0
34483,Bùi Anh Dương,0,0
62965,Lê Thị Dũng,0,1
34659,Phạm Hoàng Hồng,0,1
33258,Bùi Trần Yến,1,1
36472,Bùi Ngọc Linh,0,1
2625,Vũ Trần Tú,1,1
58093,Vũ Minh Vũ,0,0
47012,Phạm Hoàng Tùng,0,0
35023,Mai Gia Lan,0,0
50485,Nguyễn Đức Hương,1,1
6621,Trần Thanh Tùng,0,0
58154,Lê Ngọc Linh,1,1
22991,Bùi Hoàng Vũ,0,0
855,Mai Thanh Duyên,0,0
65726,Đặng Đức Chi,0,0
16247,Nguyễn Đức Vũ,0,1
29532,Mai Trần Hương,0,1
6530,Bùi Hoàng Dũng,0,0
32553,Vũ Thị Dương,0,0
51190,Dương Đức Vũ,0,0
23163,Hoàng Quang Yến,0,0
76981,Nguyễn Hữu Châu,0,0
65188,Mai Anh Ngọc,0,0
16256,Mai Thị Hoàng,0,0
41513,Hoàng Kim Chi,0,0
35705,Nguyễn Xuân Vân,0,1
22456,Lê Thị Hồng,1,0
70258,Trần Hoàng Lan,0,0
51936,Đặng Minh Anh,0,1
17315,Nguyễn Xuân Mai,0,1
64643,Vũ Thanh Minh,0,0
50788,Lê Hữu Thảo,0,0
6147,Trần Thanh Thảo,1,1
12962,Trần Ngọc Châu,0,1
28389,Đặng Thị Vân,0,1
74575,Hoàng Kim Ánh,0,0
79005,Lê Quang Yến,1,1
53304,Phạm Đức Tùng,0,1
23675,Nguyễn Thu Nam,0,1
77676,Hoàng Xuân Ánh,0,0
73241,Mai Thanh Duyên,1,1
62113,Đặng Văn Hồng,0,0
77817,Đặng Minh Vũ,0,1
226,Phạm Hữu Thảo,0,1
25767,Phạm Thanh Minh,0,0
40964,Vũ Quang Yến,0,1
69336,Đặng Thanh Duyên,0,0
23721,Nguyễn Minh Phúc,0,0
520,Đặng Thu Duyên,0,1
36440,Nguyễn Đức Khoa,0,0
13045,Trần Văn Huy,0,0
18449,Vũ Đức Quang,0,0
45259,Vũ Quang Thành,0,0
16947,Lê Đức Tú,0,0
5911,Mai Quang Vân,1,1
71635,Lê Trần Vi,0,0
71305,Vũ Thu Dũng,0,0
58899,Bùi Hữu Bảo,0,0
39908,Đặng Quang Linh,0,1
3661,Hoàng Thị Vân,0,0
16316,Đặng Quang Thảo,0,0
37200,Mai Thu Khoa,0,1
42617,Lê Quang Duyên,0,1
29386,Hoàng Hữu Khoa,0,1
71101,Dương Văn Duyên,0,0
22212,Vũ Thu Chi,0,1
68992,Trần Hữu Vân,0,1
68380,Dương Ngọc Dương,0,0
54067,Nguyễn Quang Hưng,0,0
36633,Mai Thị Quang,0,0
79084,Bùi Kim Thành,0,0
63443,Vũ Ngọc Xuân,0,0
61122,Trần Anh Hồng,0,0
51727,Dương Văn Vũ,0,0
79585,Phạm Ngọc Trung,0,0
55864,Hoàng Thị Nam,0,0
27457,Mai Văn Thảo,0,0
26051,Hoàng Đức Nhiên,0,1
39964,Đặng Xuân Lan,0,0
41115,Vũ Quang Trung,1,1
50719,Dương Minh Ánh,0,1
54754,Lê Ngọc Trọng,0,1
66139,Vũ Hữu Huy,0,0
28983,Lê Thu Châu,1,1
58337,Dương Thu Huy,0,0
27783,Hoàng Quang Huy,0,0
582,Trần Ngọc Dương,0,1
75665,Hoàng Xuân Hồng,0,0
74145,Mai Gia Tùng,0,0
44967,Mai Ngọc Huy,0,1
58319,Nguyễn Minh Anh,0,0
36714,Lê Thanh Châu,0,0
24763,Phạm Ngọc Khoa,1,1
61632,Bùi Xuân Nhiên,0,1
29023,Nguyễn Đức Vân,0,0
53313,Mai Kim Lan,1,1
3628,Nguyễn Kim Hoàng,0,0
35030,Mai Đức Tú,0,0
79938,Lê Minh Quang,0,0
64223,Hoàng Đức Hưng,0,0
48633,Lê Thị Quang,0,1
34077,Nguyễn Quang Mai,0,0
23953,Lê Minh Chi,0,0
61246,Đặng Minh Hoàng,1,1
66818,Phạm Gia Mai,0,0
60286,Nguyễn Anh Châu,0,1
15977,Đặng Hoàng Hương,1,1
1481,Hoàng Thị Tùng,0,0
22431,Phạm Kim Thảo,0,0
66827,Hoàng Thu Châu,0,1
66277,Hoàng Thanh Trọng,0,0
29554,Lê Gia Tú,1,0
61954,Phạm Thu Yến,1,1
25297,Phạm Thanh Dương,0,1
55624,Đặng Kim Châu,0,0
75757,Bùi Hữu Minh,0,0
51058,Mai Thu Quang,0,0
69316,Dương Hữu Nam,0,0
32142,Bùi Thanh Ngọc,0,1
53193,Bùi Xuân Chi,0,0
19160,Hoàng Trần Khoa,0,0
7587,Lê Thu Vũ,1,1
31016,Dương Gia Phúc,0,1
63543,Vũ Hoàng Tú,0,0
43225,Đặng Văn Phúc,1,1
78935,Lê Thanh Hoàng,0,0
60575,Mai Đức Ngọc,0,0
48884,Mai Hữu Yến,1,1
57242,Mai Thanh Linh,0,0
66754,Trần Gia Thảo,0,0
31610,Hoàng Hữu Vân,0,0
24875,Phạm Gia Khoa,1,1
32707,Đặng Hữu Chi,0,0
28924,Trần Thu Vi,0,1
13938,Dương Xuân Bảo,0,1
59222,Bùi Quang Tùng,0,0
43837,Hoàng Hữu Vũ,0,1
34754,Lê Hữu Minh,0,0
79017,Trần Hoàng Tùng,0,1
62356,Bùi Ngọc Trọng,0,1
51793,Dương Gia Tú,1,1
17141,Nguyễn Gia Vân,0,0
17120,Vũ Gia Xuân,0,1
43178,Trần Hữu Huy,1,1
52136,Nguyễn Gia Linh,0,0
32864,Mai Văn Dũng,0,1
49306,Hoàng Minh Thảo,0,1
24301,Nguyễn Kim Nam,0,1
78925,Mai Trần Quang,1,1
42959,Dương Gia Hồng,0,0
21670,Phạm Gia Mai,0,0
41893,Lê Thu Mai,1,1
60722,Hoàng Thị Xuân,0,1
27053,Lê Gia Minh,0,0
56510,Lê Minh Trọng,0,0
67965,Bùi Xuân Vi,0,0
27721,Lê Gia Linh,0,0
50824,Mai Trần Trung,1,1
46648,Mai Kim Ánh,0,1
55300,Phạm Hoàng Châu,0,1
3937,Nguyễn Thanh Hồng,0,1
53977,Hoàng Đức Quang,0,1
79988,Nguyễn Minh Nam,1,1
56138,Vũ Minh Minh,0,1
18575,Lê Kim Trung,0,1
76226,Đặng Minh Quang,0,0
36797,Hoàng Ngọc Ánh,0,0
72830,Phạm Thu Nhiên,0,0
35393,Dương Hữu Dương,0,0
73630,Mai Thu Hưng,0,1
64966,Trần Hoàng Linh,0,1
9427,Lê Minh Xuân,0,0
72168,Dương Quang Linh,1,1
72871,Vũ Thị Khoa,0,0
77157,Dương Minh Huy,0,0
64522,Nguyễn Kim Thảo,0,0
57975,Bùi Quang Lan,0,0
22809,Hoàng Minh Trung,0,0
15143,Hoàng Thị Dũng,0,1
34494,Mai Đức Trọng,0,0
13897,Nguyễn Thị Nhiên,0,0
62859,Dương Gia Anh,0,1
36737,Trần Trần Thảo,1,0
14678,Hoàng Kim Quang,0,1
144,Trần Kim Châu,0,1
75487,Phạm Minh Ngọc,0,1
48101,Hoàng Kim Thảo,1,0
66592,Bùi Hoàng Huy,0,1
39179,Đặng Gia Vân,1,1
45819,Vũ Minh Dương,1,1
70638,Trần Đức Nhiên,1,1
19268,Hoàng Hữu Bảo,0,0
20175,Bùi Ngọc Vi,0,1
28547,Đặng Hữu Khoa,0,0
55149,Hoàng Quang Dũng,0,0
60140,Trần Gia Nhiên,0,1
60474,Phạm Anh Hoàng,0,1
47413,Bùi Văn Vũ,0,1
39683,Hoàng Thị Ánh,0,1
19162,Mai Anh Duyên,0,0
76878,Hoàng Minh Nhiên,1,1
5767,Vũ Kim Khoa,0,0
62981,Bùi Hoàng Nam,0,0
61764,Nguyễn Đức Tùng,0,0
34992,Vũ Quang Lan,0,1
47505,Mai Anh Ánh,0,0
66086,Đặng Quang Phúc,0,0
39205,Dương Thanh Hồng,0,0
14977,Vũ Trần Hoàng,0,0
64928,Lê Hữu Duyên,0,0
22923,Nguyễn Trần Bảo,0,1
59910,Nguyễn Minh Trung,0,0
39438,Nguyễn Văn Ánh,0,0
1200,Nguyễn Trần Dương,0,1
21773,Lê Đức Quang,0,0
12845,Nguyễn Gia Hương,0,0
29699,Hoàng Gia Duyên,0,0
28059,Dương Thị Hồng,0,0
39262,Dương Gia Quang,0,1
2800,Mai Thu Tú,1,1
74226,Bùi Ngọc Hưng,0,0
14541,Dương Ngọc Anh,0,0
9711,Bùi Thanh Dương,0,0
45714,Mai Hữu Ngọc,0,0
74588,Lê Quang Vân,0,0
64176,Dương Hoàng Tú,0,1
63728,Bùi Anh Khoa,0,1
30191,Hoàng Thanh Yến,0,1
55324,Phạm Gia Nam,0,1
53354,Lê Hoàng Linh,0,0
46207,Hoàng Anh Mai,0,0
1165,Phạm Văn Dũng,0,1
1475,Phạm Kim Xuân,0,0
27890,Dương Gia Vũ,0,1
41225,Trần Anh Nam,1,1
24334,Trần Thu Bảo,0,0
17269,Lê Gia Yến,0,1
58458,Bùi Ngọc Châu,1,1
52778,Trần Quang Linh,0,1
3467,Hoàng Xuân Minh,0,0
61806,Hoàng Minh Nam,0,0
64134,Bùi Gia Chi,1,1
25356,Mai Quang Quang,0,0
13787,Mai Hoàng Anh,0,1
77931,Trần Thu Chi,0,0
20313,Trần Hoàng Thành,0,1
43154,Bùi Thu Duyên,1,1
42216,Đặng Anh Mai,0,0
8867,Trần Ngọc Dương,1,1
14851,Dương Minh Duyên,0,0
58313,Hoàng Xuân Tùng,0,0
74822,Lê Kim Quang,0,0
43913,Trần Kim Bảo,0,0
32194,Lê Gia Thảo,0,0
50144,Mai Hoàng Khoa,0,0
40996,Vũ Ngọc Phúc,0,1
35879,Vũ Văn Hương,0,0
26371,Phạm Thị Thành,0,0
51948,Đặng Gia Trọng,0,0
62771,Đặng Đức Tú,0,0
75814,Dương Ngọc Trung,0,1
12549,Nguyễn Ngọc Khoa,0,0
41609,Lê Minh Ánh,0,0
79217,Lê Đức Ánh,0,0
48299,Trần Kim Bảo,0,0
60298,Mai Văn Duyên,0,0
59698,Phạm Văn Phúc,0,0
70957,Lê Gia Thảo,1,1
68688,Lê Hữu Linh,0,0
74043,Nguyễn Thu Quang,0,0
71037,Đặng Văn Tùng,0,0
59724,Dương Đức Tú,0,0
71888,Dương Ngọc Khoa,0,1
79658,Hoàng Minh Lan,0,0
33113,Trần Xuân Vân,0,1
36546,Dương Thu Duyên,1,1
32009,Hoàng Thu Phúc,0,1
37503,Đặng Quang Bảo,0,0
15639,Hoàng Xuân Lan,1,1
71622,Bùi Kim Chi,0,1
45482,Bùi Văn Anh,0,1
4085,Mai Xuân Linh,0,0
31767,Trần Thanh Vân,0,0
30752,Hoàng Văn Lan,0,1
35364,Lê Thị Châu,0,0
66153,Phạm Gia Ngọc,1,0
73290,Mai Thị Anh,0,0
25993,Trần Hoàng Thảo,0,0
32850,Mai Ngọc Dương,0,1
12893,Hoàng Đức Hưng,1,1
45791,Phạm Hữu Quang,0,1
4939,Phạm Thị Huy,0,1
7774,Lê Hữu Phúc,1,1
65057,Đặng Ngọc Khoa,0,0
33035,Hoàng Thanh Lan,0,0
17615,Bùi Đức Lan,1,0
44042,Lê Văn Dũng,0,0
12267,Dương Gia Thành,0,0
7030,Đặng Xuân Châu,0,0
6267,Dương Đức Hoàng,0,0
61416,Vũ Ngọc Dũng,1,1
67106,Vũ Gia Yến,0,0
32025,Mai Xuân Bảo,0,0
74284,Dương Quang Duyên,0,0
48428,Dương Hoàng Trung,0,0
4433,Nguyễn Trần Quang,0,1
40698,Đặng Ngọc Quang,0,0
71337,Lê Kim Vũ,0,0
46582,Phạm Hữu Anh,0,0
34255,Phạm Đức Thảo,0,0
8690,Hoàng Đức Lan,0,0
72442,Nguyễn Hữu Ánh,1,1
29350,Dương Hữu Duyên,0,0
26963,Hoàng Hữu Nhiên,0,1
31644,Trần Thị Tú,0,0
40007,Dương Văn Tú,1,1
28848,Dương Hoàng Vi,0,0
46522,Vũ Quang Nam,1,1
2101,Nguyễn Kim Quang,0,0
28929,Đặng Anh Tùng,0,0
65582,Bùi Xuân Mai,0,1
73729,Dương Anh Duyên,1,0
19231,Dương Thị Chi,0,1
15976,Bùi Anh Dương,0,1
74584,Trần Văn Hoàng,0,0
71924,Dương Thanh Vân,0,0
15785,Mai Văn Trung,0,0
1854,Hoàng Hoàng Thành,1,1
55461,Bùi Thị Xuân,0,0
44192,Đặng Thanh Ánh,1,0
10643,Bùi Xuân Hương,0,1
45992,Bùi Hoàng Thành,0,1
30656,Lê Minh Ngọc,0,1
9937,Đặng Hoàng Hưng,0,1
27479,Trần Ngọc Hưng,0,0
77715,Trần Thu Duyên,0,0
20341,Vũ Xuân Phúc,0,0
43403,Vũ Thu Phúc,0,1
25989,Bùi Hoàng Vân,1,1
78650,Vũ Quang Dũng,0,1
27228,Phạm Ngọc Hồng,0,0
57720,Phạm Kim Ngọc,0,0
33145,Hoàng Anh Vũ,0,0
12146,Phạm Xuân Chi,0,1
71513,Lê Thanh Linh,1,1
35285,Vũ Đức Chi,0,0
28643,Hoàng Đức Nhiên,0,1
11346,Phạm Gia Anh,0,0
30674,Mai Văn Thảo,1,1
65956,Phạm Hoàng Linh,0,0
15833,Hoàng Minh Huy,0,0
35529,Vũ Gia Hoàng,0,0
35325,Dương Gia Dương,0,0
5169,Vũ Minh Yến,1,1
55558,Vũ Kim Anh,0,0
50415,Dương Hữu Dũng,0,0
45071,Nguyễn Minh Thành,0,0
53286,Nguyễn Xuân Quang,0,0
57830,Phạm Hoàng Mai,0,0
11503,Lê Quang Ánh,0,0
62490,Nguyễn Minh Chi,0,0
56923,Đặng Kim Dương,1,1
16548,Hoàng Xuân Xuân,1,1
16378,Đặng Kim Chi,0,0
38801,Vũ Kim Quang,0,0
27772,Nguyễn Thu Vân,1,1
77651,Lê Xuân Nam,0,0
62001,Lê Hữu Chi,0,0
16843,Vũ Trần Dũng,0,1
8915,Vũ Thu Yến,0,0
28299,Hoàng Gia Tùng,0,0
14497,Trần Xuân Quang,0,0
66291,Vũ Ngọc Lan,0,1
72435,Dương Trần Yến,0,1
11533,Đặng Thu Vi,0,0
35351,Hoàng Anh Khoa,1,1
61407,Hoàng Văn Mai,0,0
54838,Dương Trần Thảo,0,0
53842,Dương Thị Khoa,0,0
44795,Trần Ngọc Xuân,0,0
12681,Dương Minh Duyên,0,0
23277,Vũ Trần Quang,0,0
46017,Trần Thanh Khoa,1,1
37546,Dương Thu Mai,0,0
66404,Lê Xuân Mai,1,1
60489,Mai Minh Ngọc,1,1
64591,Trần Trần Nhiên,1,1
54797,Vũ Văn Trọng,0,1
78551,Bùi Thanh Ngọc,0,0
58650,Nguyễn Hoàng Dương,0,0
48217,Mai Đức Quang,1,0
57675,Vũ Thu Chi,0,0
10769,Bùi Thị Anh,0,0
12421,Phạm Hoàng Minh,0,0
16089,Vũ Xuân Tú,1,1
65090,Lê Thanh Anh,0,0
43412,Trần Trần Hương,0,1
78634,Phạm Thanh Vân,0,1
50619,Nguyễn Quang Chi,1,1
7032,Dương Đức Trung,0,1
8136,Trần Thu Yến,0,0
54972,Phạm Thị Tùng,0,0
44374,Mai Anh Dương,0,1
33667,Lê Xuân Trọng,1,1
62130,Trần Ngọc Hồng,0,0
50215,Hoàng Quang Thành,0,0
61661,Trần Thu Mai,0,0
6426,Đặng Xuân Thảo,0,0
17932,Mai Thu Linh,0,1
23400,Phạm Kim Châu,0,0
60501,Bùi Hoàng Phúc,1,1
74166,Hoàng Trần Nhiên,0,0
66042,Đặng Thị Trung,0,0
74094,Mai Quang Châu,0,0
41331,Đặng Thị Trọng,0,0
67533,Nguyễn Anh Dũng,0,0
50995,Phạm Ngọc Ánh,0,1
17730,Dương Thanh Nhiên,0,1
76598,Vũ Kim Thành,0,0
12535,Mai Thanh Dương,0,0
68060,Đặng Xuân Linh,0,0
55753,Mai Trần Dương,0,0
55351,Mai Văn Linh,0,0
19326,Lê Gia Xuân,0,1
68326,Đặng Thu Dương,0,0
33457,Dương Xuân Quang,0,0
29333,Dương Thu Chi,0,0
55949,Lê Thị Thảo,0,0
66608,Đặng Thu Thành,0,0
6455,Phạm Ngọc Duyên,1,1
34899,Đặng Ngọc Thành,0,1
60774,Dương Ngọc Ngọc,0,1
27395,Hoàng Xuân Vân,1,1
6958,Mai Thanh Khoa,0,0
69707,Đặng Thị Trung,0,0
18723,Mai Gia Minh,0,1
41731,Trần Hữu Hưng,0,1
68769,Vũ Hoàng Châu,0,0
21049,Mai Đức Dương,0,1
15884,Đặng Văn Ánh,1,1
35103,Dương Quang Quang,0,0
76038,Lê Văn Ngọc,0,0
29383,Dương Trần Duyên,0,0
45736,Nguyễn Văn Vũ,0,0
33904,Dương Văn Duyên,0,0
55877,Bùi Thanh Phúc,0,1
4915,Mai Thanh Hồng,0,1
9108,Đặng Văn Thành,0,0
61898,Phạm Quang Lan,0,0
48770,Vũ Kim Vũ,0,0
71854,Bùi Kim Thảo,0,0
76492,Dương Minh Yến,1,1
28777,Lê Hoàng Thành,1,1
78156,Dương Xuân Vi,0,0
13868,Bùi Ngọc Mai,0,1
67302,Dương Đức Chi,0,0
50594,Mai Thị Tú,0,0
29492,Mai Thu Anh,0,0
75222,Bùi Ngọc Anh,0,1
4778,Mai Thanh Thảo,0,0
6541,Hoàng Thanh Hưng,0,0
40189,Phạm Minh Bảo,0,0
27033,Lê Thanh Ánh,0,0
69309,Mai Kim Nam,0,0
19556,Đặng Anh Chi,0,0
54610,Hoàng Quang Tùng,0,1
68693,Hoàng Kim Hoàng,0,1
17088,Bùi Anh Ánh,0,0
24797,Dương Hoàng Quang,0,0
31624,Phạm Thanh Quang,0,0
31408,Lê Xuân Bảo,0,1
31263,Đặng Xuân Tùng,0,1
25951,Lê Gia Ánh,0,0
29422,Đặng Hoàng Thảo,0,0
18839,Trần Văn Lan,0,0
4847,Lê Gia Linh,0,0
64289,Trần Đức Duyên,0,1
32288,Nguyễn Xuân Phúc,0,1
18502,Phạm Trần Quang,0,0
31055,Bùi Anh Yến,0,0
49616,Mai Thu Dương,0,0
35681,Nguyễn Văn Vũ,0,0
29209,Hoàng Hoàng Mai,0,0
15715,Hoàng Thị Anh,0,1
9028,Vũ Ngọc Duyên,1,1
64731,Nguyễn Trần Thành,0,0
28356,Bùi Ngọc Yến,0,0
76390,Nguyễn Thị Dũng,0,0
15779,Đặng Anh Vi,0,1
57182,Đặng Thị Hoàng,1,1
21683,Dương Thanh Huy,0,0
4437,Lê Trần Dũng,0,1
17172,Đặng Thanh Duyên,1,1
40409,Đặng Hữu Vũ,0,1
56929,Nguyễn Quang Vi,0,0
68593,Trần Quang Mai,0,0
23653,Vũ Trần Xuân,0,0
78101,Vũ Trần Chi,1,1
57464,Hoàng Đức Minh,1,1
66925,Nguyễn Đức Vân,0,0
75002,Bùi Kim Hưng,0,1
23809,Đặng Hoàng Hoàng,0,0
55855,Đặng Kim Ánh,0,1
55940,Bùi Trần Vân,0,1
15677,Vũ Ngọc Thảo,0,0
77864,Vũ Thị Quang,0,1
27310,Phạm Gia Dũng,0,0
58191,Dương Anh Trọng,1,1
7238,Lê Kim Quang,0,0
64705,Nguyễn Hoàng Trọng,1,1
6544,Phạm Hữu Dũng,0,0
3896,Đặng Hoàng Phúc,0,0
78794,Bùi Kim Vi,0,0
66459,Lê Đức Tùng,1,1
72350,Mai Thu Anh,0,0
9445,Lê Thanh Vũ,0,0
51364,Hoàng Trần Thành,1,0
77344,Phạm Thanh Nhiên,0,1
24849,Vũ Ngọc Tú,1,1
45264,Nguyễn Văn Huy,0,0
11301,Bùi Kim Hương,0,0
26326,Đặng Anh Vũ,0,0
37417,Phạm Văn Vi,0,0
25705,Hoàng Đức Thảo,0,1
61832,Bùi Thị Quang,0,0
65455,Bùi Hoàng Ánh,0,0
59467,Lê Hữu Phúc,0,0
72112,Lê Văn Hoàng,0,0
70744,Dương Ngọc Hồng,0,1
10126,Vũ Anh Quang,0,0
37676,Vũ Kim Tùng,0,0
5787,Đặng Xuân Hoàng,0,0
66657,Lê Thị Xuân,0,0
41188,Mai Ngọc Vân,0,0
58667,Đặng Gia Quang,1,1
32603,Nguyễn Văn Châu,1,0
66113,Mai Minh Huy,1,1
47085,Lê Anh Dương,0,0
4100,Dương Hoàng Thảo,0,0
44014,Bùi Quang Ngọc,0,0
65757,Hoàng Ngọc Duyên,0,1
65519,Trần Hoàng Chi,0,1
25131,Hoàng Văn Phúc,0,0
46139,Mai Hoàng Trung,0,0
76778,Hoàng Kim Vân,0,0
24033,Đặng Gia Nam,1,1
71494,Đặng Văn Lan,0,1
31700,Đặng Ngọc Vũ,0,0
79471,Hoàng Quang Quang,0,0
19570,Trần Hoàng Trọng,0,0
43480,Trần Gia Linh,0,0
50999,Vũ Kim Mai,0,1
39687,Phạm Gia Mai,0,0
67585,Phạm Anh Hưng,0,1
44001,Hoàng Thu Vân,0,0
9100,Vũ Quang Xuân,1,1
51479,Hoàng Trần Chi,0,0
43662,Phạm Ngọc Nhiên,0,1
42332,Nguyễn Đức Yến,1,1
1668,Đặng Thị Ánh,1,0
15578,Lê Ngọc Quang,0,1
8324,Vũ Thu Huy,0,1
47238,Phạm Thu Duyên,0,0
62546,Lê Ngọc Huy,0,0
39247,Bùi Thị Phúc,0,0
21624,Dương Thu Nhiên,0,0
7267,Phạm Minh Duyên,0,1
25739,Bùi Văn Vũ,0,0
6535,Mai Gia Thảo,0,0
25781,Phạm Kim Vi,0,1
48753,Hoàng Hữu Duyên,0,0
10693,Phạm Thị Hoàng,0,0
44334,Lê Thị Tú,1,1
18137,Nguyễn Xuân Hưng,0,0
74374,Phạm Kim Quang,0,0
57520,Dương Thu Nhiên,0,1
5206,Vũ Quang Thành,0,0
65489,Đặng Trần Vũ,0,0
6798,Mai Hữu Yến,0,0
6583,Vũ Quang Thành,1,1
62231,Dương Hoàng Duyên,1,1
8974,Bùi Anh Anh,0,1
77271,Vũ Anh Hương,0,0
74250,Nguyễn Hoàng Bảo,0,0
25249,Mai Xuân Hương,0,0
17332,Bùi Thị Yến,0,0
19730,Mai Thu Linh,0,1
3339,Mai Thị Nhiên,1,1
40466,Vũ Thị Vi,1,1
763,Hoàng Anh Xuân,1,1
2659,Dương Đức Tùng,0,0
20876,Hoàng Hoàng Tùng,0,0
33605,Đặng Thị Chi,0,0
54436,Phạm Trần Dương,0,0
1599,Bùi Xuân Trung,0,0
209,Lê Thị Dương,1,1
5834,Phạm Thị Trọng,0,0
69178,Đặng Ngọc Khoa,0,0
25741,Nguyễn Văn Trung,1,1
42835,Trần Đức Châu,1,1
30535,Bùi Ngọc Anh,0,1
41075,Trần Văn Ánh,0,0
28528,Phạm Trần Hoàng,0,1
47788,Vũ Anh Mai,0,0
19444,Phạm Hữu Nhiên,0,0
33977,Đặng Xuân Châu,0,0
25385,Nguyễn Hoàng Khoa,0,1
25967,Phạm Hữu Vũ,0,0
16494,Dương Xuân Trọng,1,1
67020,Dương Xuân Lan,1,1
10406,Mai Đức Linh,0,0
74135,Nguyễn Quang Linh,0,1
57014,Hoàng Hữu Minh,1,1
3666,Dương Thanh Mai,1,1
36384,Hoàng Đức Hương,0,1
51522,Mai Quang Xuân,0,0
55798,Đặng Thị Tùng,0,1
12001,Lê Kim Khoa,0,1
27102,Mai Thanh Quang,0,0
18076,Trần Thanh Hồng,1,1
43146,Đặng Minh Ngọc,1,1
77927,Vũ Xuân Ánh,0,0
71568,Lê Quang Vi,1,1
21883,Nguyễn Hoàng Vũ,0,0
50614,Phạm Thanh Phúc,0,0
17721,Phạm Gia Hồng,0,0
53836,Bùi Gia Hương,0,0
62571,Nguyễn Đức Hương,0,0
12884,Phạm Xuân Vũ,0,0
55979,Phạm Ngọc Hương,0,0
15335,Hoàng Minh Châu,0,0
76092,Vũ Gia Yến,0,0
60174,Nguyễn Anh Quang,1,1
15449,Trần Quang Hương,1,1
50568,Đặng Minh Nam,0,0
37948,Nguyễn Văn Chi,0,0
31041,Hoàng Văn Vân,0,1
44087,Phạm Hữu Duyên,0,0
4017,Trần Anh Yến,0,0
21499,Bùi Hữu Khoa,0,0
1348,Trần Đức Minh,1,1
5641,Bùi Ngọc Quang,0,0
8547,Phạm Kim Anh,0,0
50658,Hoàng Thu Minh,0,0
30312,Đặng Trần Khoa,0,0
1205,Đặng Ngọc Vi,0,1
62963,Trần Xuân Dũng,0,1
6189,Vũ Ngọc Hưng,1,1
7370,Trần Đức Hồng,0,0
55723,Bùi Anh Thành,0,1
22508,Trần Minh Hồng,1,1
39519,Hoàng Văn Vân,0,1
40162,Vũ Xuân Minh,0,0
64060,Mai Hoàng Nhiên,1,1
10652,Mai Xuân Tùng,0,1
58158,Bùi Thu Hoàng,0,0
78986,Bùi Thanh Mai,0,0
19601,Lê Xuân Dũng,0,1
19995,Phạm Anh Quang,0,0
54664,Trần Ngọc Duyên,1,1
68440,Phạm Anh Mai,0,0
11553,Đặng Hữu Ngọc,0,0
57682,Lê Văn Phúc,1,0
78751,Đặng Gia Tú,0,0
32409,Vũ Ngọc Minh,0,0
68049,Trần Thanh Ngọc,0,0
69935,Hoàng Gia Dương,1,1
17413,Đặng Gia Lan,0,0
14214,Mai Đức Hương,0,1
20626,Vũ Xuân Dương,0,0
51040,Trần Thị Mai,1,1
30413,Đặng Thị Xuân,0,0
28226,Trần Quang Anh,0,0
71745,Mai Hữu Ngọc,0,0
41060,Bùi Xuân Thành,0,0
57882,Bùi Minh Xuân,0,0
38947,Nguyễn Trần Thành,0,0
45140,Vũ Xuân Khoa,0,0
54032,Phạm Hoàng Ánh,0,0
17176,Đặng Hoàng Yến,0,0
61918,Lê Hoàng Duyên,0,0
65559,Hoàng Quang Ngọc,0,1
2181,Đặng Hoàng Mai,0,1
61763,Lê Anh Quang,0,0
67349,Phạm Hoàng Phúc,0,0
14251,Mai Hoàng Châu,0,0
75855,Trần Trần Tú,0,0
78733,Đặng Quang Trọng,1,0
53095,Vũ Hoàng Thành,1,1
19416,Dương Quang Ánh,0,0
78020,Dương Minh Thảo,0,0
37255,Trần Anh Châu,0,0
56983,Lê Ngọc Tú,0,1
73637,Đặng Hữu Duyên,0,1
9736,Phạm Gia Hưng,0,0
1839,Trần Đức Vân,0,0
4059,Lê Trần Trung,0,1
64286,Bùi Minh Nam,1,0
74079,Mai Minh Nhiên,1,1
11121,Bùi Thị Tùng,1,1
64672,Dương Trần Châu,0,0
47663,Hoàng Đức Nam,0,0
27780,Đặng Gia Bảo,0,0
1900,Mai Xuân Hưng,0,0
25769,Mai Minh Chi,0,1
53334,Đặng Hoàng Vân,1,1
57143,Lê Văn Hồng,0,0
21847,Vũ Trần Lan,0,0
40528,Vũ Anh Thành,1,1
14714,Đặng Văn Thành,0,1
33446,Bùi Gia Thảo,0,0
42095,Đặng Anh Quang,0,0
56308,Đặng Minh Nhiên,0,1
46447,Nguyễn Hữu Trung,0,0
20456,Phạm Hữu Quang,0,1
11367,Đặng Hoàng Vân,0,0
20296,Phạm Xuân Lan,0,1
65430,Mai Hữu Bảo,1,1
53749,Lê Thu Yến,0,0
6589,Hoàng Quang Lan,0,0
58038,Bùi Xuân Thảo,0,1
26916,Nguyễn Hữu Ngọc,0,0
18244,Dương Minh Huy,1,1
72993,Trần Văn Minh,0,0
9578,Trần Ngọc Quang,0,0
3795,Hoàng Hữu Anh,1,0
65197,Trần Xuân Mai,0,1
16129,Mai Trần Vũ,0,0
15245,Phạm Quang Hương,1,1
47802,Lê Hoàng Anh,0,0
40486,Trần Xuân Linh,1,1
61776,Dương Minh Hưng,0,1
45969,Bùi Kim Dũng,0,1
73719,Nguyễn Gia Linh,0,1
48403,Lê Kim Anh,0,1
77566,Bùi Hoàng Huy,1,1
22032,Bùi Ngọc Duyên,0,1
4672,Dương Hoàng Duyên,1,1
25217,Lê Hữu Vi,0,1
71083,Phạm Minh Thảo,0,0
23354,Nguyễn Ngọc Dương,0,0
20183,Trần Thanh Yến,0,1
50621,Hoàng Xuân Chi,0,1
30169,Đặng Trần Vi,0,0
8025,Hoàng Văn Chi,0,0
74313,Bùi Minh Huy,0,1
75127,Trần Hoàng Vân,0,1
54273,Bùi Văn Hương,0,0
52035,Vũ Xuân Bảo,0,0
69117,Bùi Anh Duyên,1,0
37871,Mai Đức Mai,1,1
29928,Vũ Văn Khoa,0,0
1272,Nguyễn Xuân Ngọc,0,1
47889,Dương Gia Hồng,0,0
52350,Nguyễn Ngọc Hưng,0,0
8616,Trần Quang Vũ,1,0
52484,Mai Kim Lan,0,1
57929,Vũ Thu Duyên,0,0
41529,Mai Thị Lan,0,0
60706,Bùi Ngọc Khoa,0,1
7388,Trần Hoàng Quang,1,1
73766,Vũ Hữu Hồng,0,0
75999,Bùi Văn Chi,0,0
14723,Dương Quang Phúc,1,1
45987,Phạm Anh Vũ,1,1
19677,Dương Văn Trung,0,0
50198,Phạm Anh Minh,0,0
15374,Đặng Hữu Yến,0,0
73970,Trần Văn Châu,0,1
30903,Phạm Kim Dương,0,0
44012,Phạm Thị Linh,0,0
56231,Mai Hữu Nam,0,0
77480,Mai Kim Yến,0,1
11619,Vũ Văn Thảo,0,0
14267,Lê Thu Thành,1,1
324,Phạm Văn Bảo,0,0
51485,Đặng Trần Dũng,0,0
58512,Phạm Anh Dũng,0,0
30763,Dương Xuân Tùng,0,1
26921,Nguyễn Xuân Hồng,0,0
2386,Hoàng Quang Mai,0,0
7498,Bùi Trần Thành,0,0
62584,Lê Xuân Hồng,1,1
19819,Trần Thu Quang,0,1
35691,Mai Thu Phúc,0,0
37119,Bùi Thu Bảo,0,0
28783,Phạm Thu Hưng,0,1
16635,Lê Thanh Tùng,1,0
56271,Nguyễn Đức Hồng,1,1
39406,Bùi Hữu Anh,0,0
78735,Trần Đức Ánh,0,1
50662,Phạm Anh Hoàng,0,1
21017,Dương Hữu Nam,0,0
72258,Lê Ngọc Bảo,0,1
7358,Dương Hoàng Ánh,0,0
47348,Phạm Hữu Nam,0,1
31801,Nguyễn Thu Hương,0,0
51885,Hoàng Hoàng Nhiên,0,1
67906,Trần Gia Huy,1,1
64120,Lê Đức Thảo,0,1
52071,Dương Thị Thành,0,0
46299,Vũ Minh Ánh,0,0
7590,Mai Quang Ánh,0,1
40675,Bùi Minh Quang,0,0
34765,Mai Gia Thảo,0,0
52544,Hoàng Xuân Khoa,0,1
66765,Dương Quang Dương,0,1
58478,Nguyễn Anh Ngọc,0,0
16661,Phạm Thị Bảo,0,0
65899,Phạm Văn Vũ,0,0
28482,Lê Quang Yến,0,1
74228,Vũ Đức Xuân,0,1
2879,Trần Ngọc Chi,0,0
36882,Trần Đức Lan,1,1
55069,Mai Minh Bảo,0,0
61387,Nguyễn Trần Yến,0,0
62308,Mai Hoàng Yến,0,0
27957,Dương Ngọc Yến,0,1
50885,Trần Quang Dương,0,1
43479,Vũ Hữu Bảo,1,1
72678,Đặng Gia Nam,0,0
21829,Lê Văn Mai,0,0
34281,Hoàng Ngọc Khoa,0,0
8374,Mai Minh Hồng,0,0
76146,Nguyễn Ngọc Phúc,0,0
34315,Mai Kim Nhiên,0,0
33492,Vũ Thị Hồng,1,1
38432,Nguyễn Thanh Ngọc,0,0
11727,Nguyễn Quang Hồng,0,0
71953,Phạm Gia Mai,0,0
45711,Đặng Quang Lan,1,1
45321,Lê Thanh Dũng,0,0
56701,Dương Hữu Tùng,0,1
17350,Nguyễn Trần Lan,0,0
67932,Vũ Thị Hoàng,0,0
6638,Đặng Anh Thảo,0,0
30424,Lê Ngọc Thảo,0,0
59398,Vũ Thu Hồng,0,0
35907,Mai Thu Lan,0,0
6268,Nguyễn Quang Ánh,0,0
63049,Dương Xuân Mai,1,1
77187,Phạm Hoàng Nam,0,0
12624,Mai Anh Huy,0,1
43126,Nguyễn Thanh Hưng,0,1
32505,Trần Gia Hoàng,0,0
38795,Vũ Hữu Anh,0,1
39304,Mai Kim Vân,0,1
58644,Nguyễn Thanh Trọng,1,1
62396,Mai Anh Minh,0,0
73434,Lê Văn Lan,0,0
61382,Phạm Đức Châu,1,0
48557,Trần Trần Dũng,0,1
37370,Vũ Thị Chi,0,0
12942,Bùi Thanh Hồng,1,0
79146,Vũ Kim Tùng,0,1
76736,Trần Gia Anh,0,1
27568,Dương Kim Quang,0,1
6222,Mai Thanh Thảo,0,1
53501,Đặng Hoàng Ngọc,1,1
69800,Mai Thanh Châu,0,0
42514,Dương Quang Trung,0,0
54842,Lê Thị Duyên,0,0
50017,Mai Trần Châu,0,0
32420,Trần Minh Quang,0,0
45275,Vũ Anh Nam,0,0
37347,Mai Thu Thảo,0,0
70718,Đặng Anh Yến,0,0
58538,Bùi Thị Minh,0,1
34230,Trần Văn Tú,1,1
21701,Bùi Anh Linh,0,0
64769,Mai Thu Hưng,0,1
17690,Lê Anh Thảo,0,1
11539,Phạm Ngọc Vi,1,1
54781,Hoàng Thu Dương,0,1
52109,Hoàng Hữu Hoàng,0,1
3729,Phạm Thị Dũng,0,0
39487,Phạm Đức Quang,0,1
65532,Dương Gia Mai,0,0
26525,Lê Ngọc Vi,0,0
7503,Trần Thu Vi,0,0
24524,Phạm Thị Yến,1,1
13323,Nguyễn Hoàng Thảo,0,0
54970,Lê Anh Quang,1,1
3274,Hoàng Ngọc Thảo,0,1
38955,Bùi Văn Anh,0,0
64115,Bùi Thanh Phúc,0,0
69187,Trần Văn Duyên,0,0
22839,Trần Gia Dương,1,1
74556,Nguyễn Xuân Thảo,0,0
51414,Lê Trần Hồng,0,0
21162,Trần Ngọc Bảo,0,1
2324,Bùi Thu Hương,0,0
71767,Phạm Đức Xuân,0,1
71477,Phạm Xuân Linh,0,0
20439,Phạm Thị Yến,0,1
50057,Lê Minh Dương,0,0
57957,Dương Hoàng Mai,0,0
20107,Đặng Thanh Trọng,1,1
20162,Đặng Văn Ánh,0,0
68136,Vũ Gia Bảo,1,1
43434,Vũ Hữu Trọng,0,0
64415,Mai Anh Mai,0,0
59753,Lê Đức Hồng,0,1
77973,Nguyễn Hữu Hoàng,0,1
67095,Đặng Hữu Anh,0,0
51148,Mai Văn Linh,0,1
42575,Phạm Quang Ngọc,0,1
30123,Trần Xuân Dũng,0,0
227,Vũ Thị Phúc,0,0
48108,Bùi Trần Tú,0,0
73194,Vũ Hữu Tú,0,1
57109,Hoàng Quang Thảo,0,0
23910,Hoàng Thu Khoa,1,1
58073,Lê Văn Trung,0,0
44979,Lê Anh Vân,0,0
22125,Phạm Thị Dương,0,1
31555,Phạm Kim Dũng,0,0
47943,Hoàng Anh Chi,0,0
76022,Lê Kim Mai,0,0
58132,Phạm Minh Tú,0,0
51719,Vũ Thanh Vân,0,0
57845,Dương Hữu Thảo,0,0
32273,Đặng Kim Anh,0,0
59114,Nguyễn Hữu Mai,0,0
36270,Phạm Văn Duyên,0,1
35233,Dương Đức Hưng,0,0
8465,Bùi Thu Quang,0,1
39440,Bùi Văn Ánh,0,0
10501,Vũ Thanh Vũ,0,0
21943,Nguyễn Văn Vân,0,1
63731,Hoàng Kim Quang,0,0
22643,Mai Gia Ánh,0,0
37635,Trần Anh Châu,0,0
35064,Dương Đức Khoa,1,1
48340,Mai Ngọc Hoàng,0,0
3239,Nguyễn Kim Tú,0,0
66743,Bùi Thu Nam,0,0
67668,Dương Trần Nhiên,1,1
5686,Dương Hữu Trọng,0,0
20363,Nguyễn Văn Minh,0,1
71823,Lê Anh Khoa,0,0
59955,Dương Minh Thành,0,0
59628,Nguyễn Hoàng Hồng,0,0
2989,Nguyễn Đức Huy,0,0
78809,Mai Thị Tú,0,0
74587,Bùi Văn Phúc,0,1
78190,Mai Thị Bảo,0,0
58954,Nguyễn Quang Hoàng,1,1
22342,Dương Trần Vũ,0,0
65877,Dương Ngọc Huy,1,1
53944,Lê Văn Duyên,0,1
23599,Hoàng Thu Dương,0,0
46410,Hoàng Văn Dương,0,1
34081,Nguyễn Xuân Trung,0,0
61030,Mai Văn Hồng,0,0
36129,Dương Anh Linh,0,0
65321,Bùi Anh Ngọc,0,0
32889,Hoàng Thị Xuân,0,1
7885,Đặng Xuân Dũng,0,0
59921,Nguyễn Thu Xuân,0,0
37380,Mai Thanh Hồng,0,0
25097,Mai Quang Bảo,0,1
66443,Đặng Gia Anh,0,0
30510,Đặng Thanh Tùng,0,0
39168,Lê Kim Trung,0,1
76530,Lê Ngọc Quang,0,0
77106,Dương Minh Khoa,0,0
79511,Hoàng Thu Chi,0,1
45869,Mai Thu Thành,0,0
16640,Nguyễn Thanh Quang,0,0
14887,Vũ Thanh Hồng,0,0
78230,Vũ Anh Hương,0,1
68894,Đặng Thị Tùng,0,1
45537,Trần Thị Quang,0,0
19005,Vũ Gia Dương,1,1
70434,Dương Thanh Ngọc,0,0
54796,Phạm Đức Ngọc,0,0
31570,Đặng Ngọc Yến,0,1
40309,Đặng Đức Trung,0,0
64571,Đặng Xuân Mai,0,0
5301,Trần Kim Linh,1,0
20337,Phạm Anh Hồng,0,0
18759,Trần Thị Vũ,0,0
5095,Hoàng Văn Dương,1,1
404,Mai Hữu Ngọc,0,0
53623,Đặng Văn Tùng,0,0
71293,Nguyễn Xuân Thành,0,1
73632,Mai Kim Nhiên,0,1
19756,Đặng Hữu Vũ,0,0
67689,Dương Gia Ánh,0,1
56200,Bùi Đức Mai,0,0
1886,Dương Hoàng Khoa,1,1
76262,Lê Xuân Hương,0,0
63437,Nguyễn Đức Quang,0,0
69008,Nguyễn Xuân Dũng,0,0
40649,Đặng Trần Xuân,1,1
45831,Mai Anh Linh,0,0
18004,Dương Thanh Quang,0,0
21945,Đặng Thanh Mai,0,0
38343,Vũ Thị Thành,1,1
67785,Đặng Hoàng Huy,0,0
61070,Lê Thị Lan,0,1
77259,Bùi Thanh Thảo,0,1
77356,Mai Quang Xuân,0,0
8096,Mai Kim Minh,0,0
17658,Lê Ngọc Phúc,0,0
8271,Phạm Ngọc Thảo,0,0
56376,Vũ Thị Nhiên,0,0
74131,Phạm Đức Vân,0,0
42777,Hoàng Thanh Bảo,0,0
58304,Phạm Hoàng Ánh,0,1
40391,Lê Thị Xuân,0,0
63289,Mai Hữu Ngọc,1,1
75981,Lê Xuân Nhiên,0,0
26817,Phạm Minh Hoàng,0,1
20601,Mai Xuân Nam,0,1
12784,Lê Thanh Nhiên,0,0
16753,Dương Ngọc Bảo,0,0
79832,Bùi Trần Mai,0,0
6531,Dương Thu Vi,0,0
35928,Lê Anh Lan,0,0
4427,Nguyễn Anh Xuân,0,0
17691,Trần Văn Bảo,0,0
18601,Bùi Thanh Thảo,0,0
26169,Bùi Hoàng Hoàng,0,0
33200,Bùi Hoàng Hưng,0,0
16372,Trần Quang Quang,1,1
1806,Bùi Văn Hương,0,1
72345,Đặng Xuân Dương,0,1
25523,Phạm Trần Khoa,0,0
31279,Lê Ngọc Xuân,1,1
49240,Bùi Thanh Hồng,1,1
54190,Nguyễn Quang Minh,0,0
42184,Nguyễn Thu Quang,0,1
63117,Bùi Hữu Anh,1,1
30012,Mai Hữu Khoa,0,1
36875,Đặng Thanh Anh,1,1
22438,Mai Xuân Mai,1,0
70015,Vũ Thanh Dũng,0,0
8833,Bùi Ngọc Chi,0,0
79390,Nguyễn Thị Trung,0,0
30183,Mai Hữu Xuân,0,0
52138,Phạm Thanh Thảo,0,1
73624,Bùi Văn Trung,0,0
34103,Phạm Xuân Vi,0,0
10124,Dương Kim Thảo,0,1
3457,Lê Gia Châu,0,0
44431,Trần Thanh Yến,1,1
55927,Mai Hữu Quang,0,1
41998,Hoàng Hữu Ngọc,0,0
7276,Dương Văn Hồng,0,1
70059,Trần Anh Lan,0,0
8202,Hoàng Kim Châu,1,1
26156,Đặng Gia Anh,0,0
2118,Trần Thu Quang,0,0
73291,Vũ Anh Xuân,0,0
29373,Trần Anh Khoa,1,0
31407,Nguyễn Hoàng Trọng,0,1
72711,Đặng Anh Linh,0,1
60410,Trần Thanh Chi,0,0
38783,Bùi Kim Yến,0,0
35688,Phạm Minh Lan,0,0
67753,Lê Văn Ngọc,0,0
20054,Trần Ngọc Thảo,0,0
45056,Dương Quang Trung,0,0
37843,Hoàng Thu Anh,0,0
54637,Đặng Minh Chi,0,0
18347,Phạm Gia Quang,1,1
22269,Mai Văn Châu,0,0
9429,Hoàng Trần Hương,1,1
79943,Nguyễn Thị Nhiên,0,0
67544,Đặng Đức Châu,0,0
50804,Hoàng Đức Phúc,0,1
53303,Lê Quang Ánh,0,1
2973,Vũ Ngọc Ngọc,0,1
8724,Bùi Thu Ánh,1,1
43691,Dương Ngọc Thảo,0,0
31722,Hoàng Thị Trọng,1,1
67988,Dương Đức Vi,0,0
79365,Trần Anh Hồng,0,1
63822,Hoàng Văn Bảo,1,1
57724,Mai Trần Phúc,0,0
33119,Vũ Văn Xuân,0,1
24628,Hoàng Minh Tú,0,1
13886,Hoàng Gia Yến,0,0
27820,Đặng Quang Yến,0,0
23845,Bùi Anh Minh,1,1
55019,Lê Đức Vân,0,0
62509,Vũ Hữu Tùng,0,0
36250,Bùi Văn Huy,0,0
79035,Mai Anh Linh,0,0
27748,Lê Minh Nam,1,1
34490,Bùi Hoàng Tùng,0,1
22947,Lê Anh Minh,0,0
57473,Mai Anh Duyên,0,0
17718,Lê Trần Vũ,0,1
73164,Mai Hoàng Phúc,0,1
75241,Nguyễn Xuân Chi,0,0
52842,Nguyễn Đức Khoa,0,1
32745,Phạm Thị Chi,0,0
79947,Vũ Văn Vi,0,0
26232,Đặng Minh Duyên,0,0
18273,Vũ Hoàng Trọng,0,1
75200,Trần Trần Huy,0,0
49442,Đặng Ngọc Duyên,0,0
44673,Đặng Thị Vi,0,0
11207,Phạm Thanh Trung,0,0
18434,Lê Quang Lan,0,0
42237,Đặng Hoàng Yến,1,1
71266,Trần Ngọc Linh,0,0
24149,Vũ Hữu Dũng,1,1
63131,Lê Thị Minh,0,0
69774,Hoàng Minh Hương,0,0
34893,Vũ Quang Hồng,1,1
42162,Vũ Hoàng Lan,1,1
17742,Mai Xuân Hoàng,0,0
8510,Mai Thanh Tùng,0,0
29015,Bùi Văn Linh,0,0
54517,Lê Đức Minh,0,1
21378,Vũ Anh Hương,0,1
62102,Phạm Trần Yến,0,0
1282,Lê Hoàng Hương,0,0
66479,Hoàng Thu Hồng,1,1
34252,Lê Anh Vũ,0,0
36804,Hoàng Anh Khoa,0,0
73045,Lê Hoàng Thảo,0,1
51507,Mai Xuân Thành,0,1
66644,Bùi Ngọc Thảo,0,0
50103,Phạm Gia Ngọc,1,0
42878,Dương Thanh Yến,0,0
37726,Đặng Văn Xuân,0,0
33593,Đặng Thị Bảo,0,0
43169,Nguyễn Kim Ánh,0,1
72496,Nguyễn Quang Trọng,0,0
50497,Trần Hoàng Bảo,0,0
14724,Dương Quang Trung,0,0
41503,Hoàng Văn Ngọc,0,0
40077,Bùi Gia Hồng,0,1
69329,Trần Gia Dũng,0,0
2104,Trần Ngọc Yến,0,0
62956,Mai Minh Xuân,0,1
57151,Nguyễn Anh Vân,1,1
48010,Lê Gia Tùng,0,1
65186,Mai Ngọc Chi,0,0
13442,Phạm Hữu Mai,0,1
76682,Nguyễn Đức Quang,0,1
39636,Lê Anh Hưng,0,0
57897,Mai Anh Duyên,0,1
55489,Vũ Hữu Minh,0,0
69551,Vũ Minh Hương,0,0
2102,Mai Văn Nhiên,0,1
35611,Bùi Trần Quang,0,0
4758,Dương Anh Xuân,1,1
49151,Trần Hoàng Bảo,0,1
6419,Phạm Thị Duyên,1,1
53242,Phạm Hữu Thành,1,0
77124,Hoàng Xuân Hương,0,0
29619,Nguyễn Hoàng Hoàng,0,0
77446,Hoàng Gia Khoa,0,0
59280,Nguyễn Kim Duyên,0,0
67564,Phạm Trần Hưng,0,0
21724,Hoàng Xuân Linh,0,0
19283,Lê Hữu Trung,0,0
57012,Lê Ngọc Vũ,0,1
35303,Nguyễn Hoàng Bảo,0,0
41192,Hoàng Hoàng Phúc,0,1
11447,Dương Kim Tùng,0,0
7637,Vũ Minh Châu,1,0
64432,Dương Minh Phúc,0,0
36019,Mai Đức Thảo,0,0
47267,Hoàng Ngọc Ánh,0,0
59067,Phạm Xuân Ánh,0,0
75395,Nguyễn Kim Thành,0,0
29041,Vũ Đức Nhiên,0,0
64670,Mai Trần Trung,0,0
68704,Dương Gia Tú,0,0
45112,Hoàng Ngọc Nam,0,1
50517,Phạm Kim Dương,1,1
36385,Đặng Văn Ngọc,0,1
20424,Bùi Minh Tú,0,0
23332,Đặng Đức Trung,0,0
14478,Lê Gia Trọng,0,1
78066,Dương Thị Lan,1,1
28261,Phạm Đức Nam,0,0
61836,Vũ Thị Anh,0,0
39480,Hoàng Minh Chi,0,1
21122,Dương Anh Minh,0,0
14074,Hoàng Văn Lan,0,1
66263,Bùi Đức Trọng,0,0
12448,Vũ Đức Mai,0,1
48416,Bùi Văn Huy,0,0
9988,Nguyễn Hữu Nam,0,0
1164,Dương Quang Lan,0,0
14109,Bùi Gia Hoàng,0,0
51998,Vũ Ngọc Châu,1,1
5189,Phạm Minh Phúc,1,0
31928,Vũ Hoàng Dương,0,1
4063,Trần Kim Mai,0,0
25507,Trần Minh Quang,0,0
25205,Trần Thị Lan,0,1
8490,Lê Xuân Thảo,1,0
32899,Nguyễn Ngọc Yến,0,0
46119,Phạm Thị Xuân,0,0
40284,Hoàng Ngọc Huy,1,1
40587,Hoàng Đức Yến,1,1
16993,Lê Hữu Phúc,0,0
68116,Vũ Văn Linh,1,1
10410,Dương Ngọc Lan,0,1
926,Lê Văn Hoàng,0,0
54238,Mai Hoàng Châu,0,1
1614,Trần Thị Huy,0,0
43187,Trần Hoàng Hương,0,0
57906,Bùi Minh Trung,0,0
22024,Vũ Thanh Vũ,0,0
66017,Đặng Hoàng Nam,0,1
2103,Hoàng Quang Quang,0,0
13426,Nguyễn Ngọc Hương,0,1
2501,Bùi Minh Trọng,0,0
4792,Phạm Kim Duyên,0,0
43224,Hoàng Thanh Ngọc,0,1
42100,Nguyễn Thanh Hồng,0,0
46608,Hoàng Xuân Trung,0,0
36026,Mai Thu Xuân,1,1
54856,Trần Quang Bảo,0,0
34107,Hoàng Kim Huy,0,0
52728,Nguyễn Đức Hồng,1,0
32735,Nguyễn Thị Hồng,0,1
27319,Nguyễn Thu Chi,1,1
337,Phạm Kim Khoa,0,0
37637,Nguyễn Hữu Duyên,0,0
53834,Nguyễn Thị Hồng,1,1
24171,Dương Hoàng Thành,0,0
26010,Lê Hoàng Mai,0,0
41690,Hoàng Trần Vân,0,0
36687,Trần Ngọc Vi,0,1
26818,Bùi Gia Vũ,0,0
48880,Mai Hữu Mai,0,0
30172,Mai Thanh Hồng,0,0
1263,Hoàng Kim Châu,0,1
57487,Lê Minh Hương,1,1
5426,Nguyễn Hữu Vi,0,0
69746,Trần Gia Vân,0,0
32041,Dương Trần Xuân,0,1
30605,Mai Xuân Dũng,0,0
788,Mai Kim Phúc,0,1
29767,Phạm Hữu Thảo,0,0
43448,Phạm Đức Nhiên,1,1
70400,Nguyễn Ngọc Phúc,1,1
15592,Hoàng Anh Vũ,0,1
52698,Vũ Quang Linh,0,0
33997,Dương Văn Nhiên,0,0
55026,Dương Minh Châu,1,1
65900,Mai Thanh Trung,0,0
8719,Trần Xuân Hồng,0,0
70085,Mai Thị Châu,0,0
5937,Nguyễn Hữu Hồng,0,1
77459,Bùi Kim Vi,0,0
69007,Phạm Quang Huy,1,1
16162,Nguyễn Trần Vân,0,0
42127,Đặng Thu Quang,0,0
56551,Nguyễn Quang Chi,0,0
16617,Mai Đức Châu,1,1
67258,Vũ Hữu Quang,0,0
56130,Lê Minh Hồng,0,0
43023,Vũ Trần Khoa,1,1
29195,Nguyễn Quang Minh,0,1
1111,Lê Đức Ngọc,0,1
31727,Lê Hữu Chi,0,0
16517,Trần Hoàng Bảo,0,0
40494,Mai Minh Quang,0,0
61676,Nguyễn Kim Ngọc,0,0
76515,Mai Anh Nam,0,1
42788,Nguyễn Hữu Minh,1,1
14417,Bùi Anh Xuân,0,0
35520,Lê Hoàng Mai,0,1
11930,Trần Ngọc Yến,0,1
51702,Trần Kim Anh,0,0
78980,Mai Thanh Hồng,0,0
46712,Nguyễn Kim Minh,0,0
69768,Hoàng Minh Linh,0,1
55844,Vũ Thanh Dương,1,1
78562,Nguyễn Minh Chi,0,0
49554,Dương Thu Chi,0,1
26154,Mai Minh Bảo,0,0
27000,Vũ Hoàng Ánh,0,1
44904,Nguyễn Minh Duyên,0,0
47167,Dương Hoàng Hương,0,0
44308,Dương Trần Duyên,0,0
65505,Đặng Văn Bảo,0,0
528,Bùi Hữu Bảo,0,0
25389,Vũ Hữu Hoàng,0,0
78359,Mai Anh Thảo,0,0
39933,Dương Thanh Dũng,0,0
13926,Dương Xuân Yến,1,1
60409,Nguyễn Xuân Huy,0,0
8966,Bùi Kim Châu,0,1
77412,Hoàng Quang Thảo,0,0
74322,Trần Thị Châu,0,1
73695,Dương Đức Trọng,1,1
5099,Hoàng Kim Ánh,0,0
33692,Mai Minh Quang,0,0
65331,Vũ Hoàng Hưng,0,0
12588,Lê Ngọc Trọng,0,0
48463,Hoàng Thị Khoa,0,0
29200,Đặng Hữu Phúc,0,0
37974,Vũ Ngọc Duyên,0,0
6356,Bùi Văn Phúc,0,0
3341,Nguyễn Thanh Châu,1,1
16320,Dương Hoàng Thảo,0,1
47528,Nguyễn Trần Yến,0,0
20149,Dương Anh Chi,0,0
75344,Trần Ngọc Hoàng,0,0
40811,Phạm Quang Thảo,0,0
29120,Lê Quang Anh,0,0
20377,Đặng Quang Trọng,1,1
63785,Lê Gia Xuân,1,1
18877,Trần Trần Quang,0,0
50810,Bùi Đức Bảo,0,0
58087,Nguyễn Thu Dương,0,0
15970,Hoàng Hoàng Lan,0,0
72295,Đặng Văn Ngọc,0,0
65431,Nguyễn Anh Phúc,0,0
72065,Nguyễn Đức Vũ,0,1
1339,Dương Thị Yến,0,0
12127,Vũ Hoàng Vân,1,1
60651,Vũ Xuân Mai,1,0
7725,Vũ Anh Dũng,0,0
43652,Vũ Gia Chi,0,1
37614,Dương Hoàng Quang,1,1
70185,Phạm Thanh Vũ,0,0
75807,Lê Quang Huy,0,0
22331,Dương Hữu Lan,0,0
31302,Bùi Đức Nam,1,1
70292,Bùi Minh Hương,1,1
20549,Dương Trần Anh,0,1
44794,Hoàng Minh Hưng,1,1
36164,Vũ Xuân Lan,0,0
33276,Dương Kim Tú,0,0
68429,Trần Kim Dương,0,0
33631,Phạm Thanh Trung,0,0
10977,Dương Thu Hương,0,0
44714,Mai Thu Minh,0,1
23814,Bùi Anh Phúc,1,1
31819,Đặng Xuân Nhiên,0,0
57723,Bùi Anh Linh,0,0
56566,Mai Đức Minh,0,0
52657,Lê Thu Chi,1,1
27174,Hoàng Quang Phúc,0,0
78183,Mai Trần Duyên,1,0
7431,Bùi Văn Hương,0,0
32494,Vũ Thanh Hồng,0,0
47418,Phạm Trần Linh,1,0
49809,Lê Đức Yến,1,1
9779,Hoàng Thanh Ngọc,0,0
78113,Lê Xuân Dũng,1,0
63953,Mai Anh Anh,0,0
42567,Dương Hữu Vân,0,0
43699,Phạm Minh Nam,0,0
7880,Nguyễn Minh Ngọc,0,1
915,Nguyễn Đức Xuân,1,1
52912,Vũ Đức Mai,0,0
33964,Phạm Thanh Anh,1,1
37354,Lê Xuân Hưng,0,0
73427,Phạm Hoàng Duyên,1,1
47829,Vũ Hoàng Ánh,0,0
63133,Mai Văn Linh,0,0
49614,Lê Ngọc Nhiên,0,0
74315,Hoàng Đức Tùng,0,1
50012,Dương Minh Xuân,0,0
56315,Nguyễn Thu Xuân,1,1
72704,Vũ Thu Vũ,1,1
77278,Trần Kim Bảo,0,0
1170,Dương Kim Thành,0,0
68812,Bùi Hữu Phúc,1,0
64479,Phạm Kim Thảo,0,1
32696,Mai Kim Hồng,0,1
26138,Trần Văn Vi,0,0
51766,Đặng Ngọc Ánh,0,0
63767,Hoàng Trần Yến,0,0
55401,Trần Minh Anh,0,1
56777,Vũ Thanh Vân,0,0
19757,Nguyễn Thanh Châu,0,0
37288,Nguyễn Quang Minh,0,1
22787,Dương Minh Huy,0,0
25537,Vũ Xuân Thành,0,1
54973,Hoàng Gia Châu,1,1
76817,Trần Quang Mai,0,1
39790,Mai Kim Duyên,0,1
29267,Nguyễn Thu Chi,1,1
65270,Đặng Hoàng Lan,0,0
48863,Lê Hữu Vân,0,1
57474,Lê Minh Nam,0,0
6169,Vũ Hữu Duyên,0,1
387,Dương Ngọc Hưng,0,0
67011,Nguyễn Văn Hưng,0,0
26668,Nguyễn Anh Dũng,1,1
45903,Vũ Hoàng Khoa,0,0
63558,Nguyễn Văn Yến,0,1
24281,Trần Anh Hương,0,0
51334,Nguyễn Thị Hưng,1,1
67072,Dương Minh Ngọc,0,1
32278,Lê Hoàng Duyên,1,1
8321,Trần Trần Phúc,0,1
722,Trần Anh Châu,0,0
3044,Mai Minh Thành,0,0
77473,Vũ Thanh Duyên,0,0
33800,Phạm Hoàng Tú,0,0
10735,Vũ Thị Ngọc,0,0
53413,Đặng Anh Ngọc,0,0
67595,Nguyễn Gia Mai,0,1
62146,Phạm Ngọc Hưng,1,1
58636,Nguyễn Thu Hồng,1,1
76805,Nguyễn Kim Mai,0,0
45125,Lê Ngọc Nhiên,0,0
53498,Nguyễn Hữu Dũng,0,1
55568,Lê Thu Hương,0,1
43376,Vũ Gia Huy,0,0
56781,Hoàng Ngọc Hưng,0,1
15119,Đặng Thanh Trọng,0,0
16732,Đặng Trần Duyên,0,1
5323,Nguyễn Xuân Hương,1,0
58849,Vũ Gia Thành,0,1
71592,Dương Văn Nam,0,0
63839,Trần Đức Trung,0,0
69900,Phạm Anh Duyên,0,1
26393,Dương Hữu Trung,0,1
8810,Nguyễn Đức Tú,1,1
41349,Lê Ngọc Thảo,0,0
2583,Trần Thanh Tùng,0,1
5523,Dương Trần Khoa,0,0
69005,Mai Gia Duyên,1,1
64765,Phạm Minh Hoàng,0,0
16211,Nguyễn Hữu Phúc,0,1
44960,Nguyễn Anh Thảo,0,1
51787,Hoàng Văn Vi,0,0
20940,Lê Thị Bảo,0,0
46662,Nguyễn Minh Hồng,1,1
30727,Hoàng Trần Khoa,0,0
1768,Mai Hữu Hoàng,0,0
35464,Hoàng Ngọc Tú,0,0
16901,Trần Hữu Quang,1,1
11,Nguyễn Thị Linh,0,0
73894,Vũ Đức Duyên,0,0
3717,Vũ Thị Phúc,0,0
73777,Lê Kim Yến,0,0
67486,Bùi Minh Dũng,0,0
51625,Phạm Thu Ánh,1,1
45314,Dương Thanh Nhiên,0,0
33165,Hoàng Thu Nhiên,0,0
35804,Đặng Kim Hương,0,0
77385,Bùi Hoàng Quang,1,1
58556,Phạm Anh Châu,0,0
37193,Đặng Văn Minh,0,1
44790,Lê Thị Hoàng,0,1
60092,Đặng Gia Dương,0,0
77331,Đặng Văn Chi,0,0
69492,Trần Xuân Khoa,0,0
65771,Đặng Hữu Nhiên,0,1
20501,Phạm Văn Thành,0,1
27562,Hoàng Đức Hương,0,1
26413,Trần Thu Yến,0,0
52196,Trần Thu Tùng,0,0
2695,Bùi Thị Lan,0,0
16406,Mai Hoàng Lan,0,0
71737,Trần Văn Vân,1,1
46433,Trần Văn Bảo,0,0
31288,Trần Trần Hoàng,1,1
41128,Hoàng Trần Linh,0,0
5159,Đặng Hữu Xuân,1,0
31057,Trần Minh Huy,0,0
67079,Mai Hoàng Khoa,0,1
72315,Hoàng Gia Dương,1,1
21172,Vũ Quang Nam,0,0
47637,Dương Ngọc Huy,0,0
40333,Lê Hữu Linh,0,0
341,Hoàng Thu Khoa,0,1
29544,Đặng Ngọc Hưng,0,0
20945,Trần Quang Quang,0,1
58767,Đặng Quang Huy,0,0
67808,Bùi Thị Dương,0,1
78878,Đặng Thu Duyên,0,0
6905,Lê Kim Linh,0,0
76316,Nguyễn Thanh Trung,1,1
54320,Lê Anh Xuân,1,1
62822,Đặng Gia Hoàng,1,1
76524,Lê Xuân Phúc,1,1
33211,Lê Xuân Trung,0,0
38687,Lê Thị Thảo,0,0
55692,Hoàng Thị Ánh,0,1
18448,Mai Quang Tùng,1,0
27483,Đặng Anh Vũ,0,0
16671,Hoàng Gia Nhiên,0,0
44737,Dương Kim Minh,0,0
48096,Nguyễn Kim Vi,0,0
3774,Nguyễn Thanh Xuân,0,0
31366,Phạm Thanh Xuân,1,1
79041,Nguyễn Kim Thành,0,0
68163,Hoàng Kim Minh,0,1
69087,Lê Kim Khoa,0,0
28936,Phạm Hoàng Dương,0,1
54998,Trần Kim Xuân,0,1
7385,Trần Đức Khoa,0,0
67682,Hoàng Ngọc Châu,1,1
29755,Hoàng Hoàng Trung,1,1
20228,Nguyễn Văn Xuân,0,0
64299,Trần Thị Thành,0,0
36507,Vũ Anh Quang,0,1
21744,Mai Thanh Quang,0,0
8315,Trần Xuân Vân,1,1
71845,Hoàng Kim Nhiên,0,0
77980,Nguyễn Xuân Xuân,1,1
17430,Dương Thị Ánh,1,1
16875,Bùi Hoàng Hồng,1,1
5350,Dương Kim Nam,0,1
7195,Nguyễn Ngọc Lan,1,0
36608,Dương Hữu Châu,0,0
67709,Nguyễn Kim Mai,1,1
20221,Trần Gia Trung,0,1
26180,Đặng Hữu Mai,0,0
78865,Bùi Văn Tú,0,0
8137,Trần Ngọc Minh,0,0
30034,Lê Hữu Tú,0,0
34515,Phạm Thu Hương,0,1
29712,Hoàng Xuân Trọng,0,0
26555,Mai Gia Duyên,1,1
75416,Vũ Hữu Vân,0,0
44752,Vũ Văn Thành,0,1
22199,Nguyễn Kim Khoa,0,0
69636,Nguyễn Quang Minh,0,1
18175,Dương Thanh Duyên,1,1
23749,Trần Gia Lan,0,0
17494,Phạm Minh Vũ,0,1
52421,Hoàng Xuân Huy,0,0
76336,Bùi Văn Trọng,0,1
67565,Trần Ngọc Duyên,0,0
10057,Lê Xuân Vi,1,1
64937,Phạm Trần Tú,0,0
25758,Vũ Thu Khoa,0,1
27175,Dương Ngọc Hồng,0,0
18841,Phạm Hoàng Trung,0,0
28854,Vũ Gia Yến,0,0
25697,Phạm Hữu Hương,0,0
77704,Hoàng Trần Thành,0,0
59592,Nguyễn Thị Dương,0,0
62789,Đặng Thu Mai,1,1
3247,Đặng Anh Ngọc,0,0
12653,Đặng Minh Chi,0,0
69496,Phạm Ngọc Thảo,0,1
39355,Vũ Thu Thảo,1,1
74162,Hoàng Xuân Xuân,0,0
30164,Mai Thị Khoa,0,0
5951,Hoàng Hữu Yến,0,0
4354,Đặng Văn Hoàng,0,0
56600,Lê Thanh Châu,0,0
38853,Hoàng Anh Trung,1,1
66817,Mai Đức Anh,0,1
28790,Bùi Đức Trọng,0,0
73324,Vũ Anh Thành,0,0
48691,Trần Trần Quang,0,0
2757,Trần Ngọc Nam,0,0
77252,Phạm Thu Ngọc,0,1
41280,Bùi Ngọc Hồng,0,0
24065,Bùi Gia Nhiên,0,0
78300,Vũ Minh Hương,0,0
49351,Vũ Thanh Mai,0,0
46723,Hoàng Hoàng Vi,1,1
51825,Vũ Xuân Chi,0,1
36996,Bùi Thu Dũng,0,1
2231,Bùi Ngọc Phúc,0,0
78867,Lê Thanh Vân,0,0
26873,Hoàng Gia Vân,0,0
24253,Bùi Văn Hoàng,1,1
53524,Nguyễn Ngọc Nam,0,0
15331,Đặng Thị Trung,0,0
16344,Dương Minh Thảo,0,1
72257,Nguyễn Trần Hương,0,1
72486,Phạm Minh Quang,0,0
27275,Đặng Thanh Ánh,0,0
22577,Nguyễn Anh Thành,1,1
23407,Bùi Thanh Tú,1,1
67218,Đặng Hữu Vân,0,0
76717,Hoàng Xuân Bảo,0,0
44179,Nguyễn Thu Hưng,0,0
12687,Phạm Văn Linh,0,0
411,Đặng Kim Dương,0,1
17021,Hoàng Quang Hương,0,1
32336,Lê Thanh Trọng,0,1
50461,Hoàng Đức Trung,0,1
38824,Dương Trần Hưng,0,0
55954,Hoàng Gia Duyên,0,1
52392,Lê Hữu Nam,0,0
35420,Đặng Hoàng Tú,0,0
68166,Đặng Trần Lan,0,1
53518,Dương Trần Quang,0,1
46169,Nguyễn Kim Quang,1,1
61741,Hoàng Hữu Anh,0,1
67375,Hoàng Thu Thảo,1,0
6862,Đặng Thu Vân,0,0
32606,Đặng Văn Quang,1,1
38136,Đặng Xuân Duyên,0,1
34023,Đặng Thanh Quang,0,0
47761,Hoàng Minh Khoa,0,0
26554,Vũ Ngọc Xuân,0,1
63391,Lê Thu Dũng,0,1
10770,Trần Trần Vân,0,0
39833,Đặng Ngọc Châu,1,1
45269,Dương Đức Mai,0,1
51231,Bùi Kim Lan,0,0
26149,Lê Đức Vân,0,0
55169,Vũ Gia Tùng,0,0
49969,Nguyễn Gia Duyên,0,0
175,Nguyễn Trần Mai,0,1
73951,Bùi Anh Hương,1,1
70021,Hoàng Minh Duyên,0,1
53440,Đặng Thu Quang,0,0
56177,Lê Gia Mai,1,1
47810,Phạm Kim Chi,0,0
4501,Hoàng Thị Linh,1,1
60226,Đặng Thị Trung,0,0
16750,Đặng Đức Vũ,0,0
53312,Lê Quang Hương,0,0
62492,Nguyễn Đức Hương,1,0
23502,Mai Đức Yến,1,0
5001,Đặng Minh Châu,0,1
25276,Bùi Xuân Trọng,0,0
46164,Phạm Xuân Ánh,0,1
35980,Vũ Thu Xuân,0,1
70779,Lê Thị Nhiên,0,1
24379,Đặng Hoàng Lan,0,0
56849,Bùi Thu Hưng,0,0
42138,Nguyễn Xuân Yến,0,0
28408,Vũ Hữu Duyên,0,0
62022,Hoàng Xuân Xuân,0,0
61340,Trần Minh Lan,1,1
35933,Mai Gia Vũ,1,1
63183,Nguyễn Thu Tùng,0,0
10284,Lê Gia Tùng,1,0
24092,Mai Thu Hồng,1,1
38817,Mai Hoàng Bảo,0,0
29001,Nguyễn Đức Yến,1,1
11029,Mai Thanh Dương,0,0
20202,Nguyễn Kim Trọng,0,0
2062,Đặng Thu Thành,0,1
67956,Vũ Trần Quang,0,1
69419,Vũ Ngọc Hồng,1,1
62943,Hoàng Gia Dương,0,0
32063,Dương Thị Châu,0,0
57378,Hoàng Văn Xuân,1,1
47042,Đặng Gia Vũ,1,0
14208,Hoàng Thị Châu,0,0
12119,Vũ Thanh Châu,1,0
25631,Bùi Kim Dương,0,0
10313,Mai Thị Trung,0,0
1689,Nguyễn Văn Xuân,0,0
31632,Mai Kim Thảo,0,0
23786,Đặng Đức Dũng,0,0
78104,Mai Văn Duyên,0,0
20723,Phạm Hoàng Phúc,0,0
46323,Bùi Văn Duyên,0,1
13559,Nguyễn Hoàng Yến,0,0
32485,Dương Hữu Châu,0,0
67251,Nguyễn Thu Trung,1,0
2346,Đặng Gia Quang,1,1
33679,Trần Thu Mai,0,0
74820,Nguyễn Văn Lan,0,0
59209,Trần Hữu Trung,0,0
54586,Vũ Quang Ánh,1,1
27208,Vũ Trần Phúc,0,0
39160,Trần Hữu Huy,0,1
8352,Vũ Đức Duyên,0,0
20517,Dương Gia Nhiên,0,0
12573,Lê Hoàng Vũ,0,0
43511,Nguyễn Ngọc Xuân,0,0
15306,Mai Quang Linh,0,0
33564,Mai Văn Lan,0,0
12412,Hoàng Hữu Quang,0,1
49149,Mai Minh Minh,0,0
49851,Dương Gia Dương,0,0
20181,Mai Ngọc Dương,0,0
15741,Hoàng Hữu Trọng,0,0
1721,Bùi Thanh Quang,0,0
8163,Hoàng Đức Dương,0,0
34698,Hoàng Thu Dũng,0,0
5846,Lê Văn Dương,0,0
61992,Bùi Anh Tú,0,0
69414,Dương Quang Anh,0,0
15691,Hoàng Trần Duyên,0,1
54609,Nguyễn Đức Duyên,0,0
7579,Nguyễn Anh Quang,0,1
77934,Bùi Hữu Yến,1,1
17202,Bùi Đức Dương,0,0
65470,Vũ Gia Lan,0,0
62912,Mai Hữu Hoàng,0,0
28832,Đặng Xuân Hồng,0,0
55235,Lê Đức Lan,0,0
16283,Lê Kim Châu,0,1
18276,Lê Minh Bảo,1,1
2815,Nguyễn Xuân Thành,0,0
79234,Nguyễn Thị Thành,0,1
1222,Trần Quang Hồng,0,1
10569,Nguyễn Gia Tùng,0,0
6104,Phạm Thanh Trung,1,0
32918,Bùi Đức Vân,0,0
45685,Mai Gia Tùng,0,0
74545,Hoàng Anh Quang,0,0
19230,Vũ Đức Phúc,0,0
28287,Hoàng Hoàng Ánh,0,0
57100,Dương Thị Khoa,0,0
1387,Vũ Hoàng Vân,0,0
39405,Đặng Quang Hương,1,1
71056,Phạm Văn Hồng,0,0
34758,Đặng Gia Trọng,0,1
76438,Mai Minh Vân,0,0
11703,Trần Thanh Ngọc,0,0
17724,Mai Hoàng Nam,0,1
50731,Mai Văn Bảo,0,0
11110,Trần Minh Quang,0,1
50369,Vũ Ngọc Yến,0,0
20196,Lê Văn Khoa,0,0
6692,Trần Văn Quang,1,0
21223,Đặng Xuân Thảo,0,0
30875,Lê Quang Dũng,1,1
31809,Bùi Văn Xuân,0,0
34121,Lê Văn Phúc,0,1
69814,Trần Đức Anh,0,1
53343,Nguyễn Hoàng Vũ,0,1
40765,Đặng Đức Huy,0,0
7003,Trần Trần Tú,0,0
19216,Nguyễn Trần Dương,0,0
79293,Phạm Thị Linh,0,0
73590,Phạm Thanh Trung,0,0
23804,Bùi Thu Yến,0,0
17999,Hoàng Xuân Quang,0,0
47394,Hoàng Minh Duyên,0,0
59990,Trần Hữu Trọng,0,0
40702,Vũ Xuân Mai,0,0
35476,Lê Thu Tùng,0,1
34740,Lê Hoàng Yến,0,0
34452,Hoàng Kim Khoa,0,1
66807,Phạm Xuân Yến,0,0
65150,Dương Thị Yến,1,1
45990,Dương Kim Yến,0,1
24106,Bùi Hữu Ngọc,0,0
39730,Mai Thị Trọng,0,1
41605,Lê Gia Quang,0,0
68798,Lê Văn Vũ,1,1
52480,Trần Văn Thành,1,1
62593,Nguyễn Thị Vi,0,0
79583,Phạm Kim Hưng,1,1
10762,Vũ Hoàng Anh,0,1
31735,Nguyễn Anh Dũng,0,0
34129,Lê Thu Ngọc,0,0
23034,Bùi Ngọc Phúc,0,1
66464,Đặng Đức Huy,0,0
76341,Dương Hữu Linh,0,0
28913,Vũ Thu Ánh,0,0
63998,Trần Hoàng Thảo,0,0
70637,Đặng Ngọc Phúc,0,0
59207,Lê Ngọc Vũ,1,1
34726,Trần Kim Khoa,0,0
65720,Đặng Gia Hồng,0,1
67248,Dương Hoàng Thành,0,0
55474,Đặng Anh Phúc,0,0
38759,Nguyễn Hoàng Ngọc,0,1
20977,Lê Gia Thảo,1,1
41868,Phạm Kim Trọng,0,0
66422,Nguyễn Ngọc Linh,0,0
31693,Dương Đức Yến,1,1
28365,Bùi Thanh Anh,0,1
38871,Đặng Kim Thảo,1,1
66979,Đặng Hoàng Thảo,0,0
37418,Dương Hữu Yến,0,0
25860,Trần Anh Yến,1,0
12977,Lê Văn Duyên,0,0
29093,Mai Minh Hương,0,1
68572,Hoàng Gia Bảo,0,1
17570,Trần Gia Linh,1,1
46165,Phạm Minh Vân,0,0
6777,Vũ Thanh Vi,1,1
72726,Trần Gia Quang,0,1
75349,Bùi Trần Hồng,0,0
10713,Nguyễn Thanh Yến,0,0
13914,Trần Văn Nhiên,0,1
12633,Hoàng Trần Huy,0,0
77800,Đặng Hoàng Nhiên,1,1
6214,Hoàng Thanh Thảo,0,0
66365,Dương Văn Linh,0,0
42619,Vũ Thu Thành,0,0
39481,Vũ Ngọc Hồng,0,0
79368,Dương Minh Hương,0,1
70234,Mai Đức Khoa,0,0
72039,Trần Ngọc Huy,0,0
22459,Nguyễn Gia Yến,0,0
29908,Vũ Anh Duyên,0,0
12419,Lê Thanh Chi,0,0
18056,Vũ Kim Hồng,0,0
58613,Phạm Trần Tú,0,0
5631,Bùi Thanh Anh,0,0
20270,Trần Thị Trung,1,1
60877,Lê Văn Tùng,0,0
11567,Phạm Thanh Quang,0,0
53878,Dương Minh Mai,0,0
5644,Dương Hoàng Nam,0,0
51720,Đặng Văn Dũng,0,0
101,Bùi Ngọc Tùng,0,0
46592,Vũ Anh Khoa,1,1
29548,Dương Đức Vi,0,0
57503,Dương Ngọc Hồng,0,0
7365,Nguyễn Văn Vi,0,0
63834,Nguyễn Trần Xuân,0,1
61028,Hoàng Thu Quang,0,1
27762,Hoàng Gia Nhiên,0,1
61449,Bùi Minh Hương,0,1
40522,Phạm Thanh Vân,0,0
79575,Phạm Hữu Vũ,0,0
23438,Vũ Xuân Chi,0,0
53826,Trần Quang Lan,0,0
34449,Trần Thanh Yến,0,1
30380,Nguyễn Thanh Phúc,0,0
69426,Hoàng Thanh Chi,0,0
70038,Bùi Kim Huy,0,0
46144,Vũ Thị Anh,0,0
45309,Hoàng Ngọc Nam,1,1
70100,Bùi Kim Huy,0,0
41463,Dương Hữu Trọng,1,1
24194,Mai Gia Tùng,0,0
23107,Trần Xuân Chi,0,0
46486,Hoàng Kim Anh,0,0
65906,Hoàng Minh Mai,0,0
63803,Mai Hữu Dương,0,0
18339,Nguyễn Đức Vi,0,0
54912,Lê Thanh Lan,1,1
64327,Đặng Trần Hương,0,0
2057,Mai Hữu Ngọc,0,1
61900,Nguyễn Đức Bảo,0,0
60494,Vũ Trần Bảo,0,0
19333,Trần Quang Phúc,1,1
78570,Lê Ngọc Dương,0,0
75537,Trần Đức Ngọc,0,0
14502,Đặng Minh Duyên,1,1
37016,Hoàng Hoàng Hương,1,1
36485,Bùi Ngọc Quang,0,1
78292,Vũ Thị Dũng,0,0
75496,Mai Thị Hương,0,0
34435,Dương Ngọc Châu,0,0
39756,Lê Minh Tùng,0,0
14285,Nguyễn Trần Duyên,0,0
46651,Đặng Thị Vân,0,1
23626,Vũ Xuân Hồng,0,0
58751,Vũ Anh Châu,0,0
19541,Bùi Ngọc Nam,0,1
30223,Nguyễn Kim Thành,1,1
8322,Nguyễn Xuân Thảo,0,0
34240,Vũ Văn Quang,0,0
17392,Lê Xuân Vi,0,1
55584,Hoàng Minh Minh,0,0
78565,Hoàng Thanh Quang,0,0
63743,Mai Minh Hồng,0,1
5534,Nguyễn Đức Chi,0,0
74656,Nguyễn Văn Tú,0,1
26941,Phạm Gia Lan,0,0
71826,Phạm Hoàng Bảo,0,0
79328,Mai Thu Hương,0,0
30481,Phạm Hữu Nhiên,0,0
19161,Phạm Trần Anh,0,1
16208,Đặng Văn Vi,0,0
68095,Trần Hữu Nhiên,0,0
5720,Vũ Xuân Lan,0,0
12030,Nguyễn Xuân Linh,0,0
7468,Mai Hữu Lan,1,0
72984,Nguyễn Thị Ánh,0,0
48382,Nguyễn Kim Phúc,1,1
22672,Vũ Xuân Nhiên,0,0
49337,Mai Trần Dương,1,0
23606,Trần Quang Mai,0,0
29553,Trần Ngọc Hương,0,1
10583,Bùi Hoàng Thảo,0,0
71797,Mai Văn Mai,0,1
13466,Vũ Hoàng Quang,0,0
11968,Hoàng Thanh Nam,0,0
13144,Mai Thị Thảo,1,1
28370,Mai Trần Dũng,0,0
7112,Lê Thị Vũ,0,0
51573,Trần Trần Nhiên,0,0
71254,Bùi Minh Châu,0,0
5529,Mai Minh Nam,0,0
61296,Đặng Gia Thảo,0,0
69856,Đặng Trần Ngọc,0,1
3196,Vũ Thu Duyên,0,1
34773,Dương Đức Duyên,0,0
79451,Phạm Trần Nam,1,0
29986,Vũ Trần Tú,0,0
14784,Bùi Gia Quang,0,0
59128,Trần Quang Thảo,0,0
13809,Phạm Gia Hồng,0,0
59801,Hoàng Trần Tùng,1,0
78466,Đặng Anh Trung,0,0
70935,Trần Văn Linh,0,1
587,Lê Trần Quang,0,0
42432,Trần Xuân Tùng,0,1
17604,Mai Kim Mai,0,0
69543,Vũ Ngọc Tú,0,0
44275,Nguyễn Thị Ánh,0,0
45371,Bùi Thanh Vi,0,0
44480,Vũ Thị Châu,0,0
38807,Trần Trần Ánh,0,1
51050,Hoàng Hữu Vi,1,0
24573,Nguyễn Xuân Minh,0,0
28662,Vũ Đức Nam,0,0
78716,Nguyễn Gia Ngọc,0,0
59290,Phạm Kim Thảo,0,0
63630,Vũ Xuân Châu,0,0
48060,Nguyễn Văn Tùng,0,0
40120,Đặng Thanh Vi,0,0
16490,Phạm Quang Linh,0,0
2152,Hoàng Quang Dũng,0,0
5451,Lê Thị Thành,0,0
79967,Bùi Quang Vũ,0,0
21734,Lê Thị Hoàng,0,1
73006,Vũ Kim Duyên,0,1
46767,Hoàng Thanh Chi,0,0
11511,Trần Thu Lan,0,1
11500,Phạm Xuân Linh,0,0
27155,Nguyễn Kim Vi,0,1
52068,Đặng Ngọc Ánh,0,0
30711,Bùi Anh Châu,0,1
61162,Trần Quang Vân,0,0
37197,Vũ Hoàng Linh,0,1
22442,Nguyễn Hữu Lan,0,0
79235,Phạm Anh Anh,0,0
29074,Nguyễn Hữu Hương,0,1
75886,Đặng Hữu Dương,0,0
12671,Dương Gia Ánh,0,1
74878,Đặng Văn Thảo,0,0
33684,Trần Gia Phúc,0,0
60337,Nguyễn Ngọc Anh,0,1
34149,Nguyễn Xuân Huy,0,0
51689,Hoàng Trần Vi,0,1
69977,Đặng Xuân Hương,0,0
52186,Mai Văn Duyên,0,0
49316,Lê Ngọc Dương,0,1
44834,Phạm Văn Vi,0,0
19306,Mai Đức Nam,1,1
76462,Mai Thanh Mai,1,0
58238,Bùi Văn Dương,0,0
5993,Trần Đức Hương,0,0
67004,Phạm Văn Xuân,0,0
37891,Dương Đức Yến,0,0
13588,Nguyễn Hoàng Nhiên,0,0
64335,Dương Thanh Hương,0,0
36800,Bùi Thanh Nam,0,0
69454,Lê Kim Vũ,0,0
31756,Đặng Trần Nhiên,0,1
10777,Bùi Gia Mai,0,1
5755,Nguyễn Thu Hoàng,0,0
59037,Vũ Minh Mai,0,1
26181,Nguyễn Hữu Dương,0,1
68491,Lê Thanh Linh,0,0
23795,Dương Hữu Hưng,0,0
24859,Lê Gia Yến,1,1
65382,Trần Kim Mai,0,1
55398,Dương Thu Hưng,0,0
47976,Trần Quang Hương,1,1
35671,Hoàng Hữu Tùng,1,1
7980,Bùi Anh Yến,0,1
47095,Trần Thu Tú,1,1
15775,Hoàng Thu Duyên,1,1
60476,Đặng Gia Ngọc,0,1
18229,Trần Kim Nam,0,0
68661,Dương Gia Hoàng,0,0
1492,Nguyễn Minh Ánh,0,0
28564,Vũ Hữu Lan,0,1
41715,Bùi Thị Dương,0,0
50149,Lê Quang Hương,1,1
30896,Đặng Xuân Quang,0,0
72620,Hoàng Xuân Khoa,0,0
13030,Nguyễn Hữu Xuân,0,0
61907,Trần Minh Hoàng,0,0
63442,Dương Trần Châu,0,1
64150,Vũ Hoàng Hưng,1,1
271,Nguyễn Hữu Nam,0,0
54798,Nguyễn Thị Quang,0,0
35482,Vũ Thị Khoa,0,0
33014,Mai Hoàng Nhiên,0,0
51669,Lê Trần Lan,0,0
74299,Phạm Trần Hương,0,1
26363,Mai Văn Bảo,0,0
45008,Mai Thu Hưng,0,1
50921,Nguyễn Kim Trung,1,1
16163,Dương Quang Hồng,0,0
47069,Bùi Trần Anh,0,0
5223,Hoàng Trần Thảo,0,0
17607,Dương Quang Huy,1,1
3142,Hoàng Xuân Chi,0,1
58679,Mai Minh Nam,0,0
74636,Nguyễn Văn Linh,0,0
31495,Trần Văn Lan,0,0
46680,Bùi Ngọc Châu,0,0
34547,Bùi Đức Dũng,1,1
1074,Nguyễn Văn Trọng,0,0
79695,Mai Thanh Quang,0,0
1336,Phạm Thu Xuân,1,0
7178,Hoàng Gia Mai,0,1
17082,Hoàng Thanh Minh,0,0
79392,Lê Quang Hoàng,1,1
48619,Lê Thu Huy,0,1
49565,Hoàng Quang Vân,0,0
14440,Nguyễn Minh Duyên,0,0
29451,Dương Thu Ánh,0,0
24172,Đặng Trần Châu,0,0
73226,Dương Gia Lan,1,1
68564,Hoàng Hoàng Mai,0,0
70343,Bùi Hữu Nam,0,0
71880,Nguyễn Thị Hương,1,1
13959,Hoàng Ngọc Yến,1,1
10512,Trần Văn Hoàng,0,0
39918,Nguyễn Quang Nam,0,0
59502,Vũ Hoàng Châu,0,0
30238,Bùi Ngọc Huy,0,1
72733,Phạm Văn Ánh,0,1
61588,Mai Anh Nam,0,1
11130,Nguyễn Anh Mai,0,0
23880,Trần Thu Khoa,1,1
17352,Mai Xuân Ngọc,0,0
24646,Trần Quang Ngọc,0,1
19256,Mai Thu Ngọc,0,1
8043,Nguyễn Thu Phúc,0,0
69578,Hoàng Thị Huy,1,0
6742,Phạm Thị Hoàng,0,0
59717,Vũ Thị Yến,1,1
30204,Trần Thanh Vân,0,1
51019,Phạm Ngọc Vi,0,0
18491,Bùi Xuân Quang,0,0
69764,Dương Văn Nhiên,0,1
50741,Bùi Thu Tùng,0,0
74386,Nguyễn Văn Bảo,0,0
74190,Phạm Minh Mai,1,1
74835,Phạm Hữu Chi,0,0
8671,Lê Thanh Lan,0,0
48835,Mai Hữu Linh,0,0
10542,Vũ Gia Tùng,0,0
27935,Đặng Thanh Vũ,0,0
11490,Trần Thị Dũng,0,0
76437,Dương Minh Xuân,1,1
55755,Vũ Kim Xuân,0,0
71365,Đặng Đức Xuân,1,1
2121,Nguyễn Đức Tú,0,0
19879,Trần Minh Quang,0,0
72529,Mai Quang Ngọc,1,0
3042,Đặng Xuân Dương,0,0
14023,Nguyễn Minh Vân,0,1
36319,Mai Xuân Hồng,0,0
36242,Bùi Hoàng Khoa,1,1
33075,Nguyễn Minh Huy,0,0
60657,Phạm Hoàng Yến,1,1
808,Lê Anh Ngọc,0,0
73856,Phạm Thu Phúc,0,0
42285,Bùi Gia Huy,0,0
20658,Bùi Đức Mai,0,0
8528,Lê Thị Trung,1,0
58296,Lê Gia Hương,1,0
61883,Mai Trần Phúc,1,1
12874,Dương Thanh Tùng,0,0
20095,Mai Anh Thành,0,0
34877,Bùi Hữu Mai,1,0
60059,Đặng Trần Vân,0,1
76326,Hoàng Hữu Thành,0,0
7560,Mai Anh Ngọc,1,1
48095,Phạm Ngọc Anh,1,1
45425,Đặng Gia Xuân,0,0
56711,Trần Gia Quang,0,0
1472,Hoàng Xuân Quang,0,1
28266,Phạm Kim Vũ,0,0
23370,Trần Ngọc Huy,0,0
45014,Lê Thu Hồng,0,1
8518,Mai Đức Bảo,1,1
19517,Bùi Anh Hưng,0,0
53347,Vũ Hoàng Nhiên,0,0
28343,Lê Gia Trọng,0,0
2031,Lê Gia Trung,0,0
71328,Đặng Minh Anh,0,1
52206,Mai Hữu Thành,0,0
2669,Mai Anh Trung,0,0
67334,Trần Gia Thảo,0,0
3610,Lê Ngọc Yến,0,0
68200,Phạm Minh Mai,0,0
14567,Phạm Minh Bảo,1,1
27328,Nguyễn Thị Mai,0,0
41472,Nguyễn Hữu Tùng,0,1
73603,Bùi Kim Tùng,0,0
66903,Đặng Quang Mai,0,0
28349,Hoàng Hoàng Hưng,0,1
39537,Vũ Xuân Trọng,0,0
10421,Trần Văn Vi,0,0
47571,Vũ Anh Trung,1,1
77870,Bùi Thu Vũ,1,1
463,Trần Gia Tùng,0,0
60443,Hoàng Thu Quang,1,0
29061,Lê Anh Lan,1,1
33339,Trần Ngọc Thành,0,1
53397,Phạm Trần Nam,0,1
40553,Đặng Minh Dương,0,0
57088,Nguyễn Kim Vũ,0,0
31627,Phạm Thu Duyên,0,0
8918,Hoàng Gia Thành,0,1
46445,Lê Đức Thành,0,0
58253,Vũ Kim Mai,1,1
76375,Đặng Văn Nhiên,0,0
69734,Lê Quang Lan,0,1
15082,Vũ Gia Dương,0,0
46012,Đặng Anh Châu,0,0
12138,Vũ Gia Chi,0,0
46809,Hoàng Kim Ánh,1,1
44142,Vũ Thị Mai,0,1
6417,Phạm Gia Quang,0,0
75978,Nguyễn Thanh Dương,1,1
18732,Trần Thanh Hương,0,0
45072,Bùi Thanh Linh,1,0
13327,Mai Gia Anh,0,0
4740,Hoàng Thị Quang,0,1
14814,Mai Quang Trung,1,1
3556,Dương Thị Vũ,0,0
75260,Hoàng Trần Dũng,0,0
30681,Lê Ngọc Ngọc,0,1
43703,Lê Gia Duyên,0,1
51085,Trần Văn Châu,0,1
33455,Bùi Minh Huy,1,1
50739,Lê Văn Chi,0,0
7109,Lê Hoàng Trọng,1,1
6296,Nguyễn Văn Huy,0,0
61511,Bùi Trần Hoàng,0,0
54675,Mai Kim Huy,0,0
42108,Dương Ngọc Ngọc,0,1
79684,Lê Anh Nhiên,1,1
4375,Phạm Đức Hưng,0,0
76152,Dương Anh Minh,0,1
70564,Đặng Đức Ngọc,0,0
18581,Vũ Đức Quang,0,1
74235,Phạm Hữu Tùng,0,0
5709,Mai Anh Vũ,0,0
31889,Dương Thị Hồng,0,0
17747,Trần Thanh Nam,0,0
32400,Mai Gia Anh,0,0
77119,Hoàng Quang Duyên,0,0
73018,Nguyễn Thu Yến,0,0
65780,Bùi Kim Phúc,0,1
58373,Bùi Anh Yến,0,1
1073,Phạm Đức Mai,0,0
34314,Hoàng Thanh Nhiên,0,0
16991,Nguyễn Đức Phúc,0,0
58875,Trần Quang Tùng,0,1
41889,Trần Ngọc Anh,0,1
78231,Đặng Thanh Hưng,0,0
49917,Vũ Ngọc Chi,0,1
46288,Dương Đức Ánh,1,1
41420,Hoàng Trần Hương,0,1
59001,Vũ Kim Vũ,0,1
41754,Vũ Hữu Mai,0,1
47208,Đặng Gia Hưng,0,0
75943,Nguyễn Thu Thành,0,0
49732,Lê Xuân Nam,0,0
42743,Lê Văn Linh,0,0
61346,Trần Xuân Ánh,0,0
10160,Trần Văn Anh,0,1
67260,Dương Gia Linh,0,1
11035,Trần Hữu Trọng,0,0
21007,Phạm Đức Hoàng,0,1
50772,Bùi Ngọc Dương,0,0
50702,Bùi Trần Hưng,1,1
54578,Mai Xuân Hoàng,1,1
11680,Hoàng Văn Vi,0,1
38393,Dương Kim Ánh,0,0
32283,Vũ Đức Quang,1,1
49279,Đặng Anh Thành,1,1
79582,Nguyễn Anh Mai,0,0
11761,Bùi Đức Lan,1,0
36592,Trần Thị Hồng,1,1
11180,Dương Hoàng Anh,0,1
77125,Hoàng Minh Huy,0,0
16560,Mai Thị Ánh,0,0
1825,Trần Ngọc Vi,0,0
16910,Nguyễn Thanh Vũ,0,1
40795,Trần Thanh Anh,0,0
20560,Dương Thị Hồng,0,0
24118,Mai Minh Tú,0,1
69631,Lê Thanh Thành,0,0
4395,Vũ Thanh Linh,1,1
64071,Vũ Đức Ánh,0,0
33085,Vũ Thu Tùng,1,1
34701,Hoàng Anh Nhiên,0,1
39226,Phạm Xuân Tùng,0,0
69038,Dương Trần Duyên,0,0
7405,Trần Thị Lan,0,1
69407,Dương Gia Trung,0,0
3506,Đặng Hữu Trung,0,0
78892,Bùi Hữu Hương,0,0
76765,Trần Thị Hồng,0,1
34100,Mai Trần Phúc,0,1
70431,Phạm Xuân Duyên,0,0
66358,Trần Đức Thành,1,1
21660,Lê Hoàng Xuân,0,0
4737,Nguyễn Ngọc Xuân,1,1
27450,Dương Thanh Tùng,1,1
10883,Bùi Anh Chi,1,1
46134,Bùi Kim Yến,0,0
44829,Nguyễn Kim Khoa,0,0
56944,Bùi Anh Lan,0,1
8145,Lê Gia Thảo,0,1
66461,Phạm Xuân Quang,0,0
19120,Trần Hoàng Ngọc,0,0
23111,Bùi Xuân Chi,0,0
59795,Đặng Minh Tùng,0,0
75495,Lê Trần Tú,0,0
50636,Vũ Văn Hưng,0,0
14605,Dương Ngọc Lan,1,1
35771,Đặng Đức Xuân,0,1
53659,Mai Quang Thảo,0,1
65208,Dương Kim Chi,1,1
33547,Lê Xuân Châu,0,0
76442,Nguyễn Thị Xuân,0,0
40796,Vũ Văn Tùng,0,0
25606,Bùi Thanh Minh,0,1
11534,Hoàng Xuân Xuân,1,1
45060,Bùi Kim Quang,0,0
51057,Nguyễn Thị Dương,1,1
26082,Hoàng Thu Ngọc,0,1
58773,Phạm Hữu Bảo,1,1
47204,Trần Kim Thành,0,0
49934,Phạm Quang Tùng,1,1
70383,Mai Thị Trung,0,1
47010,Lê Quang Quang,0,0
877,Vũ Thu Duyên,0,0
63415,Mai Ngọc Linh,0,0
18896,Trần Xuân Duyên,0,0
3370,Hoàng Gia Tú,1,1
37603,Phạm Thu Yến,0,0
44518,Đặng Ngọc Châu,0,0
15334,Mai Hữu Bảo,0,1
46520,Đặng Minh Huy,0,0
33332,Nguyễn Minh Hưng,0,0
60008,Nguyễn Thị Tú,0,0
44176,Trần Thanh Bảo,0,0
12529,Phạm Xuân Tùng,0,0
47684,Mai Văn Vân,0,0
35113,Hoàng Hữu Trung,0,0
22957,Vũ Xuân Hoàng,1,1
189,Nguyễn Thị Tùng,0,1
73119,Dương Anh Chi,0,0
11509,Lê Thị Phúc,0,0
7580,Nguyễn Quang Thảo,0,1
26242,Lê Thanh Anh,0,1
16602,Lê Trần Mai,0,1
67900,Phạm Thanh Phúc,0,0
61229,Vũ Anh Dũng,1,1
31646,Mai Gia Minh,0,0
39323,Phạm Thu Nam,1,1
30537,Trần Đức Châu,0,1
19719,Bùi Minh Châu,0,0
71330,Dương Kim Linh,0,0
64998,Hoàng Anh Hương,0,0
23458,Lê Thị Yến,0,1
41143,Bùi Anh Thảo,1,1
26742,Mai Thanh Trọng,0,0
38743,Nguyễn Quang Nam,1,1
64254,Dương Hoàng Vũ,0,0
75162,Nguyễn Anh Trọng,0,0
77811,Trần Xuân Thảo,0,1
70377,Phạm Hoàng Quang,1,1
12120,Trần Thanh Hưng,0,0
43666,Hoàng Hữu Ngọc,1,1
73529,Trần Thị Thành,1,0
22249,Phạm Thanh Lan,0,0
61210,Nguyễn Văn Vũ,0,1
16709,Lê Xuân Ngọc,1,1
29815,Hoàng Xuân Chi,0,0
73825,Hoàng Quang Vi,0,0
47335,Bùi Xuân Yến,0,0
28857,Bùi Thị Duyên,1,1
16902,Hoàng Thanh Xuân,0,0
20958,Dương Quang Chi,1,0
43881,Trần Anh Thành,0,0
38419,Nguyễn Xuân Linh,1,1
53989,Vũ Thanh Nhiên,1,1
41745,Vũ Minh Quang,0,0
42671,Mai Anh Nam,0,0
61086,Vũ Minh Vũ,0,1
5691,Hoàng Thu Vân,0,1
45061,Vũ Đức Vi,0,0
67462,Phạm Ngọc Huy,0,1
25508,Hoàng Ngọc Trung,0,0
40940,Nguyễn Thanh Mai,0,1
79364,Lê Thị Ngọc,0,1
8980,Lê Thị Anh,0,0
15251,Dương Trần Vũ,1,1
44011,Trần Thị Duyên,0,0
23096,Vũ Anh Vi,0,1
43117,Mai Đức Linh,0,0
49433,Lê Hoàng Xuân,0,0
62811,Phạm Minh Vi,0,0
50982,Vũ Gia Anh,0,1
11361,Dương Văn Lan,0,1
10438,Đặng Thanh Vi,0,1
55160,Phạm Văn Yến,0,0
30830,Mai Thanh Ánh,0,1
68402,Đặng Văn Xuân,0,0
29812,Trần Thanh Thảo,0,0
53187,Trần Thu Vân,0,0
48255,Phạm Thanh Châu,0,0
33299,Trần Xuân Lan,1,1
56856,Dương Thanh Phúc,0,0
28604,Lê Gia Hồng,1,1
57398,Mai Hữu Nhiên,0,0
14337,Bùi Anh Khoa,0,1
17432,Mai Minh Nhiên,0,0
26327,Nguyễn Thị Châu,0,0
55359,Dương Thu Mai,0,0
3627,Đặng Văn Duyên,0,1
3234,Lê Quang Huy,0,0
51753,Hoàng Trần Quang,0,0
36345,Trần Ngọc Hồng,0,0
30538,Bùi Thu Vi,0,0
44731,Hoàng Thị Nhiên,0,0
40912,Hoàng Kim Nhiên,0,0
22523,Hoàng Minh Thành,1,1
8328,Bùi Văn Hương,0,0
54749,Bùi Đức Trọng,0,1
24710,Phạm Văn Tùng,0,1
67984,Trần Đức Khoa,0,1
55104,Lê Hữu Anh,0,0
6068,Nguyễn Xuân Phúc,0,0
76491,Hoàng Minh Ngọc,1,1
37809,Nguyễn Thị Xuân,0,1
68947,Mai Quang Nhiên,0,1
18223,Phạm Ngọc Mai,0,0
40750,Dương Quang Thành,0,0
73596,Đặng Đức Châu,1,1
43339,Vũ Văn Trọng,0,0
12614,Lê Trần Dũng,1,1
59336,Trần Minh Duyên,0,1
59177,Dương Đức Vân,0,0
20832,Nguyễn Gia Thành,0,0
22693,Phạm Thanh Huy,0,0
48906,Nguyễn Đức Phúc,0,0
70681,Nguyễn Hữu Thảo,0,0
54402,Phạm Hoàng Minh,0,1
36600,Bùi Thu Vi,0,0
15386,Nguyễn Hoàng Lan,0,0
12811,Dương Hoàng Dũng,0,0
8685,Vũ Ngọc Trung,0,0
59441,Phạm Thị Khoa,0,0
15989,Nguyễn Kim Anh,1,1
34924,Nguyễn Văn Tùng,0,0
60053,Lê Thanh Khoa,0,0
58591,Đặng Hữu Quang,0,0
20606,Vũ Thanh Chi,0,1
72778,Trần Gia Hồng,0,0
75697,Bùi Văn Hồng,0,0
76130,Mai Thu Tùng,0,0
46765,Phạm Đức Hưng,0,1
41404,Hoàng Trần Linh,0,0
29953,Hoàng Kim Thành,0,0
63975,Lê Ngọc Bảo,0,0
75795,Phạm Trần Tú,0,1
36205,Mai Xuân Trọng,1,1
1415,Mai Quang Dũng,1,1
13081,Mai Hoàng Quang,0,0
40504,Mai Gia Dương,0,1
11763,Trần Gia Dũng,0,0
30593,Dương Kim Lan,0,0
25317,Dương Thanh Linh,0,0
79357,Lê Hữu Khoa,0,0
71698,Nguyễn Kim Tú,0,0
51025,Lê Thị Anh,0,0
30555,Mai Xuân Chi,0,0
30057,Trần Xuân Phúc,0,0
10212,Trần Ngọc Vân,0,0
67394,Hoàng Ngọc Xuân,0,1
24396,Bùi Kim Phúc,0,0
65752,Dương Anh Thảo,0,0
2988,Bùi Đức Quang,1,1
54814,Hoàng Minh Bảo,0,0
65688,Bùi Anh Huy,0,1
21991,Đặng Gia Duyên,0,0
78179,Mai Trần Chi,0,0
20170,Hoàng Anh Chi,0,0
17671,Dương Văn Vân,0,0
19834,Bùi Anh Hương,0,0
29086,Đặng Anh Xuân,0,0
33752,Dương Thanh Mai,0,0
19369,Nguyễn Minh Yến,0,0
55096,Phạm Thu Trung,0,0
20212,Bùi Đức Quang,0,0
35084,Trần Quang Mai,0,0
58045,Nguyễn Thị Dương,0,0
55964,Phạm Kim Ánh,0,0
30964,Trần Thị Tùng,0,1
12274,Đặng Trần Chi,0,0
19475,Vũ Ngọc Vi,0,1
4142,Trần Trần Linh,0,0
35256,Hoàng Văn Hưng,0,0
63213,Phạm Đức Thành,0,1
78438,Vũ Thu Minh,1,1
36142,Dương Thanh Dương,0,0
40263,Nguyễn Trần Yến,0,0
24634,Phạm Thị Ánh,0,0
50905,Lê Hoàng Duyên,0,0
49077,Hoàng Gia Vân,0,0
4685,Nguyễn Trần Trung,1,1
63505,Đặng Xuân Thành,0,0
59377,Vũ Thanh Dũng,0,1
41157,Dương Anh Trọng,0,0
27477,Vũ Quang Yến,0,0
36178,Phạm Thanh Vân,0,0
22156,Đặng Minh Minh,0,0
52373,Nguyễn Minh Trọng,1,1
28573,Nguyễn Xuân Nhiên,1,1
5758,Nguyễn Anh Phúc,1,1
79523,Phạm Kim Huy,0,0
24517,Phạm Kim Vũ,0,1
20866,Phạm Quang Dũng,0,0
48312,Mai Ngọc Thành,0,1
54014,Hoàng Thị Dương,0,0
79225,Lê Gia Thảo,1,0
31050,Hoàng Xuân Bảo,0,0
1924,Phạm Đức Mai,0,0
63086,Hoàng Văn Chi,0,0
22405,Hoàng Kim Mai,1,1
37722,Nguyễn Quang Duyên,0,0
65032,Dương Quang Ánh,0,0
64394,Phạm Gia Duyên,0,0
51433,Dương Thị Yến,0,0
37609,Đặng Quang Vân,0,1
7877,Trần Quang Khoa,1,1
54855,Nguyễn Thu Hồng,0,0
12238,Bùi Đức Hưng,0,0
13571,Bùi Hoàng Dương,1,0
31202,Phạm Kim Hương,0,1
43975,Lê Đức Chi,0,0
75804,Trần Minh Hưng,0,0
22010,Mai Ngọc Vũ,1,1
31337,Vũ Ngọc Xuân,0,0
21716,Đặng Xuân Hồng,0,0
43039,Trần Xuân Bảo,0,0
62829,Đặng Hoàng Minh,0,0
27938,Dương Gia Vân,0,0
36488,Phạm Đức Mai,1,0
65262,Mai Thanh Phúc,0,1
38314,Phạm Hữu Châu,0,0
1189,Trần Ngọc Nam,0,1
61609,Đặng Ngọc Bảo,0,1
15383,Hoàng Anh Quang,0,1
13388,Lê Quang Vân,0,0
1184,Bùi Minh Quang,0,1
12180,Dương Hoàng Vi,0,0
37628,Hoàng Đức Vân,0,0
1508,Trần Văn Thảo,0,0
57186,Phạm Ngọc Vi,0,0
65602,Bùi Kim Huy,0,1
78331,Đặng Đức Hồng,0,1
61321,Trần Thị Thảo,0,0
74302,Hoàng Minh Hưng,0,0
69671,Bùi Kim Anh,0,1
33730,Phạm Thu Minh,0,0
25470,Bùi Hữu Dương,0,1
55686,Nguyễn Trần Hoàng,0,0
4689,Trần Hoàng Thành,0,0
38726,Vũ Xuân Vũ,0,1
1033,Mai Thị Nam,1,1
30554,Hoàng Quang Dũng,1,1
44509,Đặng Quang Minh,0,0
52722,Vũ Hoàng Mai,0,1
15821,Vũ Anh Tú,1,1
26962,Đặng Thu Dũng,0,0
18851,Dương Kim Xuân,0,1
38532,Mai Văn Vi,1,0
12176,Dương Trần Vũ,0,0
35803,Lê Quang Châu,0,1
12026,Bùi Anh Dương,0,0
32659,Mai Anh Nam,0,1
16956,Đặng Thu Dương,0,0
60332,Phạm Hoàng Bảo,0,0
59069,Phạm Gia Thảo,0,0
6416,Hoàng Đức Ngọc,0,1
78178,Trần Kim Xuân,0,0
59072,Trần Quang Phúc,0,1
70493,Đặng Minh Chi,0,1
67278,Bùi Thu Chi,0,0
77594,Dương Kim Yến,0,0
79741,Bùi Thị Huy,0,0
64381,Bùi Kim Thảo,0,1
45960,Bùi Thị Dương,0,0
78454,Mai Gia Duyên,0,0
10518,Hoàng Thanh Hương,0,0
32736,Bùi Gia Quang,0,0
32064,Dương Hữu Duyên,0,1
10161,Trần Trần Trọng,0,1
58699,Mai Xuân Nhiên,0,0
15474,Trần Minh Tùng,1,0
44763,Dương Xuân Chi,1,1
60679,Hoàng Thị Huy,0,0
1393,Bùi Văn Khoa,0,0
32016,Mai Xuân Lan,1,1
18351,Lê Ngọc Minh,1,1
44504,Trần Anh Châu,1,1
47050,Hoàng Anh Ngọc,0,0
48567,Vũ Minh Anh,0,0
29345,Dương Văn Duyên,0,0
11419,Phạm Hoàng Linh,0,1
61654,Lê Kim Ánh,0,0
68289,Hoàng Hữu Huy,0,0
12689,Hoàng Quang Lan,0,0
4633,Bùi Anh Hồng,0,0
5418,Bùi Kim Ánh,0,0
25447,Mai Đức Quang,0,0
1281,Nguyễn Anh Hồng,1,1
54215,Hoàng Kim Vi,0,0
26524,Vũ Đức Khoa,0,0
17321,Hoàng Minh Mai,0,0
32075,Lê Ngọc Hồng,0,0
41705,Trần Minh Tùng,0,1
68678,Vũ Đức Quang,0,0
59770,Trần Đức Nhiên,0,1
12825,Bùi Thị Ngọc,1,1
14281,Vũ Minh Vi,0,0
54934,Hoàng Gia Hương,0,0
62185,Bùi Minh Trung,0,1
52390,Hoàng Trần Xuân,0,0
63586,Dương Thanh Thành,0,1
8600,Trần Gia Nam,0,1
38132,Trần Xuân Thành,0,0
20286,Dương Đức Vũ,1,1
36057,Dương Thu Quang,0,0
30672,Bùi Ngọc Ngọc,0,1
43880,Vũ Thanh Anh,1,1
66011,Vũ Văn Duyên,0,0
74205,Bùi Xuân Dương,0,0
12275,Lê Kim Yến,0,0
14096,Nguyễn Văn Vi,0,0
36151,Mai Ngọc Hồng,0,0
28664,Đặng Hoàng Vi,0,0
12350,Nguyễn Trần Hương,0,1
2086,Mai Hoàng Mai,0,1
11244,Đặng Thanh Dương,0,1
12237,Hoàng Ngọc Quang,0,0
26431,Đặng Ngọc Duyên,0,0
41859,Bùi Văn Dương,0,0
46544,Trần Văn Dương,0,0
21568,Hoàng Trần Ngọc,0,0
14258,Dương Đức Huy,0,0
64350,Phạm Xuân Hoàng,0,1
11855,Mai Hoàng Trọng,0,0
16010,Trần Kim Trọng,0,0
11187,Nguyễn Xuân Mai,0,0
43701,Bùi Kim Duyên,0,0
46720,Dương Đức Khoa,0,1
64408,Bùi Hoàng Linh,0,0
20384,Dương Ngọc Quang,1,1
73087,Dương Thanh Ngọc,0,1
46474,Mai Anh Hồng,1,1
36550,Lê Minh Dương,0,0
53531,Nguyễn Ngọc Lan,0,0
59141,Trần Thị Bảo,0,0
78505,Đặng Anh Quang,0,0
36313,Dương Kim Quang,1,1
37821,Phạm Kim Minh,0,0
25161,Vũ Anh Hưng,1,0
43334,Nguyễn Hữu Trọng,0,1
40847,Phạm Xuân Hương,0,0
72461,Dương Thu Trọng,0,0
47472,Bùi Minh Vi,0,1
5712,Mai Quang Hồng,0,0
16564,Bùi Quang Thảo,0,1
45127,Nguyễn Gia Nam,0,1
36349,Hoàng Anh Trọng,0,0
3052,Bùi Văn Duyên,1,1
54155,Lê Xuân Thảo,0,0
12076,Lê Xuân Vân,0,1
53658,Dương Trần Minh,0,1
9786,Nguyễn Quang Phúc,0,1
17653,Nguyễn Thanh Yến,0,0
26479,Phạm Thu Thành,1,1
39606,Đặng Ngọc Thảo,1,1
12936,Mai Trần Trung,0,0
38838,Bùi Thu Châu,0,0
8088,Bùi Hoàng Chi,0,0
78833,Vũ Gia Lan,1,1
62977,Bùi Trần Minh,0,0
22817,Vũ Trần Vi,1,1
34736,Đặng Thu Anh,0,0
15426,Mai Quang Vân,0,0
4645,Vũ Đức Quang,0,0
61211,Vũ Minh Ánh,1,1
48586,Phạm Văn Dương,0,0
44321,Bùi Gia Dương,0,1
24884,Dương Văn Mai,0,1
46348,Trần Thị Hương,0,0
23733,Dương Hữu Nhiên,0,0
75055,Phạm Trần Huy,0,0
75536,Nguyễn Thị Hồng,1,1
12017,Hoàng Anh Nam,0,0
47743,Hoàng Thu Duyên,0,0
51849,Mai Minh Vân,1,1
76564,Mai Hoàng Ánh,0,1
35143,Phạm Quang Trung,1,1
24593,Bùi Xuân Anh,0,1
71800,Mai Trần Dũng,0,1
9105,Dương Gia Quang,1,1
77338,Trần Gia Quang,1,1
53100,Bùi Trần Phúc,0,0
71188,Dương Gia Quang,0,0
3152,Nguyễn Ngọc Trung,1,0
65141,Mai Hoàng Nam,0,0
29608,Mai Hữu Vi,0,1
17828,Mai Kim Linh,0,1
79362,Nguyễn Văn Dương,1,1
79059,Trần Minh Minh,0,1
44754,Bùi Kim Phúc,0,0
11400,Bùi Kim Anh,0,1
40012,Đặng Đức Lan,0,1
63448,Bùi Thu Trung,1,0
60176,Mai Thu Hương,0,0
17988,Mai Trần Quang,0,0
46882,Nguyễn Xuân Yến,0,0
60661,Vũ Thị Trung,0,0
47196,Nguyễn Quang Ngọc,1,1
27290,Nguyễn Quang Anh,0,0
508,Trần Ngọc Duyên,0,0
37616,Nguyễn Văn Dũng,1,0
65878,Vũ Hữu Mai,0,0
71088,Dương Xuân Quang,0,0
44842,Trần Quang Dương,0,1
47465,Trần Kim Hoàng,0,1
7476,Nguyễn Kim Tú,0,1
74048,Hoàng Văn Hương,0,1
56630,Đặng Ngọc Dũng,0,0
62076,Bùi Quang Hương,0,1
12209,Bùi Anh Duyên,0,1
11999,Mai Anh Ngọc,0,0
70846,Bùi Thị Tú,0,0
25279,Phạm Gia Ánh,1,1
31439,Mai Ngọc Yến,1,0
31281,Hoàng Đức Dương,0,0
76317,Lê Văn Anh,1,1
18435,Bùi Đức Dương,0,0
19425,Phạm Thanh Thảo,0,0
73104,Dương Thu Lan,0,0
33516,Trần Hữu Huy,0,0
15431,Phạm Ngọc Trọng,0,0
38005,Trần Minh Anh,0,0
36589,Trần Văn Vi,1,1
50996,Vũ Minh Nhiên,0,0
26616,Đặng Quang Thảo,0,0
3643,Đặng Văn Anh,1,1
59638,Hoàng Minh Vân,0,0
52884,Phạm Trần Hương,1,1
62093,Lê Minh Duyên,0,0
48613,Trần Thị Hồng,1,0
7410,Vũ Anh Duyên,1,1
32780,Dương Trần Vũ,0,0
38777,Dương Hoàng Nhiên,1,1
76101,Trần Kim Linh,0,1
73545,Lê Hoàng Hồng,0,0
16935,Lê Anh Châu,0,0
75161,Lê Đức Bảo,0,0
21980,Bùi Hoàng Vũ,0,1
19673,Nguyễn Trần Phúc,0,1
59806,Nguyễn Quang Thảo,0,0
49601,Hoàng Minh Huy,0,0
58570,Phạm Thị Châu,1,1
52212,Trần Trần Dương,0,0
33716,Hoàng Hoàng Dũng,0,1
61427,Vũ Trần Linh,0,0
71404,Nguyễn Thu Bảo,1,1
53442,Vũ Thu Vũ,0,0
33436,Vũ Đức Bảo,0,0
30101,Đặng Văn Thành,0,1
51473,Mai Ngọc Thành,0,1
57658,Lê Đức Quang,1,1
42340,Bùi Xuân Thảo,0,1
71040,Nguyễn Gia Yến,0,1
44032,Phạm Minh Dũng,0,0
30404,Lê Minh Ngọc,0,0
54270,Nguyễn Thanh Nam,0,0
69176,Vũ Trần Phúc,0,1
26321,Lê Ngọc Hoàng,0,1
102,Trần Quang Nam,1,1
62940,Mai Thị Vân,0,1
77946,Phạm Đức Vân,1,1
79998,Lê Quang Huy,0,0
78601,Đặng Quang Phúc,0,0
9241,Dương Ngọc Lan,0,0
67675,Vũ Gia Lan,0,0
32634,Hoàng Minh Dương,0,0
62007,Dương Xuân Phúc,1,1
51153,Mai Đức Hưng,1,1
31471,Bùi Trần Ngọc,1,1
21975,Nguyễn Trần Ánh,0,1
23015,Phạm Kim Bảo,0,1
7870,Dương Xuân Hương,0,0
32834,Vũ Thanh Hưng,0,0
73347,Phạm Thanh Dương,0,0
5957,Hoàng Đức Vân,1,0
68869,Trần Anh Vũ,0,0
49937,Mai Thanh Anh,0,0
37620,Bùi Ngọc Mai,0,1
3055,Bùi Quang Vân,1,1
43379,Mai Gia Xuân,0,1
27022,Hoàng Gia Vũ,1,1
60015,Bùi Hoàng Tú,0,1
36241,Vũ Thu Trọng,0,1
60785,Phạm Đức Quang,0,0
34370,Hoàng Anh Chi,0,0
5449,Nguyễn Minh Lan,0,1
12802,Đặng Kim Nhiên,0,0
12559,Dương Thị Châu,0,0
41541,Hoàng Quang Linh,0,0
66724,Vũ Văn Anh,0,1
79640,Lê Đức Dương,0,0
53628,Đặng Gia Ánh,0,1
18197,Nguyễn Ngọc Nam,0,0
57564,Dương Gia Duyên,0,0
32185,Nguyễn Hoàng Lan,1,0
42265,Hoàng Kim Lan,0,0
18224,Dương Đức Hương,1,1
29839,Vũ Xuân Duyên,0,0
23460,Mai Quang Thành,0,0
59372,Lê Ngọc Vân,1,1
66567,Trần Thu Nam,1,1
1457,Mai Văn Chi,1,1
13917,Dương Văn Hưng,0,0
39341,Mai Hữu Hương,0,0
35299,Lê Đức Hồng,0,1
27720,Trần Anh Trọng,0,1
46548,Hoàng Thanh Thành,0,0
55031,Lê Minh Minh,0,0
8184,Nguyễn Minh Yến,0,1
53590,Phạm Thu Phúc,0,0
22141,Phạm Gia Linh,0,1
15033,Phạm Xuân Tùng,0,0
40094,Hoàng Ngọc Phúc,0,0
7983,Mai Hoàng Lan,0,1
17170,Hoàng Văn Vân,0,1
66520,Bùi Minh Duyên,0,0
45349,Lê Trần Ngọc,1,0
68630,Đặng Đức Hồng,0,0
44617,Trần Hữu Nhiên,0,0
38466,Bùi Anh Anh,0,0
26827,Bùi Quang Hưng,0,0
13803,Nguyễn Anh Thảo,0,0
17966,Nguyễn Xuân Dương,0,0
72669,Đặng Kim Minh,0,1
8798,Nguyễn Minh Huy,0,0
75968,Bùi Gia Vũ,0,0
48170,Nguyễn Minh Minh,1,1
27411,Nguyễn Anh Vũ,0,1
32937,Dương Hoàng Duyên,1,1
31466,Trần Thị Quang,0,0
7788,Đặng Đức Xuân,0,1
2857,Đặng Anh Yến,1,1
77239,Mai Kim Châu,0,0
60711,Lê Kim Linh,0,0
43989,Hoàng Quang Mai,0,0
67114,Dương Thu Lan,0,0
62325,Trần Kim Dương,0,0
43794,Mai Thanh Tùng,1,1
21284,Trần Đức Phúc,0,1
79359,Đặng Kim Anh,0,0
22610,Lê Trần Quang,0,0
23970,Mai Minh Hương,0,1
47739,Bùi Văn Vũ,0,0
53736,Trần Thu Yến,0,0
55945,Dương Thị Hương,0,1
19906,Lê Minh Xuân,0,1
23634,Dương Ngọc Nam,0,0
72259,Phạm Hoàng Thành,0,0
72525,Hoàng Kim Phúc,1,1
44605,Mai Văn Dũng,0,0
68346,Nguyễn Văn Ngọc,0,0
71052,Đặng Thanh Trung,0,0
12027,Trần Hoàng Thảo,0,1
28863,Đặng Văn Thành,0,1
40024,Bùi Thanh Hưng,0,1
51934,Lê Đức Minh,0,0
23174,Dương Ngọc Tú,0,0
70548,Vũ Hoàng Mai,1,1
37977,Dương Hữu Nhiên,0,0
67690,Mai Anh Mai,0,1
72172,Đặng Đức Quang,0,1
9930,Mai Đức Trọng,0,1
73846,Lê Ngọc Bảo,0,0
57408,Mai Kim Hồng,1,1
26251,Đặng Đức Minh,0,1
37608,Phạm Xuân Nhiên,0,1
75289,Lê Kim Châu,0,0
51896,Vũ Trần Ánh,0,0
31940,Lê Hoàng Trung,0,0
62931,Bùi Gia Chi,0,0
43237,Dương Hữu Phúc,1,1
20240,Phạm Thanh Mai,0,1
56764,Mai Đức Hồng,1,1
38345,Bùi Trần Vân,0,0
8646,Trần Anh Quang,1,1
43239,Lê Thu Ngọc,0,0
61505,Nguyễn Kim Vũ,0,1
65679,Hoàng Hoàng Vi,0,0
11834,Phạm Đức Ngọc,0,0
74247,Mai Thu Tú,0,0
25394,Hoàng Thu Khoa,0,0
48364,Nguyễn Văn Vi,0,0
63447,Vũ Quang Nam,0,0
30036,Vũ Minh Nhiên,1,1
50962,Nguyễn Kim Chi,0,0
71077,Trần Đức Anh,0,1
41419,Hoàng Văn Ngọc,0,0
61615,Hoàng Đức Châu,0,1
25111,Bùi Minh Vi,0,0
68872,Lê Thu Xuân,0,0
54246,Trần Đức Ngọc,0,0
38101,Trần Anh Xuân,0,1
67111,Mai Hoàng Duyên,0,1
58528,Mai Xuân Xuân,0,0
35916,Vũ Ngọc Phúc,0,1
33579,Vũ Thu Hưng,0,0
68042,Nguyễn Trần Huy,1,1
48477,Trần Kim Yến,0,0
24416,Phạm Kim Vân,0,0
20753,Mai Minh Thảo,0,0
15427,Lê Gia Bảo,0,0
66142,Đặng Thu Nam,1,1
18205,Mai Hoàng Khoa,0,0
69277,Đặng Văn Xuân,0,0
33540,Hoàng Thị Minh,0,0
12276,Bùi Trần Trung,0,0
24905,Trần Thu Chi,0,0
44927,Bùi Quang Trung,1,1
23045,Lê Anh Vũ,0,0
57010,Bùi Minh Tú,0,0
36386,Đặng Hoàng Chi,1,1
51857,Vũ Văn Quang,0,1
30922,Phạm Quang Châu,0,1
56362,Mai Thị Dũng,0,0
38021,Trần Minh Bảo,0,0
10270,Trần Thanh Hương,0,0
40503,Đặng Xuân Châu,0,0
60637,Đặng Minh Bảo,0,1
4266,Bùi Đức Dương,1,1
11618,Vũ Gia Anh,0,0
66044,Trần Hữu Dương,0,0
49513,Vũ Xuân Lan,0,1
64983,Mai Gia Dương,0,0
49558,Bùi Thu Nhiên,0,0
60576,Hoàng Văn Hồng,0,1
36864,Dương Minh Duyên,0,0
1865,Phạm Thanh Huy,0,0
30126,Vũ Anh Quang,1,1
52120,Bùi Thanh Huy,0,0
61893,Nguyễn Minh Khoa,0,1
27126,Vũ Văn Tùng,0,0
44552,Vũ Hữu Thành,0,0
51350,Phạm Thanh Ánh,0,0
30256,Dương Đức Xuân,0,1
5442,Nguyễn Xuân Mai,0,0
37372,Hoàng Thanh Xuân,1,1
67944,Bùi Quang Khoa,0,0
34277,Lê Thị Hoàng,0,0
48297,Trần Thu Châu,0,0
55409,Phạm Ngọc Nam,0,0
77199,Phạm Minh Vi,0,0
24405,Mai Anh Khoa,0,0
33991,Nguyễn Hữu Bảo,0,1
18752,Vũ Thanh Duyên,0,0
39764,Vũ Kim Hồng,0,1
35534,Bùi Thị Trọng,1,1
11934,Mai Quang Hồng,1,0
41398,Đặng Văn Khoa,0,1
51671,Dương Hoàng Dũng,0,0
11815,Phạm Đức Vi,0,0
45621,Nguyễn Thu Vân,1,1
78018,Dương Gia Anh,0,0
52117,Phạm Ngọc Hồng,1,1
44258,Bùi Thu Mai,0,1
21304,Dương Hoàng Thành,0,0
71159,Dương Thu Chi,0,0
16904,Lê Thị Duyên,0,0
69036,Hoàng Thu Hương,0,0
30042,Bùi Minh Ngọc,0,0
79153,Đặng Xuân Mai,1,1
51785,Đặng Thanh Hưng,0,0
34709,Hoàng Thanh Ánh,0,0
40727,Bùi Trần Phúc,0,0
23567,Vũ Minh Dương,1,1
7083,Nguyễn Trần Thảo,1,0
21009,Mai Xuân Tú,0,0
75737,Mai Đức Thành,0,1
14774,Trần Trần Bảo,1,1
18259,Bùi Xuân Linh,0,1
11807,Nguyễn Quang Trọng,0,0
79547,Dương Thu Ánh,1,1
204,Đặng Thị Mai,0,0
59373,Trần Anh Linh,0,0
7757,Đặng Anh Linh,0,0
49108,Vũ Văn Yến,0,1
69988,Dương Xuân Nam,0,0
50821,Đặng Xuân Khoa,1,1
35203,Trần Ngọc Anh,0,1
75435,Lê Ngọc Quang,1,1
19918,Vũ Quang Yến,0,0
63724,Đặng Ngọc Bảo,1,1
50254,Bùi Thanh Bảo,0,0
2454,Phạm Thanh Châu,0,0
79561,Hoàng Xuân Minh,0,1
60618,Trần Trần Anh,0,1
195,Trần Hữu Hương,0,0
58022,Phạm Thị Khoa,0,0
73973,Vũ Anh Anh,0,1
77735,Vũ Anh Vi,0,1
46471,Lê Ngọc Thảo,0,1
33606,Phạm Đức Minh,0,0
34344,Nguyễn Xuân Linh,0,0
67687,Hoàng Hữu Lan,1,1
1305,Hoàng Xuân Trung,0,0
13754,Mai Hoàng Quang,0,0
43637,Vũ Đức Hương,1,1
71282,Hoàng Xuân Thảo,0,0
11201,Bùi Anh Mai,0,0
35746,Vũ Đức Linh,0,0
18605,Bùi Đức Ngọc,0,0
62116,Lê Thanh Xuân,0,0
57087,Mai Đức Mai,0,0
4611,Trần Xuân Hương,1,0
56093,Nguyễn Thu Anh,0,1
78885,Phạm Đức Lan,0,1
76287,Vũ Trần Nhiên,1,1
24841,Bùi Thu Vân,0,0
65584,Phạm Trần Duyên,0,0
43756,Vũ Hữu Phúc,0,1
77571,Vũ Đức Thảo,0,0
19946,Trần Anh Hưng,0,0
9189,Dương Hoàng Xuân,0,1
16858,Hoàng Gia Vũ,0,1
62999,Vũ Kim Thành,0,1
9873,Lê Kim Quang,0,0
67848,Vũ Anh Trung,0,0
63608,Dương Quang Xuân,1,1
57034,Trần Văn Phúc,0,0
13910,Dương Hữu Hồng,0,1
55073,Hoàng Ngọc Vũ,0,0
66581,Phạm Hữu Thảo,0,0
36096,Mai Xuân Thành,0,0
54307,Phạm Hoàng Thảo,0,0
44580,Mai Thu Quang,0,0
29069,Hoàng Xuân Trọng,0,0
2043,Đặng Hoàng Phúc,0,0
10122,Lê Gia Duyên,1,1
76222,Mai Ngọc Hưng,0,0
21666,Bùi Anh Dương,0,0
40467,Vũ Thanh Dũng,0,0
73558,Lê Xuân Hưng,0,0
4071,Phạm Đức Ánh,0,0
32436,Phạm Trần Ngọc,0,0
51565,Mai Hoàng Trọng,1,1
69544,Nguyễn Ngọc Hương,0,0
8435,Nguyễn Xuân Anh,1,1
71749,Bùi Ngọc Thảo,0,0
64770,Hoàng Thanh Lan,1,1
37754,Mai Gia Yến,0,1
25707,Hoàng Anh Dương,0,0
8441,Lê Hoàng Lan,0,1
44918,Bùi Trần Dương,0,0
44163,Trần Trần Dũng,0,1
47719,Bùi Đức Duyên,0,0
75347,Lê Văn Hồng,0,1
22188,Đặng Anh Lan,1,1
79691,Vũ Hữu Nhiên,1,1
48253,Dương Hoàng Huy,0,0
55292,Nguyễn Minh Minh,0,0
24450,Bùi Anh Yến,0,0
32965,Hoàng Kim Quang,0,0
33491,Dương Văn Quang,0,0
55251,Nguyễn Minh Lan,0,0
26197,Hoàng Kim Anh,0,1
66599,Nguyễn Thanh Hương,0,0
74277,Mai Văn Ngọc,0,1
76810,Hoàng Quang Khoa,0,0
11563,Dương Thu Chi,0,1
5063,Đặng Anh Duyên,1,0
2824,Hoàng Trần Mai,0,0
920,Lê Hoàng Anh,0,0
79512,Hoàng Hữu Bảo,1,1
17150,Phạm Thị Thành,0,0
64882,Mai Xuân Tùng,0,0
8156,Trần Thu Yến,1,1
35932,Dương Đức Trung,0,0
64336,Nguyễn Hữu Tùng,0,0
792,Nguyễn Văn Phúc,0,0
74514,Mai Ngọc Trọng,0,0
67693,Hoàng Quang Lan,1,1
6167,Vũ Kim Trọng,1,1
32511,Đặng Thu Thảo,0,1
62532,Lê Xuân Lan,0,0
61011,Vũ Hoàng Chi,1,1
12852,Dương Minh Chi,0,0
23421,Dương Thanh Minh,0,1
47258,Hoàng Thu Huy,1,0
69266,Phạm Quang Anh,0,0
61740,Đặng Quang Ánh,0,0
74655,Nguyễn Gia Xuân,1,1
74449,Nguyễn Quang Thảo,1,0
40171,Mai Minh Trọng,0,0
56529,Hoàng Gia Thảo,1,1
60420,Vũ Ngọc Thảo,0,0
69437,Hoàng Thu Linh,1,1
43421,Phạm Gia Vi,0,1
15531,Đặng Quang Thành,0,0
41929,Hoàng Xuân Trọng,0,1
63947,Phạm Quang Nam,1,1
65942,Nguyễn Xuân Lan,0,0
5883,Lê Thanh Yến,0,0
75774,Bùi Hoàng Ngọc,0,0
26994,Mai Minh Vân,1,1
48350,Dương Anh Chi,0,0
2878,Nguyễn Hữu Thành,0,0
35025,Bùi Trần Anh,0,1
623,Nguyễn Anh Anh,0,0
47471,Dương Thanh Vân,0,0
61904,Lê Văn Minh,0,1
25474,Bùi Hoàng Huy,0,0
71925,Hoàng Anh Quang,0,1
5024,Mai Gia Trọng,0,1
60089,Lê Thị Trọng,0,1
29632,Vũ Xuân Tùng,0,0
72347,Dương Quang Dũng,0,0
44478,Mai Kim Chi,1,1
57038,Vũ Xuân Vũ,1,0
63549,Dương Thu Chi,0,0
11922,Lê Trần Linh,0,0
32445,Phạm Thu Lan,0,0
77877,Lê Xuân Chi,0,1
60272,Phạm Hoàng Huy,0,0
17050,Lê Thu Anh,0,0
38471,Nguyễn Thu Quang,1,1
58099,Lê Đức Châu,0,1
846,Đặng Gia Khoa,0,0
56375,Dương Quang Lan,0,0
48448,Mai Thu Quang,0,1
33894,Đặng Đức Ngọc,0,1
58790,Trần Thị Vi,0,0
21889,Dương Xuân Mai,0,0
6992,Bùi Hoàng Hồng,0,0
14461,Lê Thu Xuân,0,0
63101,Đặng Xuân Bảo,0,1
72048,Lê Ngọc Duyên,0,0
61055,Mai Gia Hương,0,0
5256,Đặng Xuân Tùng,0,0
40444,Đặng Đức Ngọc,1,1
24433,Đặng Quang Tú,0,0
26100,Vũ Thu Lan,0,0
47447,Lê Hoàng Khoa,0,0
16499,Vũ Kim Yến,1,1
77093,Phạm Hữu Minh,0,1
24116,Đặng Thị Nam,0,0
3434,Phạm Thị Khoa,0,1
41254,Mai Anh Vũ,0,0
49170,Phạm Trần Ngọc,0,0
23495,Dương Quang Tú,0,1
63887,Nguyễn Gia Ánh,1,1
4389,Mai Đức Nam,0,0
57217,Mai Thị Hoàng,0,1
36940,Nguyễn Xuân Vân,0,1
46896,Bùi Đức Vân,0,0
54082,Lê Kim Hương,0,0
53694,Phạm Gia Dương,1,1
44667,Vũ Minh Duyên,0,0
44069,Dương Đức Lan,0,1
52807,Dương Ngọc Tùng,0,0
64997,Hoàng Thanh Thành,0,0
51938,Đặng Kim Phúc,0,0
40807,Lê Thanh Hoàng,0,0
18788,Mai Trần Phúc,0,0
34792,Hoàng Thị Ánh,0,0
16773,Lê Minh Dương,0,1
5606,Dương Thanh Hương,0,1
66506,Trần Gia Nam,0,0
34964,Dương Anh Tùng,0,0
42626,Mai Hữu Nam,1,1
38016,Đặng Gia Thảo,1,1
7308,Mai Ngọc Khoa,0,0
5595,Bùi Kim Lan,0,0
30769,Phạm Trần Bảo,0,0
11711,Vũ Xuân Duyên,0,0
14989,Dương Anh Lan,0,0
74141,Trần Minh Anh,1,1
782,Bùi Anh Trọng,0,1
30250,Vũ Văn Quang,0,0
63058,Đặng Thị Nam,0,0
76275,Lê Xuân Dũng,0,0
73445,Nguyễn Minh Nam,0,0
7872,Trần Ngọc Nam,1,1
49761,Đặng Thu Hồng,0,1
39196,Hoàng Hoàng Vân,0,1
24062,Đặng Kim Chi,0,1
77884,Dương Quang Ánh,0,0
7879,Mai Quang Duyên,0,0
31434,Hoàng Đức Yến,0,0
38146,Hoàng Hữu Tú,0,0
60762,Vũ Anh Xuân,0,1
12929,Trần Minh Nam,0,0
38546,Mai Thị Tùng,0,0
1557,Vũ Minh Mai,0,0
56522,Mai Anh Vi,0,1
13560,Phạm Kim Hồng,0,1
21340,Trần Xuân Chi,0,0
20069,Đặng Hoàng Châu,0,0
19661,Dương Anh Nam,1,1
9121,Vũ Xuân Duyên,1,1
37017,Bùi Văn Hoàng,0,0
62042,Đặng Thanh Lan,0,0
20511,Vũ Văn Trọng,1,1
14085,Hoàng Xuân Trung,0,0
58163,Dương Gia Trung,0,1
33766,Bùi Thị Chi,0,0
73657,Vũ Đức Thảo,0,1
43137,Lê Trần Vân,0,1
67036,Nguyễn Ngọc Vân,0,1
31400,Bùi Đức Chi,0,0
59835,Trần Xuân Chi,1,1
64164,Nguyễn Minh Vi,0,0
28625,Mai Ngọc Quang,1,1
56800,Hoàng Thị Xuân,1,0
18664,Nguyễn Minh Khoa,0,0
54852,Phạm Anh Hương,0,0
48069,Phạm Hữu Tú,0,0
32012,Trần Kim Duyên,0,0
70727,Trần Thanh Trung,0,0
20460,Bùi Thanh Hoàng,0,0
62494,Lê Hoàng Hưng,0,0
72123,Hoàng Minh Ánh,0,0
77123,Trần Xuân Trung,1,1
22008,Nguyễn Gia Mai,1,0
45159,Nguyễn Gia Vân,0,1
74164,Phạm Quang Ngọc,0,1
73077,Trần Thu Hương,0,0
22211,Dương Thu Anh,0,0
30726,Đặng Kim Ánh,1,1
56703,Nguyễn Kim Duyên,0,0
65984,Trần Kim Khoa,0,1
31660,Vũ Thị Mai,0,1
54086,Dương Anh Thảo,0,1
1945,Trần Quang Chi,0,0
65568,Đặng Xuân Ánh,1,1
59845,Phạm Thị Tú,0,1
30885,Phạm Minh Dương,0,0
1017,Đặng Xuân Yến,1,1
34860,Mai Văn Thành,0,0
38291,Nguyễn Hoàng Khoa,0,0
63825,Lê Kim Huy,0,0
8428,Vũ Trần Vi,0,1
4026,Vũ Thu Tùng,0,0
63346,Bùi Trần Trọng,0,0
12504,Dương Xuân Mai,1,1
29399,Bùi Thị Tú,0,0
43936,Đặng Văn Duyên,0,0
52333,Lê Kim Ngọc,0,0
29922,Phạm Văn Trọng,0,1
41073,Mai Trần Thảo,0,0
65668,Đặng Trần Chi,0,0
33754,Nguyễn Xuân Hưng,0,1
58626,Trần Thanh Phúc,0,1
67768,Lê Thị Nhiên,0,0
76190,Mai Quang Dũng,0,0
5069,Trần Thu Quang,0,0
18045,Dương Hoàng Khoa,0,0
13048,Lê Thanh Vân,0,0
62435,Nguyễn Thị Trung,0,0
47971,Vũ Ngọc Châu,0,0
41811,Nguyễn Thu Châu,0,1
18661,Hoàng Thu Bảo,0,0
57184,Nguyễn Ngọc Nam,0,1
49346,Dương Trần Ngọc,0,0
8406,Mai Thị Phúc,0,0
9704,Đặng Hoàng Anh,0,1
68590,Hoàng Đức Thảo,0,0
18133,Mai Ngọc Quang,0,0
4638,Vũ Kim Hương,0,0
47517,Lê Thị Tú,0,0
33775,Bùi Ngọc Hương,0,0
27001,Lê Thanh Hương,1,1
73267,Phạm Thanh Hồng,1,0
46872,Hoàng Xuân Dũng,0,0
41117,Đặng Thu Hoàng,0,0
19100,Bùi Minh Dương,0,1
15482,Bùi Quang Quang,0,0
32482,Hoàng Đức Nam,0,0
46983,Mai Quang Thảo,0,0
27743,Mai Thanh Trung,1,1
45191,Vũ Gia Lan,0,0
62570,Trần Minh Châu,0,0
41400,Vũ Ngọc Nhiên,0,1
29230,Trần Anh Tú,0,0
65153,Bùi Gia Quang,0,1
938,Nguyễn Minh Dương,0,0
36913,Lê Quang Hương,0,1
7095,Đặng Thu Thành,0,0
64701,Lê Thu Hương,0,1
36399,Lê Gia Vi,0,1
38905,Trần Minh Linh,0,0
65495,Mai Anh Vũ,0,0
24824,Trần Xuân Linh,0,0
68223,Dương Minh Dũng,0,0
25645,Phạm Trần Nhiên,0,0
48671,Phạm Xuân Nam,0,0
31959,Nguyễn Quang Hồng,0,1
30365,Trần Gia Hưng,1,1
37002,Bùi Thanh Tú,0,0
34891,Lê Văn Nhiên,0,0
41537,Mai Ngọc Ánh,0,0
24229,Bùi Hoàng Huy,1,1
53625,Phạm Đức Châu,0,0
22871,Phạm Minh Anh,1,1
6107,Mai Hữu Phúc,0,0
69035,Hoàng Quang Phúc,1,1
46273,Lê Thanh Hoàng,0,0
58004,Đặng Anh Hồng,0,0
79891,Mai Thu Trọng,0,0
12154,Dương Đức Xuân,0,0
79566,Dương Kim Hưng,1,0
71567,Phạm Anh Trọng,0,1
4297,Trần Ngọc Nhiên,0,0
66068,Bùi Văn Vân,0,0
70195,Trần Thị Linh,0,0
56051,Phạm Xuân Bảo,1,1
79090,Nguyễn Thanh Hương,0,0
71766,Dương Thanh Hoàng,0,0
16157,Trần Thị Ngọc,0,0
31891,Trần Minh Chi,0,0
14,Trần Hoàng Khoa,0,1
79906,Lê Gia Trung,1,1
76150,Dương Văn Anh,0,0
73109,Hoàng Hữu Xuân,0,0
41364,Lê Thị Tú,1,1
24120,Dương Anh Tùng,0,1
38350,Lê Văn Thành,0,1
5334,Hoàng Hữu Hương,0,0
31020,Đặng Thị Quang,0,1
7084,Hoàng Thanh Chi,0,0
35973,Đặng Thanh Dũng,0,0
54971,Nguyễn Kim Huy,0,0
60573,Mai Hữu Phúc,0,0
18959,Hoàng Thu Chi,0,0
22990,Hoàng Minh Nhiên,1,1
5508,Nguyễn Trần Tùng,0,0
44164,Dương Thu Châu,1,1
35490,Mai Hữu Trọng,0,0
64287,Mai Minh Hương,0,0
33325,Lê Xuân Lan,0,1
68079,Dương Quang Hồng,0,0
49063,Đặng Hoàng Bảo,0,0
29785,Mai Ngọc Dũng,0,0
17520,Trần Kim Anh,1,1
69742,Vũ Minh Thảo,1,1
23323,Đặng Đức Bảo,0,0
1884,Nguyễn Quang Tùng,0,0
67388,Bùi Kim Quang,0,1
29151,Dương Hữu Hương,0,0
32800,Mai Thu Châu,0,0
4114,Đặng Thu Bảo,0,1
38476,Nguyễn Xuân Hưng,0,0
11199,Mai Thị Xuân,0,1
45754,Trần Đức Vũ,0,0
48273,Nguyễn Hữu Ngọc,0,0
37026,Phạm Xuân Quang,0,0
44575,Nguyễn Xuân Minh,1,1
7296,Đặng Gia Nhiên,0,0
44915,Đặng Thu Thảo,1,1
75132,Lê Anh Trung,0,1
19474,Nguyễn Gia Thành,0,0
20171,Dương Hữu Ngọc,0,1
68230,Trần Thu Dũng,0,1
23619,Trần Đức Quang,0,0
2972,Đặng Gia Khoa,0,0
68110,Hoàng Quang Vân,0,0
23997,Lê Hữu Duyên,0,0
62669,Vũ Ngọc Vũ,0,0
12206,Trần Xuân Vi,0,0
4559,Hoàng Xuân Xuân,0,0
14553,Mai Kim Vũ,0,0
51871,Phạm Thu Tú,0,0
29009,Phạm Kim Thành,1,1
77440,Nguyễn Kim Khoa,0,0
65680,Trần Anh Ánh,0,0
44680,Nguyễn Thanh Vân,0,0
65268,Vũ Hoàng Hương,0,1
40168,Lê Xuân Hương,0,0
37663,Lê Thị Nam,0,1
47714,Mai Thị Anh,0,0
13401,Đặng Văn Anh,0,0
21012,Mai Đức Hương,0,0
20245,Nguyễn Kim Hồng,0,0
60110,Mai Anh Châu,0,1
60044,Đặng Xuân Trọng,0,1
42920,Vũ Anh Ngọc,0,0
31822,Nguyễn Thị Minh,0,1
14424,Phạm Thị Xuân,0,0
57199,Trần Anh Yến,1,0
55912,Mai Xuân Nhiên,0,1
11108,Trần Văn Vũ,0,0
38175,Mai Xuân Hương,0,0
9916,Bùi Xuân Quang,0,1
67528,Bùi Văn Thảo,1,1
17946,Trần Thu Trung,0,0
10534,Dương Ngọc Hương,0,0
42508,Mai Xuân Quang,0,1
79260,Hoàng Hữu Hương,0,0
20314,Hoàng Văn Hương,0,1
18861,Lê Hoàng Hồng,0,0
48553,Phạm Kim Ánh,0,0
17359,Bùi Xuân Quang,0,0
45861,Dương Anh Phúc,0,0
40681,Đặng Trần Quang,1,1
9132,Bùi Hữu Dũng,0,0
51087,Phạm Văn Châu,0,0
11336,Vũ Ngọc Vi,1,1
8259,Phạm Kim Bảo,0,1
61791,Vũ Trần Dương,0,0
17588,Bùi Đức Ngọc,0,0
17151,Mai Minh Hương,0,0
50552,Trần Kim Vi,0,0
36672,Dương Hữu Tú,0,0
72971,Đặng Anh Hương,0,0
11373,Lê Thu Dũng,0,0
58811,Đặng Đức Duyên,0,0
16856,Hoàng Văn Lan,0,0
8880,Đặng Thị Hồng,0,0
28285,Mai Anh Ngọc,0,0
15922,Nguyễn Xuân Huy,0,1
16026,Vũ Kim Dũng,0,1
2656,Lê Trần Vũ,0,0
43541,Trần Đức Thành,0,0
29348,Vũ Gia Ngọc,0,0
15729,Mai Văn Anh,1,1
78305,Hoàng Quang Huy,0,1
7056,Dương Hữu Huy,0,0
69653,Bùi Anh Ánh,0,1
40192,Nguyễn Trần Thành,0,0
30182,Phạm Gia Duyên,0,0
62041,Trần Thị Thảo,1,1
34217,Hoàng Thu Mai,0,0
46936,Nguyễn Thu Hồng,0,0
57468,Dương Minh Phúc,0,0
72215,Đặng Quang Vũ,0,0
66967,Dương Thị Xuân,0,0
65160,Lê Văn Mai,0,0
63611,Trần Minh Thành,1,1
32119,Mai Anh Ánh,0,0
39748,Đặng Đức Trọng,0,0
56095,Trần Thu Hưng,1,1
76744,Nguyễn Hữu Hồng,0,1
32865,Bùi Quang Trọng,0,1
24916,Trần Thị Duyên,0,0
54034,Vũ Thanh Thảo,0,0
38137,Phạm Thị Hoàng,0,0
50440,Phạm Thị Linh,0,1
43939,Vũ Anh Thành,0,1
712,Đặng Đức Ngọc,0,1
23185,Hoàng Thanh Vi,0,0
47333,Đặng Anh Ngọc,1,1
35922,Hoàng Thanh Hồng,0,0
55355,Đặng Ngọc Phúc,0,0
3496,Nguyễn Hoàng Phúc,0,1
36084,Bùi Thanh Phúc,0,0
30590,Phạm Hoàng Dương,0,0
34172,Lê Hoàng Yến,0,0
54982,Mai Kim Ánh,1,1
11920,Bùi Gia Phúc,0,1
61263,Trần Hữu Vân,0,0
49133,Bùi Văn Hoàng,0,0
64778,Vũ Anh Dương,1,1
51251,Lê Xuân Vi,0,0
20418,Đặng Hữu Lan,0,1
2572,Phạm Văn Hương,1,1
5329,Mai Anh Duyên,0,1
21554,Trần Anh Hưng,1,1
75005,Lê Thanh Yến,0,0
49960,Mai Hữu Linh,0,0
48932,Nguyễn Minh Linh,1,1
29453,Lê Gia Dũng,0,0
62752,Đặng Xuân Hồng,0,0
44747,Phạm Xuân Vân,0,1
21717,Hoàng Đức Ngọc,0,0
56069,Đặng Anh Hồng,0,1
55842,Mai Gia Thảo,0,0
69595,Bùi Ngọc Khoa,0,1
8734,Đặng Thanh Linh,0,0
41507,Đặng Thị Lan,0,1
26107,Mai Thu Thành,1,1
75796,Trần Thanh Trọng,0,1
73476,Vũ Hữu Hoàng,0,0
32939,Lê Hoàng Vân,0,0
38893,Lê Trần Linh,0,1
16456,Đặng Văn Hồng,0,0
74586,Hoàng Hoàng Xuân,0,0
72351,Vũ Thu Duyên,0,0
19796,Vũ Kim Mai,0,1
75415,Mai Anh Lan,0,0
60684,Nguyễn Minh Nhiên,0,1
56446,Vũ Minh Bảo,1,1
24768,Bùi Quang Chi,0,0
11823,Hoàng Thị Yến,0,0
34364,Trần Minh Hoàng,0,0
27567,Phạm Thanh Dũng,1,1
39330,Hoàng Anh Ánh,0,0
74335,Vũ Thị Vi,0,1
77535,Lê Thị Hưng,0,0
57652,Trần Gia Khoa,0,1
6566,Lê Thu Ánh,0,0
50476,Mai Đức Huy,0,0
29253,Hoàng Xuân Dương,1,1
30304,Lê Minh Tùng,1,1
47778,Dương Đức Thảo,0,0
35586,Hoàng Minh Anh,1,1
51732,Lê Văn Tùng,0,0
69822,Đặng Xuân Hương,0,0
10668,Phạm Đức Bảo,0,0
25755,Nguyễn Gia Dũng,0,1
72270,Lê Trần Vi,0,1
50525,Dương Minh Chi,0,0
22891,Vũ Văn Ngọc,1,0
26309,Đặng Anh Minh,1,1
41657,Đặng Thị Xuân,0,0
43268,Phạm Thu Trung,0,1
44106,Lê Trần Tú,1,1
29808,Bùi Thị Vân,0,1
62284,Dương Trần Dương,0,1
67788,Mai Thanh Mai,0,0
59043,Phạm Quang Hoàng,0,1
18067,Dương Thanh Hoàng,0,0
59699,Mai Trần Minh,0,1
50906,Bùi Quang Tú,1,1
22746,Vũ Ngọc Ngọc,0,0
74017,Vũ Gia Dũng,1,1
54168,Dương Thị Vũ,0,1
15623,Lê Quang Vũ,0,1
39921,Hoàng Quang Châu,1,0
70446,Trần Ngọc Tùng,1,1
8329,Lê Hữu Hồng,0,1
29576,Trần Quang Dũng,1,1
23938,Vũ Quang Phúc,0,0
9962,Hoàng Gia Nam,0,0
6715,Vũ Ngọc Chi,0,0
43286,Đặng Thanh Vân,0,0
19571,Dương Hoàng Xuân,1,1
48936,Nguyễn Quang Linh,0,0
16348,Phạm Hữu Mai,0,1
52952,Vũ Minh Xuân,0,0
4441,Mai Ngọc Hương,0,0
69064,Vũ Quang Tùng,0,0
75626,Đặng Anh Quang,1,0
2123,Bùi Thu Châu,0,0
41341,Dương Quang Hồng,0,1
34927,Vũ Minh Thành,0,0
62662,Bùi Xuân Thành,0,0
40005,Phạm Xuân Châu,0,1
39614,Phạm Trần Chi,0,0
40476,Trần Kim Trung,0,0
12196,Trần Quang Vi,0,0
53434,Vũ Kim Ánh,0,1
1163,Đặng Ngọc Dũng,1,1
15909,Đặng Minh Lan,0,0
49978,Lê Kim Quang,0,1
60297,Trần Minh Chi,0,1
44298,Mai Đức Vũ,1,1
40247,Vũ Minh Yến,0,0
23498,Vũ Hoàng Ngọc,1,0
13498,Dương Thu Linh,0,0
35223,Nguyễn Ngọc Hoàng,0,0
54872,Bùi Kim Chi,0,0
67665,Bùi Đức Hương,0,1
32133,Hoàng Kim Minh,1,1
51260,Bùi Trần Anh,0,0
57542,Đặng Xuân Vi,0,0
6053,Nguyễn Kim Linh,0,1
5856,Trần Quang Hoàng,0,0
51457,Dương Thị Chi,0,0
58371,Nguyễn Minh Chi,0,0
4216,Trần Xuân Chi,1,1
53027,Đặng Anh Bảo,0,0
12522,Vũ Hoàng Châu,0,0
70495,Vũ Minh Ánh,0,1
24148,Lê Hữu Hoàng,0,0
67137,Nguyễn Hoàng Lan,0,1
79495,Bùi Anh Quang,0,0
32155,Bùi Trần Tùng,1,1
44315,Bùi Kim Yến,0,0
47558,Mai Quang Tú,0,0
8572,Dương Đức Châu,0,0
27877,Trần Văn Vi,0,0
51814,Vũ Xuân Châu,1,1
59068,Mai Minh Ngọc,0,1
27875,Mai Minh Dương,0,1
32607,Hoàng Văn Phúc,1,1
9357,Dương Kim Châu,0,1
19666,Mai Trần Chi,0,1
54564,Lê Thu Mai,1,1
3097,Dương Xuân Ngọc,0,0
72322,Hoàng Anh Anh,0,1
8183,Bùi Văn Xuân,1,1
1526,Lê Hữu Dũng,0,0
21399,Hoàng Minh Ngọc,0,0
69162,Nguyễn Thanh Châu,0,1
30695,Bùi Xuân Nam,0,1
21335,Dương Hoàng Ngọc,0,1
29842,Bùi Hữu Mai,0,0
23468,Hoàng Đức Thảo,0,0
58407,Vũ Văn Linh,0,0
15937,Lê Kim Phúc,0,1
7346,Trần Kim Linh,0,0
15660,Đặng Thu Bảo,0,1
10455,Vũ Thị Xuân,0,1
44728,Phạm Gia Mai,0,0
31224,Trần Ngọc Mai,0,1
78721,Bùi Kim Chi,0,0
27732,Hoàng Gia Vi,1,1
51640,Trần Minh Tùng,0,1
20108,Mai Trần Linh,0,1
75745,Bùi Văn Thảo,0,0
30604,Nguyễn Thị Minh,0,0
74465,Mai Quang Phúc,0,1
35636,Đặng Thanh Vi,1,1
6088,Lê Xuân Dũng,0,1
3881,Dương Thu Lan,1,1
34280,Vũ Hoàng Dương,0,0
74406,Trần Thu Vũ,0,1
54076,Mai Đức Hồng,0,0
14321,Lê Thanh Quang,0,0
72747,Phạm Kim Lan,0,0
69519,Phạm Ngọc Dũng,0,0
77599,Bùi Thanh Duyên,0,0
16598,Hoàng Gia Huy,1,1
58574,Hoàng Ngọc Hồng,0,1
67172,Hoàng Xuân Nhiên,0,1
71,Mai Gia Huy,0,0
76151,Phạm Hữu Duyên,0,1
31004,Nguyễn Hữu Trọng,1,1
30047,Trần Văn Tùng,1,1
43108,Trần Đức Ngọc,0,0
74967,Dương Văn Ánh,1,1
2426,Mai Quang Ánh,0,0
53901,Nguyễn Thanh Ánh,0,1
43094,Phạm Thị Anh,0,1
21102,Hoàng Trần Quang,0,0
24754,Vũ Đức Minh,1,1
19874,Nguyễn Quang Linh,0,0
75641,Mai Gia Vi,0,0
26375,Phạm Xuân Chi,0,1
40223,Mai Trần Hương,0,0
54914,Nguyễn Trần Hoàng,0,1
36985,Lê Văn Hồng,0,0
65666,Bùi Thị Quang,0,1
37756,Nguyễn Hữu Ngọc,0,1
55883,Trần Văn Thảo,0,0
8981,Hoàng Đức Hồng,0,0
26995,Đặng Minh Nhiên,0,0
37783,Bùi Gia Hồng,0,0
34973,Phạm Văn Hương,1,1
77497,Nguyễn Hoàng Duyên,0,0
14687,Trần Hữu Hồng,0,0
38713,Đặng Trần Thảo,0,0
75340,Dương Ngọc Vũ,0,1
72579,Mai Đức Chi,0,0
73905,Mai Gia Ánh,0,0
37578,Dương Thu Nhiên,0,0
46002,Mai Kim Nhiên,0,0
73128,Trần Anh Vũ,1,1
57872,Vũ Hoàng Linh,1,1
25543,Mai Ngọc Xuân,0,0
78527,Phạm Ngọc Dương,0,0
49304,Bùi Thanh Anh,0,0
72402,Đặng Minh Thảo,0,0
26519,Nguyễn Thị Tùng,1,0
72779,Lê Kim Nam,1,0
15828,Vũ Quang Vi,0,0
24510,Hoàng Hữu Hưng,0,0
15557,Vũ Hữu Quang,1,1
78648,Hoàng Thu Nhiên,0,0
15682,Bùi Gia Hồng,0,0
50159,Mai Gia Thảo,0,0
71778,Nguyễn Thị Dương,0,0
68797,Bùi Hoàng Xuân,0,0
39354,Hoàng Hữu Tùng,1,0
65285,Nguyễn Đức Ngọc,1,1
1759,Phạm Thanh Trọng,0,0
18530,Vũ Hữu Tú,1,1
18599,Đặng Kim Hương,0,0
7142,Vũ Thanh Lan,1,1
6425,Vũ Ngọc Vũ,0,1
7712,Nguyễn Ngọc Lan,0,0
54862,Nguyễn Trần Hoàng,0,0
70200,Đặng Đức Lan,0,0
25292,Mai Thanh Mai,0,0
57287,Phạm Kim Anh,0,0
38087,Lê Thanh Lan,0,0
35769,Dương Đức Duyên,0,1
38308,Mai Xuân Vũ,0,0
16756,Nguyễn Anh Vi,0,1
59248,Nguyễn Thu Hồng,0,0
24737,Hoàng Minh Nam,0,1
72474,Hoàng Hữu Huy,0,0
3135,Nguyễn Quang Châu,0,0
64890,Đặng Văn Thành,0,0
59299,Trần Hoàng Mai,0,0
68117,Đặng Thu Hoàng,1,1
7575,Mai Hoàng Duyên,0,0
68274,Bùi Đức Hoàng,0,0
64650,Đặng Trần Hoàng,0,0
21603,Trần Kim Vi,0,1
41012,Bùi Trần Dương,0,0
56595,Đặng Trần Xuân,0,0
29772,Bùi Ngọc Quang,0,0
50919,Bùi Anh Tùng,0,1
49520,Phạm Đức Hoàng,0,1
9134,Vũ Xuân Vũ,0,0
52021,Đặng Anh Vũ,0,0
76640,Nguyễn Đức Anh,0,0
38373,Phạm Ngọc Vi,0,0
46091,Bùi Xuân Hưng,0,0
63444,Nguyễn Thanh Dương,0,0
34675,Lê Đức Xuân,0,1
55838,Phạm Hữu Quang,0,1
19189,Vũ Minh Dũng,1,1
56291,Bùi Đức Quang,1,1
49045,Dương Minh Nhiên,0,1
50408,Dương Gia Khoa,0,0
29194,Dương Hữu Dũng,0,0
64723,Vũ Thị Thảo,0,0
24437,Lê Đức Ngọc,1,1
48726,Mai Văn Tùng,0,0
9463,Đặng Minh Ngọc,0,1
48434,Hoàng Hữu Vân,0,0
1216,Phạm Quang Nam,0,0
74573,Lê Xuân Hoàng,1,1
31349,Mai Gia Châu,0,1
28562,Phạm Gia Ánh,0,0
13824,Nguyễn Anh Hồng,0,0
16785,Hoàng Ngọc Dũng,1,1
27484,Nguyễn Quang Thành,0,0
3703,Vũ Minh Duyên,0,1
58666,Vũ Ngọc Ngọc,0,0
10228,Trần Minh Trọng,0,0
46923,Hoàng Kim Hoàng,0,0
40388,Mai Thanh Khoa,0,0
10162,Đặng Đức Quang,0,1
69614,Mai Thanh Hương,0,0
4623,Hoàng Văn Dương,1,0
15661,Trần Hữu Vũ,0,0
77508,Trần Hoàng Duyên,0,0
13767,Mai Xuân Dương,0,1
64790,Phạm Gia Phúc,0,0
36054,Nguyễn Xuân Minh,0,0
78970,Đặng Thanh Lan,0,0
30225,Đặng Thị Dương,0,1
26896,Nguyễn Thanh Hồng,0,0
10205,Bùi Đức Hương,0,0
9651,Dương Xuân Tùng,1,1
68697,Nguyễn Hoàng Dương,0,0
6038,Trần Hữu Minh,0,0
39352,Trần Gia Quang,0,0
77538,Dương Thanh Vi,0,0
53497,Đặng Minh Xuân,0,0
11959,Hoàng Hữu Hoàng,1,1
4934,Hoàng Ngọc Ngọc,0,0
51003,Mai Xuân Chi,0,1
21612,Nguyễn Trần Bảo,0,0
51823,Nguyễn Văn Xuân,0,0
23870,Nguyễn Gia Nhiên,0,0
67688,Mai Văn Ánh,0,1
10396,Phạm Trần Thảo,0,0
51697,Vũ Hữu Anh,1,0
40063,Trần Gia Hưng,0,0
63473,Phạm Gia Dũng,0,0
11277,Trần Hữu Dương,0,0
66742,Hoàng Quang Duyên,0,0
20561,Bùi Anh Quang,0,0
52665,Bùi Thị Ngọc,0,0
32049,Nguyễn Ngọc Thảo,0,0
3385,Vũ Đức Phúc,0,0
47970,Đặng Văn Nam,1,1
75032,Hoàng Quang Dương,1,1
77754,Vũ Quang Hồng,1,1
54183,Hoàng Ngọc Chi,0,1
1356,Bùi Quang Dương,0,1
70828,Bùi Thu Hưng,0,0
57678,Hoàng Trần Châu,1,1
30462,Đặng Minh Dũng,0,0
73939,Dương Anh Thành,0,0
28803,Vũ Quang Vi,0,0
31212,Dương Thị Trọng,0,0
72455,Hoàng Quang Khoa,1,1
10350,Phạm Văn Trung,0,0
44462,Vũ Văn Huy,1,0
33943,Mai Hữu Bảo,0,0
10918,Lê Thị Lan,0,1
14159,Lê Thu Tùng,0,1
46187,Trần Ngọc Quang,0,0
7913,Đặng Thanh Nhiên,0,1
23007,Trần Văn Xuân,0,0
67328,Dương Hữu Trọng,0,1
44753,Lê Hữu Tùng,0,0
19119,Bùi Thu Xuân,0,0
5661,Phạm Trần Khoa,0,0
45443,Dương Hữu Trung,0,1
70581,Dương Hữu Bảo,0,0
79600,Mai Thanh Vân,0,0
14205,Hoàng Trần Dũng,0,0
37169,Phạm Văn Dương,1,0
11487,Vũ Hữu Vân,0,0
22030,Vũ Ngọc Chi,0,0
42067,Vũ Quang Châu,0,0
35946,Trần Thanh Lan,0,0
48621,Đặng Thanh Hồng,0,1
44015,Bùi Trần Ánh,0,0
68513,Đặng Thị Mai,0,1
45520,Phạm Thị Hồng,0,0
5090,Hoàng Đức Quang,0,1
37814,Đặng Kim Minh,0,0
53948,Đặng Minh Nam,0,0
16055,Đặng Đức Linh,0,0
1144,Đặng Hữu Duyên,1,0
29847,Vũ Đức Hương,0,0
49293,Phạm Thanh Trọng,1,1
59503,Nguyễn Ngọc Dũng,0,0
52037,Vũ Quang Linh,0,1
67019,Dương Thanh Trung,0,0
45867,Hoàng Quang Thành,0,0
18633,Bùi Thu Bảo,0,0
54228,Lê Đức Thành,0,0
69608,Bùi Xuân Dương,0,0
16049,Dương Đức Quang,0,0
3642,Bùi Thu Trọng,0,0
1346,Nguyễn Hữu Quang,1,1
61777,Bùi Quang Lan,0,0
19577,Đặng Kim Hồng,0,0
52862,Lê Thị Thảo,0,1
44112,Đặng Văn Hoàng,0,0
39592,Đặng Xuân Thành,1,1
63120,Dương Văn Mai,0,1
38819,Vũ Trần Duyên,0,0
19418,Hoàng Hữu Ánh,0,1
15609,Trần Thu Vân,1,1
62261,Đặng Ngọc Bảo,0,0
51760,Phạm Minh Xuân,0,0
12652,Hoàng Thu Linh,0,1
40595,Lê Trần Dương,0,0
36380,Hoàng Xuân Quang,0,0
31687,Dương Ngọc Xuân,0,1
41154,Hoàng Trần Thành,1,1
33871,Mai Thị Duyên,0,1
4895,Vũ Anh Thành,0,0
11625,Dương Trần Hoàng,0,0
42201,Trần Thị Thảo,1,1
33496,Phạm Trần Chi,0,0
63556,Dương Văn Xuân,0,1
53983,Trần Trần Tùng,1,1
14346,Trần Thanh Bảo,0,1
25824,Bùi Văn Thành,0,0
10829,Mai Quang Quang,0,0
20771,Dương Gia Quang,0,0
16177,Bùi Văn Hồng,0,0
62604,Bùi Thu Thảo,0,1
52410,Trần Minh Dương,0,1
36198,Hoàng Thanh Linh,1,1
38602,Mai Xuân Hưng,0,0
58467,Trần Thị Nhiên,0,0
41173,Phạm Thu Nam,1,1
31194,Phạm Gia Anh,0,0
63548,Đặng Thu Dũng,0,1
19508,Đặng Anh Duyên,1,0
61050,Dương Gia Dũng,1,1
72357,Phạm Anh Linh,0,1
22980,Mai Hữu Yến,0,1
50939,Mai Quang Khoa,0,0
22527,Lê Đức Huy,0,0
49317,Nguyễn Trần Tú,0,0
68713,Phạm Kim Minh,0,1
50174,Hoàng Minh Bảo,0,0
35445,Lê Hoàng Huy,0,0
7309,Bùi Gia Dương,1,0
12102,Nguyễn Quang Dương,0,0
59530,Phạm Hoàng Thảo,0,0
20499,Đặng Gia Ánh,0,0
4369,Vũ Đức Hương,0,0
7898,Đặng Xuân Linh,0,1
66867,Bùi Minh Ánh,0,0
30088,Dương Văn Dương,0,1
46948,Vũ Kim Chi,0,0
44896,Nguyễn Ngọc Nhiên,1,0
66426,Bùi Trần Hương,0,0
27835,Đặng Trần Châu,0,0
28582,Nguyễn Đức Linh,0,0
52628,Lê Thị Xuân,0,0
8972,Phạm Gia Phúc,0,0
8774,Trần Gia Nam,0,0
7955,Vũ Văn Ánh,0,0
75039,Dương Trần Vi,0,0
79056,Dương Anh Vân,0,1
21129,Nguyễn Thu Vân,0,0
59411,Trần Gia Trung,0,0
55788,Hoàng Thanh Trung,0,1
46609,Bùi Minh Dương,0,1
50327,Mai Thanh Huy,0,0
50351,Đặng Thị Yến,0,1
49641,Phạm Anh Nhiên,0,0
31656,Nguyễn Thị Bảo,1,1
66914,Lê Văn Phúc,0,0
11676,Trần Hữu Thảo,0,0
58195,Vũ Đức Tùng,0,0
69711,Dương Thanh Duyên,0,0
48939,Trần Kim Quang,0,1
44500,Nguyễn Anh Anh,1,1
5864,Mai Ngọc Quang,1,1
10221,Lê Văn Ngọc,1,1
34321,Vũ Quang Quang,0,1
13267,Dương Thị Linh,0,0
78585,Lê Hữu Linh,1,1
22733,Hoàng Văn Anh,0,0
72800,Trần Văn Khoa,0,0
10192,Đặng Quang Tùng,0,0
28758,Nguyễn Anh Hương,0,0
32908,Vũ Văn Xuân,1,1
64243,Dương Thu Huy,0,1
49053,Nguyễn Gia Nam,0,1
69061,Phạm Thu Chi,1,1
47547,Đặng Đức Ngọc,0,0
39875,Lê Anh Hồng,1,1
54643,Dương Hoàng Ngọc,0,0
33604,Hoàng Kim Trọng,0,0
58777,Bùi Anh Vân,1,1
61926,Phạm Văn Vân,0,0
27143,Bùi Thu Hoàng,0,1
67915,Vũ Thu Quang,0,0
46533,Mai Thanh Châu,0,0
53091,Lê Thanh Vũ,0,0
36839,Mai Trần Huy,0,0
53184,Vũ Đức Trung,1,1
2882,Vũ Thị Duyên,1,1
22766,Phạm Hữu Trung,0,1
47232,Nguyễn Trần Vi,0,0
50170,Hoàng Hữu Châu,0,1
15498,Phạm Ngọc Thảo,1,1
24439,Nguyễn Đức Minh,0,1
79579,Trần Đức Yến,1,1
27786,Hoàng Thu Hồng,0,1
50411,Vũ Minh Mai,1,1
233,Trần Hữu Phúc,1,0
36732,Dương Quang Anh,1,1
79376,Nguyễn Xuân Nam,0,0
5033,Vũ Quang Yến,0,0
65334,Dương Anh Xuân,0,1
10497,Đặng Quang Hưng,0,0
44846,Lê Văn Ánh,0,0
36400,Trần Ngọc Hương,0,1
13270,Nguyễn Ngọc Tú,0,1
5679,Bùi Minh Bảo,0,0
46606,Dương Ngọc Tùng,0,1
40814,Trần Anh Hoàng,1,1
59096,Dương Kim Quang,1,0
47301,Nguyễn Đức Thành,0,0
8603,Trần Ngọc Vũ,0,1
11363,Trần Quang Dương,1,1
4333,Nguyễn Kim Vi,0,0
22676,Lê Thanh Quang,0,1
18407,Vũ Thanh Quang,1,1
30096,Phạm Thanh Mai,0,0
17512,Bùi Ngọc Ngọc,0,0
15068,Vũ Văn Tú,0,0
77692,Phạm Thanh Xuân,0,0
14530,Mai Đức Quang,0,0
8257,Mai Quang Dũng,0,0
64633,Đặng Đức Dũng,0,1
56867,Trần Đức Mai,0,0
52344,Vũ Xuân Khoa,1,0
12862,Hoàng Xuân Yến,0,0
63873,Nguyễn Đức Anh,0,0
37075,Vũ Thị Nhiên,0,0
50015,Phạm Minh Ngọc,0,1
22657,Lê Thanh Nam,0,0
13545,Bùi Xuân Dương,0,0
58524,Hoàng Trần Vân,1,1
53527,Trần Ngọc Yến,0,1
60158,Trần Anh Tùng,1,1
24466,Trần Gia Lan,0,0
2690,Dương Kim Anh,0,0
39945,Vũ Thanh Hoàng,0,0
71604,Mai Trần Huy,0,0
43616,Vũ Minh Ngọc,0,1
1626,Đặng Thanh Bảo,1,1
58723,Mai Trần Quang,0,0
57628,Bùi Thị Mai,0,1
75998,Hoàng Hữu Bảo,1,0
62518,Nguyễn Minh Khoa,0,0
7197,Đặng Ngọc Dũng,0,1
77857,Vũ Xuân Trọng,0,0
22285,Dương Hoàng Anh,0,0
79253,Đặng Thanh Dương,0,0
20992,Hoàng Thanh Duyên,0,1
47129,Vũ Thị Châu,0,1
33281,Trần Gia Xuân,0,0
56750,Trần Minh Vi,0,0
16828,Hoàng Hoàng Châu,0,0
23209,Bùi Minh Hồng,0,1
3294,Trần Gia Thành,1,1
36934,Lê Thị Linh,0,1
28649,Phạm Anh Tú,0,0
42737,Mai Ngọc Châu,0,1
76016,Phạm Hữu Khoa,0,1
33863,Trần Thanh Lan,1,0
19942,Phạm Kim Bảo,0,1
72935,Nguyễn Anh Huy,1,0
34382,Trần Trần Hưng,0,0
48653,Bùi Hữu Vân,1,1
25882,Dương Trần Khoa,0,0
13222,Dương Minh Vân,0,0
20294,Lê Thị Quang,0,0
4157,Trần Anh Châu,1,1
9002,Hoàng Gia Nhiên,0,1
10924,Mai Hữu Lan,0,0
43778,Hoàng Ngọc Hồng,0,0
379,Đặng Kim Yến,0,0
55700,Bùi Quang Vân,0,0
58095,Nguyễn Ngọc Hưng,0,1
60670,Phạm Thanh Phúc,1,1
7705,Mai Thanh Nam,0,1
33490,Hoàng Hữu Dũng,0,0
79829,Mai Gia Minh,1,1
32263,Dương Ngọc Ánh,0,1
3177,Bùi Thu Hoàng,0,0
65241,Lê Hoàng Hương,1,1
24046,Mai Thanh Phúc,0,0
22893,Bùi Thanh Hồng,1,1
16401,Dương Xuân Hương,0,0
37389,Mai Thanh Ngọc,1,1
54697,Mai Trần Trung,0,0
30503,Vũ Trần Hương,0,0
9126,Lê Thị Duyên,0,1
25224,Phạm Xuân Ngọc,1,1
76081,Hoàng Minh Lan,0,0
4166,Mai Ngọc Lan,1,1
6521,Lê Thu Hồng,0,0
27142,Mai Minh Nhiên,0,1
39588,Hoàng Kim Hồng,0,0
37710,Nguyễn Trần Ánh,1,1
34820,Bùi Ngọc Hoàng,0,0
2698,Dương Thị Vi,1,1
9599,Nguyễn Thanh Anh,0,0
46922,Lê Kim Trung,0,0
28179,Đặng Xuân Quang,1,1
1794,Bùi Anh Hoàng,0,1
77161,Lê Ngọc Thành,0,0
28196,Mai Kim Quang,0,0
10151,Vũ Văn Hương,1,1
14550,Bùi Trần Ánh,1,1
54447,Dương Ngọc Dương,0,0
66560,Dương Minh Vi,0,0
55041,Đặng Kim Tú,0,1
20515,Vũ Anh Chi,0,0
12147,Nguyễn Xuân Anh,0,0
13343,Mai Minh Vân,1,1
60375,Đặng Xuân Tú,1,1
73952,Hoàng Kim Châu,0,0
51694,Vũ Kim Mai,0,0
10332,Phạm Văn Chi,1,1
63830,Mai Trần Thảo,0,0
39762,Dương Thị Hoàng,0,0
27815,Nguyễn Đức Nam,1,1
59058,Mai Ngọc Huy,0,0
49424,Lê Ngọc Hương,0,0
5349,Vũ Anh Vũ,0,0
22335,Lê Gia Ánh,0,0
20272,Lê Minh Phúc,0,1
13044,Nguyễn Gia Anh,0,0
61805,Trần Thu Thảo,0,0
27822,Nguyễn Ngọc Ngọc,0,0
4320,Trần Thanh Thảo,0,1
34054,Bùi Trần Xuân,0,0
65427,Dương Minh Lan,1,1
8335,Hoàng Thị Lan,0,0
71285,Lê Hữu Hưng,0,0
25246,Bùi Kim Nam,0,0
959,Trần Quang Ngọc,0,1
46136,Nguyễn Hữu Hưng,1,1
1602,Đặng Hoàng Trung,1,1
39769,Bùi Xuân Châu,0,0
52729,Bùi Minh Quang,0,0
70769,Phạm Xuân Dũng,0,0
2685,Hoàng Văn Hương,0,1
16567,Lê Quang Quang,1,0
73473,Vũ Thị Chi,1,0
10419,Phạm Hữu Trung,0,0
37345,Nguyễn Hữu Huy,0,0
184,Hoàng Thu Tùng,0,0
10189,Dương Kim Lan,0,0
22338,Mai Hoàng Châu,0,0
30614,Đặng Ngọc Dũng,0,0
12436,Phạm Gia Quang,0,0
15513,Bùi Thị Khoa,0,0
36284,Đặng Hoàng Yến,0,1
47024,Đặng Đức Duyên,0,0
51730,Trần Ngọc Dương,0,1
30762,Lê Thu Lan,0,0
46059,Vũ Hoàng Nhiên,1,1
12210,Hoàng Gia Nam,0,0
55225,Lê Xuân Vi,0,0
63206,Mai Văn Khoa,0,0
47375,Vũ Đức Mai,0,0
8996,Phạm Thị Châu,0,0
64503,Vũ Hoàng Lan,0,0
66601,Nguyễn Minh Minh,0,0
56792,Dương Thu Minh,0,0
64797,Đặng Ngọc Bảo,0,0
15222,Vũ Quang Linh,0,0
35779,Lê Xuân Bảo,0,0
47804,Nguyễn Ngọc Mai,0,1
22620,Vũ Thị Xuân,0,0
38645,Dương Quang Quang,0,0
55708,Mai Xuân Bảo,0,0
2108,Hoàng Đức Thành,0,0
5170,Phạm Gia Quang,0,0
54090,Nguyễn Ngọc Ánh,1,1
1145,Đặng Thu Tú,0,1
9102,Vũ Thanh Vân,0,1
29095,Trần Gia Lan,0,0
32671,Nguyễn Thu Bảo,0,1
18642,Trần Thanh Chi,1,1
32332,Bùi Thu Hoàng,0,0
45851,Bùi Gia Bảo,0,1
16124,Đặng Xuân Nam,0,0
15523,Dương Ngọc Hương,0,0
29164,Đặng Kim Ngọc,0,0
46329,Nguyễn Gia Xuân,0,0
34147,Trần Hữu Ánh,0,0
58939,Phạm Văn Thành,1,0
6202,Hoàng Thu Linh,1,1
38907,Đặng Ngọc Hương,0,0
36180,Đặng Văn Dương,0,1
41919,Nguyễn Kim Minh,0,0
52039,Vũ Hữu Hưng,0,0
16166,Mai Thị Mai,0,1
51155,Vũ Gia Duyên,0,0
8425,Mai Thu Vân,0,0
5021,Đặng Thị Dũng,1,1
68949,Vũ Thanh Dương,0,1
41390,Nguyễn Quang Huy,0,0
30398,Bùi Ngọc Hồng,0,0
6000,Lê Đức Dũng,0,0
71912,Mai Ngọc Hồng,0,0
31548,Vũ Đức Dương,0,1
75003,Mai Thu Dương,0,0
25958,Đặng Gia Quang,0,1
71241,Bùi Minh Tùng,0,0
73310,Hoàng Đức Vân,0,1
17037,Lê Minh Chi,1,1
51603,Đặng Đức Hồng,1,1
76436,Trần Anh Hồng,0,0
56101,Vũ Thị Yến,0,0
7145,Trần Xuân Hương,0,0
67358,Nguyễn Thanh Vân,0,1
3063,Mai Hữu Bảo,0,0
23714,Lê Văn Xuân,1,1
20311,Hoàng Thị Quang,0,1
5707,Dương Quang Hương,0,0
65810,Nguyễn Thị Quang,1,1
44035,Bùi Văn Vân,0,0
60958,Dương Thu Hồng,0,0
76979,Bùi Hoàng Nam,0,0
54329,Hoàng Đức Nhiên,1,1
38088,Vũ Thanh Vân,0,0
50055,Nguyễn Minh Dũng,0,0
17461,Bùi Hữu Chi,0,0
35667,Phạm Hữu Vũ,0,0
24671,Đặng Hoàng Mai,0,0
21913,Lê Đức Nhiên,1,1
13719,Hoàng Đức Dũng,0,0
35673,Mai Đức Trọng,0,0
11813,Dương Minh Thảo,1,1
28344,Trần Đức Vi,0,0
69111,Vũ Anh Thành,0,0
15689,Lê Hữu Tùng,0,0
9164,Hoàng Anh Phúc,0,0
27211,Nguyễn Quang Tú,0,0
21279,Phạm Quang Ánh,0,0
79106,Đặng Minh Vũ,1,1
26000,Trần Gia Thành,0,0
79827,Mai Thanh Quang,0,0
70733,Đặng Thanh Ngọc,0,0
27283,Mai Thu Nhiên,0,0
8125,Vũ Hữu Vân,0,0
30416,Mai Gia Quang,0,0
25894,Nguyễn Đức Duyên,0,0
17173,Đặng Thanh Linh,0,0
78361,Bùi Thị Hương,0,0
64584,Lê Ngọc Duyên,0,0
56472,Dương Kim Hoàng,0,0
13966,Mai Ngọc Phúc,1,0
44132,Nguyễn Đức Dương,0,1
15182,Phạm Ngọc Tùng,1,1
35324,Mai Hoàng Huy,0,0
32403,Lê Xuân Chi,0,0
19804,Hoàng Quang Vân,1,1
32539,Lê Văn Linh,0,0
22892,Hoàng Hữu Lan,0,0
28231,Đặng Hoàng Mai,0,0
46434,Hoàng Gia Xuân,0,0
75818,Trần Minh Lan,1,1
39007,Dương Hoàng Xuân,1,0
45997,Dương Trần Ngọc,0,1
57273,Đặng Anh Khoa,0,0
42612,Vũ Thu Duyên,1,1
21110,Trần Gia Ngọc,0,1
67793,Hoàng Đức Hương,0,1
49597,Nguyễn Thị Quang,1,1
34507,Phạm Minh Ánh,0,0
9256,Dương Hữu Thành,1,1
14088,Mai Thu Lan,0,0
44769,Lê Xuân Hưng,0,1
24625,Mai Gia Trung,0,0
62926,Trần Ngọc Trung,0,0
62228,Mai Thu Tú,1,1
71121,Hoàng Thị Xuân,0,0
258,Vũ Thanh Hưng,1,1
65894,Bùi Anh Huy,0,1
34052,Phạm Thu Yến,0,0
65313,Hoàng Trần Yến,0,0
36100,Nguyễn Quang Thảo,0,0
30884,Mai Xuân Thảo,0,0
42163,Mai Xuân Duyên,0,1
43979,Phạm Trần Thảo,0,0
19653,Vũ Thanh Dương,0,0
20629,Lê Hữu Hoàng,0,0
19133,Lê Quang Hồng,1,1
60005,Vũ Thanh Vũ,1,1
36901,Lê Hoàng Lan,0,1
75179,Lê Ngọc Chi,1,1
1129,Vũ Ngọc Thảo,0,1
38316,Đặng Ngọc Anh,0,0
3463,Bùi Quang Minh,0,0
8232,Mai Đức Hương,0,0
4233,Vũ Hữu Dương,0,0
47391,Lê Thanh Anh,0,0
67746,Phạm Gia Hoàng,0,0
60945,Phạm Thị Vân,0,1
32080,Hoàng Thị Chi,0,1
36185,Bùi Trần Linh,0,0
46120,Phạm Ngọc Linh,0,0
49158,Lê Anh Tú,1,1
17581,Bùi Gia Trọng,1,1
38704,Mai Thu Khoa,0,1
51811,Hoàng Kim Tùng,0,0
8331,Trần Đức Phúc,0,1
60696,Hoàng Thu Hoàng,0,0
10355,Trần Văn Nam,0,0
37862,Nguyễn Kim Hương,0,0
75209,Đặng Thanh Hồng,0,0
26125,Vũ Kim Minh,0,0
19950,Mai Kim Thành,0,0
63487,Hoàng Gia Ngọc,0,0
25392,Vũ Đức Linh,0,0
11770,Nguyễn Quang Hoàng,0,0
14227,Nguyễn Đức Yến,0,0
63557,Bùi Minh Ngọc,1,1
69593,Nguyễn Anh Vi,0,1
60122,Phạm Xuân Xuân,1,1
16839,Đặng Hữu Linh,0,0
26575,Lê Xuân Lan,0,1
74477,Bùi Gia Thảo,0,1
77200,Hoàng Anh Dương,0,0
74257,Nguyễn Anh Yến,0,0
66980,Mai Xuân Lan,0,1
9161,Hoàng Kim Vi,0,1
15850,Lê Thanh Dũng,1,1
28008,Lê Văn Lan,0,0
9375,Dương Ngọc Hương,0,0
49678,Hoàng Văn Dũng,0,0
42995,Vũ Thu Ánh,1,1
16059,Lê Văn Thành,1,1
8822,Vũ Văn Ánh,0,0
49446,Vũ Văn Hoàng,0,0
14955,Phạm Hoàng Nam,0,0
76926,Hoàng Thanh Minh,0,1
50588,Mai Thu Linh,0,0
49470,Vũ Ngọc Lan,0,0
34083,Trần Hữu Quang,0,1
56826,Phạm Hoàng Lan,1,1
33939,Bùi Đức Dương,0,0
58231,Phạm Thu Duyên,1,1
62469,Dương Gia Anh,1,1
49496,Vũ Thanh Quang,1,0
77040,Nguyễn Xuân Lan,1,1
26680,Phạm Quang Anh,0,1
51556,Nguyễn Gia Yến,0,0
1099,Dương Hoàng Lan,0,0
26540,Đặng Đức Anh,0,0
59904,Vũ Hoàng Phúc,0,0
37253,Phạm Xuân Xuân,0,0
1327,Nguyễn Thu Vân,0,1
76227,Hoàng Gia Châu,0,0
13745,Hoàng Xuân Tùng,0,0
38505,Hoàng Quang Dương,0,0
27230,Vũ Kim Linh,0,0
17696,Nguyễn Hữu Hồng,0,0
14030,Lê Thu Vân,0,1
75436,Phạm Kim Hồng,0,0
20956,Nguyễn Kim Chi,0,0
19515,Mai Minh Thành,0,1
14244,Phạm Hoàng Dương,0,1
54406,Vũ Hoàng Minh,0,0
57243,Hoàng Hoàng Quang,0,1
79011,Nguyễn Quang Xuân,0,0
279,Lê Minh Xuân,1,1
41233,Hoàng Đức Hoàng,0,1
415,Nguyễn Gia Bảo,0,0
301,Vũ Hoàng Mai,0,1
30627,Bùi Thu Linh,0,1
54799,Dương Anh Thảo,1,1
72874,Dương Anh Minh,0,0
64504,Đặng Trần Trung,0,0
68349,Đặng Hoàng Anh,0,0
6339,Phạm Văn Thảo,0,0
58974,Hoàng Thanh Minh,0,0
70273,Đặng Văn Ánh,0,0
78801,Vũ Anh Hồng,1,1
50663,Hoàng Anh Anh,0,0
74014,Mai Xuân Ngọc,0,0
46,Nguyễn Đức Duyên,1,0
32303,Phạm Hữu Trọng,0,1
55029,Hoàng Hoàng Thành,1,1
48175,Đặng Văn Phúc,0,1
24493,Dương Thanh Châu,0,0
73948,Mai Đức Hồng,1,1
51216,Dương Minh Duyên,1,1
54321,Phạm Trần Bảo,1,0
69379,Vũ Quang Vi,0,0
44269,Bùi Quang Hồng,0,1
11611,Bùi Gia Quang,0,0
65822,Mai Gia Vi,0,0
16411,Nguyễn Ngọc Minh,0,0
28856,Dương Trần Hương,0,0
58872,Vũ Ngọc Dương,0,1
32068,Dương Trần Vi,0,0
6013,Lê Văn Hưng,0,0
54072,Hoàng Trần Ánh,0,0
27014,Nguyễn Thanh Vi,0,1
66893,Phạm Đức Trọng,0,0
50122,Đặng Kim Bảo,0,0
10593,Trần Trần Nhiên,0,0
50557,Đặng Kim Vi,0,0
73346,Hoàng Xuân Dương,0,1
545,Mai Gia Quang,0,0
72239,Mai Đức Khoa,1,1
26745,Lê Gia Ánh,0,1
56819,Mai Quang Linh,0,0
60905,Hoàng Gia Tú,1,1
69747,Lê Trần Hồng,0,0
47815,Hoàng Gia Vi,0,0
46640,Dương Hữu Hoàng,0,0
43797,Nguyễn Quang Duyên,0,0
22680,Lê Hoàng Hồng,0,0
61896,Nguyễn Văn Vi,1,1
22572,Mai Xuân Tú,0,1
47597,Hoàng Văn Quang,0,0
39153,Trần Đức Lan,1,1
68297,Bùi Hữu Quang,0,0
33601,Hoàng Kim Nam,0,1
11558,Mai Gia Hoàng,0,0
24014,Hoàng Văn Chi,0,1
61152,Nguyễn Hữu Châu,0,0
28246,Nguyễn Văn Mai,0,0
23158,Bùi Hoàng Lan,1,1
75122,Dương Trần Minh,0,0
51737,Đặng Hữu Nam,0,1
43261,Dương Kim Phúc,0,1
33892,Vũ Gia Quang,0,1
18374,Bùi Kim Xuân,1,1
62647,Mai Đức Chi,0,1
75622,Vũ Xuân Chi,0,1
3516,Bùi Anh Yến,0,1
59620,Bùi Thu Lan,0,0
51365,Trần Gia Tú,1,1
55433,Hoàng Hoàng Phúc,1,0
60379,Nguyễn Quang Dương,0,1
10710,Bùi Ngọc Vi,0,1
18574,Vũ Anh Chi,1,1
63110,Hoàng Thanh Ánh,0,0
14426,Bùi Quang Dương,1,1
16034,Trần Trần Dương,0,0
48028,Mai Hoàng Dũng,0,0
45989,Dương Hữu Phúc,0,0
14762,Vũ Kim Ánh,0,1
13272,Trần Hoàng Minh,0,1
47233,Đặng Anh Bảo,0,0
18151,Phạm Quang Quang,0,0
74674,Phạm Trần Thảo,0,1
283,Đặng Hữu Phúc,0,0
28387,Lê Anh Ánh,0,0
39979,Vũ Thị Vi,0,0
37296,Lê Văn Xuân,1,1
43529,Mai Anh Bảo,0,0
33244,Vũ Anh Vân,0,1
39095,Dương Thu Xuân,0,1
5272,Nguyễn Hữu Thành,0,0
75268,Đặng Thị Thảo,0,0
57170,Nguyễn Đức Trung,0,0
2835,Lê Đức Dương,0,1
16673,Mai Gia Tú,1,1
19708,Mai Đức Huy,0,1
28797,Mai Quang Vũ,0,0
2376,Phạm Thanh Hương,0,0
771,Mai Hữu Hương,1,1
66977,Dương Xuân Quang,0,1
51342,Phạm Văn Lan,0,0
17585,Bùi Thị Yến,0,1
61184,Phạm Trần Duyên,1,1
76328,Trần Kim Vi,0,0
20910,Phạm Hữu Châu,0,1
24570,Lê Gia Lan,0,1
57524,Lê Quang Hồng,0,0
1490,Hoàng Văn Trung,0,0
37558,Nguyễn Kim Dương,0,1
68005,Vũ Trần Ngọc,1,1
55928,Hoàng Xuân Huy,0,0
16545,Dương Đức Hương,1,1
7147,Dương Gia Hương,0,1
53916,Hoàng Hoàng Hồng,0,0
62205,Nguyễn Gia Phúc,0,0
39959,Hoàng Trần Nhiên,0,0
42834,Phạm Minh Duyên,0,0
3664,Trần Hữu Vân,1,1
27642,Đặng Minh Huy,0,0
59525,Mai Thị Linh,0,0
26657,Bùi Xuân Khoa,0,1
39044,Mai Anh Chi,0,0
4464,Vũ Ngọc Thành,0,0
13533,Lê Ngọc Lan,0,0
8634,Vũ Kim Quang,0,1
11192,Lê Minh Tú,0,1
50341,Dương Hoàng Khoa,1,1
51018,Bùi Thu Nam,0,0
32545,Bùi Thị Minh,1,0
63296,Phạm Kim Xuân,0,0
46138,Hoàng Thu Quang,0,0
52550,Vũ Anh Châu,0,0
64173,Bùi Hữu Mai,0,0
25644,Hoàng Gia Hoàng,0,0
48747,Mai Ngọc Minh,0,0
70406,Hoàng Ngọc Hưng,0,1
2864,Lê Minh Minh,0,1
21827,Mai Văn Linh,0,0
28215,Vũ Xuân Minh,0,0
43106,Hoàng Trần Quang,0,0
49269,Nguyễn Anh Hưng,0,0
29831,Mai Gia Chi,1,1
74838,Dương Đức Huy,0,0
79064,Đặng Ngọc Thảo,0,1
13695,Đặng Văn Chi,0,0
63382,Dương Kim Ánh,0,0
42548,Phạm Hoàng Nam,0,0
56609,Nguyễn Thanh Hồng,0,0
52689,Mai Thu Xuân,0,0
32061,Mai Quang Anh,0,0
14363,Phạm Thu Tùng,0,1
59885,Trần Văn Duyên,0,0
29851,Bùi Văn Tùng,0,0
57907,Dương Văn Châu,0,0
8101,Hoàng Văn Dương,0,0
55716,Đặng Ngọc Châu,0,1
54845,Đặng Thu Vũ,0,0
58300,Trần Thu Nam,0,0
23610,Phạm Đức Huy,0,0
61113,Lê Thu Hương,0,0
72928,Nguyễn Thị Mai,0,1
60989,Bùi Quang Xuân,0,0
31803,Đặng Kim Yến,0,0
1057,Hoàng Gia Tùng,0,1
66318,Vũ Hữu Ngọc,0,1
55297,Phạm Hoàng Vân,0,0
75688,Hoàng Gia Ngọc,0,0
13012,Bùi Trần Dương,0,0
47422,Phạm Thanh Quang,0,0
72573,Hoàng Kim Linh,0,1
10079,Dương Thanh Bảo,1,0
42648,Vũ Trần Ánh,0,0
11234,Trần Quang Quang,0,0
38523,Lê Hữu Nhiên,0,0
47939,Dương Kim Bảo,0,0
46167,Mai Thu Trung,0,1
41342,Trần Anh Phúc,0,0
40208,Trần Thị Hồng,1,1
49985,Mai Gia Nam,0,0
7124,Nguyễn Trần Thành,0,0
22793,Lê Thị Phúc,0,0
54579,Nguyễn Thị Châu,0,0
60106,Dương Quang Tú,0,0
56654,Phạm Hoàng Huy,1,1
5808,Lê Văn Duyên,1,1
24853,Lê Minh Khoa,0,0
3022,Trần Quang Mai,0,1
71036,Vũ Trần Ánh,1,1
34531,Hoàng Minh Vân,0,0
34826,Hoàng Gia Dương,0,1
26669,Vũ Thu Ánh,0,0
7576,Hoàng Anh Hoàng,0,0
45764,Vũ Quang Dương,0,0
1642,Trần Ngọc Trung,1,1
18132,Mai Đức Quang,0,1
48327,Trần Minh Duyên,0,0
34405,Hoàng Gia Anh,0,0
18272,Vũ Ngọc Phúc,0,0
53722,Bùi Xuân Nam,0,0
23169,Lê Quang Vân,0,0
26462,Dương Kim Dương,0,0
44830,Trần Hữu Vân,0,0
21564,Trần Kim Hương,1,1
8926,Bùi Xuân Mai,0,1
55802,Dương Đức Dương,1,0
27898,Dương Xuân Thành,1,1
51171,Dương Anh Thảo,0,0
8696,Đặng Quang Yến,1,1
62349,Bùi Thị Lan,0,0
22720,Hoàng Gia Linh,0,1
63618,Phạm Ngọc Vi,0,0
49492,Bùi Gia Dương,1,1
9000,Nguyễn Đức Duyên,1,1
31123,Hoàng Văn Ánh,0,1
25377,Trần Ngọc Ngọc,1,1
36514,Trần Ngọc Bảo,0,1
41470,Hoàng Xuân Duyên,1,1
75847,Đặng Xuân Nhiên,0,1
33235,Đặng Thu Thành,0,1
57266,Bùi Gia Anh,0,0
7186,Phạm Ngọc Dũng,0,0
47328,Hoàng Văn Quang,1,1
60921,Đặng Hoàng Bảo,0,0
42085,Lê Minh Quang,0,0
10229,Trần Anh Tú,1,1
50036,Phạm Thị Nam,1,0
48002,Nguyễn Minh Minh,0,1
35454,Phạm Hoàng Hồng,0,0
52011,Mai Thanh Hương,0,0
34506,Vũ Hoàng Anh,1,1
55407,Bùi Minh Quang,1,1
79584,Trần Ngọc Dũng,0,0
57963,Lê Quang Chi,0,0
72919,Phạm Quang Mai,0,0
43387,Nguyễn Đức Linh,0,1
30091,Dương Thị Tú,0,0
1375,Mai Xuân Chi,0,0
29231,Hoàng Ngọc Ngọc,0,0
55291,Vũ Gia Nam,0,0
7572,Trần Kim Châu,1,0
7963,Đặng Hoàng Nhiên,0,0
60828,Lê Kim Vân,0,0
16135,Trần Đức Lan,0,0
60902,Nguyễn Thanh Vi,0,0
71189,Trần Văn Yến,1,1
11016,Nguyễn Hoàng Ánh,1,1
2090,Hoàng Thị Mai,0,0
14349,Hoàng Đức Hoàng,0,0
6442,Lê Ngọc Nam,0,0
9510,Dương Hoàng Vũ,0,1
10163,Nguyễn Trần Khoa,0,1
12592,Bùi Minh Trung,0,1
51345,Trần Gia Trọng,0,0
77650,Trần Hoàng Trọng,0,0
36460,Mai Xuân Yến,1,1
23086,Bùi Anh Thành,1,1
72946,Dương Anh Tú,0,0
76852,Dương Xuân Duyên,1,1
14367,Dương Anh Thảo,1,1
67546,Trần Gia Duyên,1,0
15434,Phạm Xuân Dũng,0,0
32844,Nguyễn Hoàng Tú,1,1
30938,Đặng Xuân Dũng,0,0
39583,Mai Gia Huy,0,0
2154,Hoàng Hoàng Ngọc,0,0
42749,Dương Hữu Hương,0,1
28745,Phạm Kim Hồng,0,0
40303,Dương Văn Hoàng,0,0
708,Đặng Xuân Lan,0,1
15110,Lê Thanh Minh,0,0
74224,Hoàng Thanh Vi,0,0
37697,Hoàng Đức Thảo,1,0
77263,Bùi Thu Phúc,0,0
70587,Mai Trần Quang,1,1
46952,Đặng Thu Hương,0,0
61094,Lê Thị Hoàng,0,1
11663,Phạm Đức Duyên,1,1
68657,Vũ Hữu Duyên,0,0
66164,Vũ Văn Dương,0,0
76976,Hoàng Minh Quang,0,0
72145,Dương Trần Hồng,0,0
47327,Trần Minh Thành,0,0
54984,Đặng Quang Hồng,0,0
39939,Dương Hữu Yến,0,1
38994,Hoàng Thu Vũ,0,0
13284,Lê Thu Tú,0,0
63587,Lê Quang Trung,0,1
65237,Hoàng Đức Trọng,0,0
4657,Lê Thu Anh,1,1
47622,Dương Thu Anh,0,1
26837,Lê Quang Châu,1,1
78611,Bùi Thanh Vi,0,0
19562,Mai Thu Nhiên,0,0
47956,Hoàng Hoàng Hưng,0,0
56618,Trần Trần Thảo,0,0
5908,Phạm Anh Vũ,0,0
15570,Mai Kim Linh,0,1
16923,Nguyễn Thanh Khoa,0,1
36679,Trần Hoàng Quang,0,1
28928,Mai Quang Phúc,0,0
18982,Bùi Anh Tú,1,1
69664,Hoàng Hữu Hưng,0,1
36487,Trần Thu Minh,0,0
9796,Trần Quang Hồng,1,1
71945,Nguyễn Anh Linh,0,0
62150,Lê Hữu Nam,0,0
26029,Dương Ngọc Trọng,0,0
57912,Phạm Hữu Ánh,0,0
3032,Hoàng Thu Nam,0,0
26610,Bùi Minh Anh,0,0
38405,Trần Hữu Tùng,0,0
57919,Lê Ngọc Huy,0,0
37649,Trần Thị Vân,0,0
20799,Bùi Gia Quang,1,1
24725,Hoàng Hữu Vũ,0,1
12734,Dương Trần Bảo,0,1
44559,Mai Trần Duyên,0,0
38661,Lê Quang Lan,0,1
57333,Phạm Thu Hương,0,0
28767,Phạm Thanh Nhiên,0,0
27858,Đặng Thu Chi,0,0
6682,Vũ Anh Trọng,0,0
67545,Dương Kim Dũng,0,0
14614,Phạm Văn Duyên,1,1
24481,Trần Xuân Vũ,0,1
24904,Trần Kim Dương,0,0
15753,Bùi Thị Dương,0,1
73618,Phạm Ngọc Xuân,0,0
58112,Vũ Xuân Bảo,1,1
9138,Phạm Hoàng Ngọc,0,1
15959,Bùi Ngọc Thành,0,0
72859,Phạm Gia Mai,1,0
2413,Hoàng Văn Duyên,0,1
29744,Bùi Quang Hoàng,0,1
77345,Phạm Anh Dũng,1,1
61746,Hoàng Anh Duyên,0,0
46286,Phạm Thu Vũ,0,0
72553,Nguyễn Ngọc Hoàng,0,0
40841,Lê Anh Phúc,0,0
21743,Đặng Văn Xuân,0,1
56907,Đặng Văn Huy,0,0
56140,Vũ Thanh Tú,0,0
79295,Nguyễn Quang Xuân,1,0
42546,Trần Quang Vi,0,0
7930,Nguyễn Kim Huy,1,1
65300,Vũ Kim Nhiên,0,0
62410,Bùi Thị Xuân,0,0
62351,Phạm Minh Nhiên,1,1
20635,Nguyễn Xuân Anh,0,0
55131,Phạm Văn Dũng,1,1
17019,Dương Gia Hương,0,1
28208,Mai Hữu Phúc,0,0
52171,Dương Văn Châu,0,1
33089,Hoàng Hoàng Vân,0,0
35613,Mai Hoàng Dương,0,0
66204,Đặng Quang Vũ,0,0
75027,Đặng Ngọc Tú,0,0
55859,Phạm Hoàng Dương,0,0
61570,Mai Đức Hồng,0,0
24367,Bùi Xuân Ánh,0,0
3634,Hoàng Thị Linh,1,1
22175,Bùi Quang Quang,1,0
70848,Dương Ngọc Trọng,0,1
73755,Hoàng Anh Châu,0,0
55836,Đặng Xuân Lan,0,0
17354,Đặng Trần Chi,0,1
56434,Hoàng Quang Trọng,0,0
12971,Mai Xuân Ánh,0,1
68052,Vũ Thanh Bảo,1,1
5717,Mai Anh Linh,1,0
6054,Vũ Kim Nam,0,0
65192,Trần Thu Yến,0,0
71595,Nguyễn Ngọc Dương,0,1
47782,Mai Quang Quang,0,1
39463,Đặng Gia Ánh,0,1
17121,Mai Thu Hương,1,1
79858,Dương Xuân Duyên,1,1
33397,Đặng Văn Quang,0,0
50013,Nguyễn Trần Ngọc,0,1
43562,Trần Đức Hoàng,0,0
9861,Hoàng Anh Hồng,0,1
45029,Phạm Đức Minh,0,0
70026,Phạm Minh Tú,0,1
65104,Vũ Xuân Châu,0,0
47032,Lê Ngọc Hồng,0,0
72557,Đặng Kim Chi,0,1
64692,Trần Anh Xuân,0,1
44962,Nguyễn Ngọc Vũ,0,0
42803,Hoàng Minh Hưng,0,0
22582,Nguyễn Gia Yến,1,1
32562,Lê Minh Châu,0,0
49084,Bùi Gia Tùng,0,0
50957,Lê Trần Hồng,1,0
79112,Bùi Thị Châu,0,1
12836,Vũ Ngọc Châu,0,0
10925,Hoàng Văn Tùng,0,0
24845,Hoàng Ngọc Ngọc,0,0
19029,Mai Thanh Dũng,0,0
4602,Dương Kim Vân,0,1
10175,Mai Xuân Nhiên,0,0
48810,Nguyễn Thanh Duyên,0,0
60753,Mai Văn Hồng,0,0
78320,Đặng Hữu Trọng,0,0
76157,Dương Hoàng Mai,0,0
59281,Bùi Văn Xuân,0,0
2115,Bùi Trần Lan,0,0
5412,Đặng Hoàng Thảo,0,0
77642,Vũ Trần Nam,1,1
54565,Dương Anh Tú,0,0
25254,Mai Hữu Trọng,0,1
75931,Hoàng Kim Mai,0,0
16009,Hoàng Hữu Hương,0,0
39385,Trần Văn Anh,0,0
57621,Trần Trần Bảo,0,0
34840,Vũ Quang Hương,1,0
71640,Hoàng Hoàng Dũng,1,1
12818,Phạm Gia Mai,0,0
28219,Bùi Thị Yến,0,0
50960,Phạm Văn Vũ,0,1
65469,Nguyễn Thị Châu,0,0
72985,Đặng Anh Ánh,0,0
50753,Hoàng Đức Trọng,0,1
58006,Hoàng Quang Yến,1,1
35179,Lê Thanh Hưng,0,0
40665,Mai Quang Hồng,0,0
34269,Mai Trần Huy,0,0
15846,Mai Thị Trọng,0,1
61423,Dương Hoàng Phúc,0,0
36573,Phạm Đức Anh,0,0
58530,Nguyễn Hữu Thảo,0,1
32520,Phạm Đức Vũ,0,1
12475,Bùi Minh Nam,0,0
42114,Lê Gia Chi,0,1
48465,Đặng Hữu Chi,0,1
28930,Mai Ngọc Thảo,0,0
40558,Nguyễn Ngọc Lan,0,0
65867,Trần Hữu Vân,0,0
50635,Bùi Minh Tú,1,1
46435,Vũ Xuân Vân,0,1
57997,Nguyễn Gia Linh,0,0
24029,Dương Minh Hưng,0,0
51071,Hoàng Quang Thành,0,0
27138,Trần Thị Khoa,0,0
47003,Hoàng Đức Mai,0,0
1834,Mai Đức Dương,0,0
30914,Dương Gia Dũng,0,0
62059,Bùi Gia Nam,0,1
48105,Hoàng Thị Phúc,1,0
58239,Trần Thị Vi,0,0
39128,Vũ Kim Vũ,0,0
63756,Lê Quang Duyên,0,1
19678,Hoàng Văn Yến,0,0
71216,Nguyễn Hoàng Quang,0,1
68973,Lê Thu Lan,0,0
62642,Lê Gia Phúc,0,0
16261,Mai Thu Chi,0,1
2900,Hoàng Thanh Hoàng,1,1
5482,Phạm Thị Tùng,0,0
74765,Nguyễn Thu Trọng,0,0
30288,Phạm Văn Lan,0,0
69350,Trần Trần Duyên,0,0
19172,Đặng Hoàng Khoa,0,1
18090,Vũ Thị Mai,0,0
36956,Nguyễn Anh Minh,0,0
48120,Hoàng Xuân Duyên,0,0
3184,Bùi Ngọc Linh,0,1
13454,Hoàng Ngọc Khoa,0,0
998,Hoàng Hoàng Anh,0,0
65181,Nguyễn Trần Dương,0,0
53644,Đặng Thị Chi,0,0
44940,Mai Thu Tú,0,0
7192,Mai Hữu Xuân,1,1
14188,Phạm Xuân Dũng,0,1
77975,Mai Thu Mai,0,0
44487,Mai Thanh Mai,0,0
57022,Hoàng Quang Lan,0,1
23124,Nguyễn Trần Dương,0,0
44689,Phạm Anh Xuân,1,1
66175,Phạm Thanh Vũ,1,1
59662,Mai Đức Minh,0,0
43367,Trần Thanh Thảo,0,1
55785,Bùi Quang Dũng,1,1
16040,Lê Thanh Dương,0,0
41479,Bùi Hoàng Thành,0,1
28203,Lê Trần Yến,0,0
17845,Trần Hoàng Chi,0,0
3894,Lê Hữu Huy,0,0
74185,Nguyễn Minh Quang,0,0
55425,Vũ Hữu Anh,0,0
53709,Bùi Hữu Châu,0,0
886,Hoàng Trần Chi,0,0
49206,Lê Ngọc Hương,0,0
48926,Bùi Xuân Ánh,0,0
51349,Lê Xuân Hồng,0,0
35886,Bùi Văn Linh,0,1
59298,Lê Thị Lan,0,0
33509,Phạm Xuân Phúc,0,0
9518,Hoàng Trần Lan,0,0
72058,Vũ Văn Dương,0,1
15188,Mai Ngọc Hưng,0,0
65625,Nguyễn Xuân Khoa,0,0
69339,Trần Thanh Dũng,0,0
73487,Lê Thị Huy,0,0
79300,Mai Thu Nhiên,0,1
1140,Lê Anh Ánh,0,0
26236,Phạm Kim Khoa,0,0
26913,Trần Văn Xuân,0,0
70276,Dương Thu Vũ,0,0
20964,Vũ Trần Chi,0,0
31947,Bùi Đức Mai,0,0
36424,Dương Kim Vũ,0,0
76441,Trần Thanh Dũng,1,1
31759,Mai Hoàng Mai,1,0
77205,Trần Thị Anh,0,1
25935,Mai Minh Anh,0,0
54908,Vũ Minh Linh,0,0
71939,Vũ Kim Hương,0,0
11524,Nguyễn Trần Mai,0,0
24248,Dương Ngọc Vân,0,0
41353,Đặng Kim Vi,0,0
74230,Lê Minh Huy,0,0
563,Mai Anh Hồng,0,0
74200,Phạm Văn Hưng,0,1
25834,Dương Anh Lan,0,1
64241,Nguyễn Văn Trọng,0,0
12201,Đặng Văn Hồng,0,0
69066,Phạm Văn Vi,1,1
64520,Mai Văn Minh,0,1
61723,Bùi Gia Thành,0,0
1553,Lê Hữu Hoàng,0,1
38493,Trần Kim Ngọc,0,0
73978,Vũ Hữu Quang,0,1
13511,Lê Trần Linh,0,0
11283,Bùi Xuân Nhiên,0,1
75543,Phạm Ngọc Nhiên,0,0
61277,Vũ Ngọc Xuân,0,1
44137,Vũ Hoàng Hồng,0,0
21317,Mai Anh Quang,1,1
30357,Phạm Hoàng Châu,0,0
78644,Vũ Ngọc Anh,0,0
57864,Đặng Minh Mai,0,1
16297,Phạm Anh Hoàng,1,0
57470,Trần Ngọc Dương,0,0
76702,Mai Thị Quang,0,1
52769,Dương Hữu Vi,0,0
58798,Đặng Kim Vi,0,0
53383,Đặng Ngọc Mai,0,1
14836,Nguyễn Hữu Dũng,0,0
51925,Mai Quang Phúc,0,1
13170,Đặng Trần Chi,1,1
69183,Nguyễn Anh Lan,1,1
47461,Đặng Ngọc Khoa,1,1
30095,Mai Thanh Quang,0,0
37807,Mai Hoàng Mai,1,1
19576,Vũ Kim Anh,0,0
49033,Đặng Đức Hồng,0,0
17125,Nguyễn Văn Phúc,0,1
859,Bùi Văn Dũng,0,0
29527,Hoàng Đức Hưng,0,0
69315,Phạm Hữu Mai,0,1
68362,Đặng Thanh Mai,0,1
5581,Trần Kim Châu,0,0
16178,Đặng Văn Ngọc,0,0
50592,Đặng Trần Hưng,0,0
32929,Dương Trần Ánh,0,0
56578,Hoàng Gia Hồng,0,0
32367,Phạm Thị Huy,1,1
70843,Bùi Ngọc Ngọc,0,0
61524,Phạm Trần Vân,0,0
49888,Bùi Thanh Châu,0,1
36523,Phạm Anh Chi,0,0
63394,Đặng Thu Hưng,1,1
9018,Phạm Hoàng Minh,0,0
66699,Bùi Anh Trọng,0,1
39458,Đặng Gia Hồng,0,0
57692,Nguyễn Xuân Lan,0,0
13818,Đặng Ngọc Anh,0,0
6487,Dương Thu Khoa,0,1
9598,Đặng Kim Nhiên,0,1
2922,Vũ Thanh Hồng,1,0
76708,Dương Hoàng Quang,0,1
28060,Bùi Hoàng Vân,0,1
37160,Lê Thanh Chi,1,1
29393,Bùi Trần Dũng,0,0
32853,Hoàng Đức Ánh,1,1
56946,Mai Ngọc Thảo,1,1
17160,Nguyễn Kim Vũ,1,0
56127,Nguyễn Đức Phúc,0,0
71479,Trần Xuân Thảo,0,1
36834,Vũ Thanh Hưng,0,0
14646,Mai Thu Châu,0,0
16703,Vũ Anh Anh,0,1
23503,Đặng Văn Tú,1,1
12764,Dương Thị Huy,0,0
60211,Mai Thu Tùng,0,0
61919,Nguyễn Thanh Dương,0,1
19277,Bùi Văn Vân,0,0
15568,Hoàng Thu Ngọc,0,0
43884,Bùi Thị Vũ,0,0
56245,Nguyễn Thị Tú,0,0
42665,Phạm Trần Hoàng,0,0
36905,Bùi Quang Vân,1,0
11562,Mai Đức Huy,0,0
18412,Phạm Hoàng Vi,1,1
59681,Trần Hữu Dương,1,1
11210,Hoàng Hữu Yến,1,1
65327,Đặng Xuân Vi,0,0
19695,Phạm Minh Thành,0,1
40975,Trần Thị Chi,0,1
49909,Phạm Trần Khoa,0,0
21893,Hoàng Xuân Linh,0,0
67847,Lê Trần Hoàng,0,0
27388,Vũ Thu Mai,0,0
38061,Đặng Quang Quang,0,0
46668,Phạm Quang Huy,0,0
73927,Đặng Hoàng Dương,0,0
62852,Bùi Thị Quang,1,1
8476,Trần Văn Hoàng,0,0
54994,Lê Kim Châu,0,0
22470,Phạm Hoàng Hoàng,0,1
3582,Phạm Anh Khoa,1,1
61577,Nguyễn Thanh Trọng,0,0
73419,Vũ Gia Chi,0,1
19466,Vũ Gia Tú,0,1
28773,Phạm Hữu Tú,1,0
11658,Bùi Gia Khoa,0,0
13240,Dương Trần Vi,0,1
43022,Vũ Kim Linh,0,0
72231,Phạm Hữu Lan,1,1
31235,Nguyễn Thị Nam,1,1
59744,Mai Văn Vân,0,0
16478,Trần Trần Anh,0,0
64768,Mai Ngọc Trọng,0,0
57861,Vũ Gia Hoàng,0,1
68455,Bùi Minh Anh,0,0
40801,Hoàng Quang Vi,0,1
22059,Dương Trần Dương,0,1
6017,Lê Văn Lan,0,0
62556,Hoàng Anh Khoa,0,1
23320,Vũ Đức Duyên,0,0
59593,Phạm Đức Tùng,0,0
74631,Đặng Thu Hương,0,0
45107,Vũ Gia Linh,0,0
16073,Nguyễn Quang Mai,1,1
16127,Lê Minh Vũ,0,0
24700,Bùi Trần Dương,0,0
53219,Vũ Hữu Khoa,1,1
43848,Lê Hoàng Chi,0,0
35580,Hoàng Hoàng Bảo,1,0
59073,Hoàng Hữu Xuân,1,1
68186,Vũ Thanh Quang,0,0
68305,Vũ Thị Xuân,0,0
7653,Trần Thu Hồng,0,0
65630,Mai Xuân Vũ,0,0
31420,Nguyễn Đức Vi,0,0
56731,Đặng Hoàng Lan,0,0
27066,Hoàng Thu Mai,0,0
75558,Bùi Xuân Vi,0,0
50041,Dương Hoàng Minh,0,1
66144,Vũ Anh Linh,1,0
59512,Lê Thị Vũ,1,1
43381,Bùi Thị Xuân,0,0
7941,Mai Anh Dương,0,0
60842,Phạm Minh Dũng,0,0
77605,Mai Hữu Dũng,0,0
2728,Bùi Anh Yến,1,1
60668,Nguyễn Quang Vân,1,1
26257,Nguyễn Văn Quang,0,0
54521,Đặng Quang Ngọc,1,1
9520,Vũ Hoàng Lan,0,0
66421,Mai Đức Thảo,0,0
1799,Lê Xuân Vi,0,0
58784,Lê Thu Dương,0,0
73229,Lê Kim Quang,0,0
55816,Phạm Anh Yến,1,1
32529,Bùi Hữu Yến,1,0
30289,Bùi Thị Vân,0,0
50585,Vũ Văn Duyên,0,1
51635,Mai Quang Thảo,0,0
54473,Vũ Gia Huy,0,0
6581,Bùi Ngọc Ngọc,0,0
69228,Nguyễn Quang Ngọc,0,0
5879,Bùi Hữu Khoa,0,0
52965,Nguyễn Xuân Xuân,0,0
49137,Đặng Xuân Dương,0,1
50002,Phạm Kim Tùng,1,1
75199,Phạm Văn Mai,0,0
61067,Mai Trần Nhiên,1,1
24474,Hoàng Thanh Duyên,0,1
29261,Bùi Anh Dương,0,0
19341,Hoàng Thanh Vân,0,1
77179,Mai Kim Quang,0,0
24935,Hoàng Gia Xuân,0,0
29272,Hoàng Thị Trọng,1,0
66766,Nguyễn Kim Tú,0,0
35197,Đặng Xuân Huy,0,1
54942,Lê Gia Vân,0,1
2872,Phạm Xuân Vũ,0,1
2330,Trần Hoàng Xuân,0,0
17798,Nguyễn Kim Thành,0,0
78393,Hoàng Hoàng Bảo,0,0
11123,Hoàng Anh Ánh,1,1
79489,Trần Thị Hương,0,0
60993,Nguyễn Thị Quang,0,0
507,Bùi Kim Dũng,0,0
19786,Lê Thanh Khoa,0,1
2012,Vũ Hữu Vũ,0,1
75145,Đặng Gia Quang,0,0
57499,Bùi Đức Bảo,0,0
51082,Bùi Văn Trọng,0,0
24338,Lê Trần Minh,1,0
76470,Nguyễn Văn Mai,0,0
2223,Nguyễn Trần Huy,0,0
62558,Dương Văn Châu,1,1
54450,Dương Thanh Trọng,1,1
66855,Lê Đức Tùng,0,0
72535,Vũ Anh Châu,0,0
16144,Mai Hữu Linh,0,0
57627,Dương Thanh Vân,0,0
49966,Mai Hoàng Nhiên,0,1
13015,Đặng Quang Thành,0,0
35004,Trần Hoàng Linh,1,0
34627,Phạm Văn Châu,0,0
55832,Nguyễn Thu Quang,0,1
67939,Mai Thanh Yến,0,1
60907,Bùi Trần Trung,0,1
77269,Phạm Gia Huy,0,0
5210,Mai Thanh Xuân,1,1
42799,Mai Quang Ánh,0,0
55721,Đặng Gia Xuân,0,1
2959,Hoàng Minh Yến,0,0
58138,Bùi Ngọc Nhiên,1,1
23858,Nguyễn Quang Yến,0,0
1653,Vũ Hoàng Thành,0,1
70027,Phạm Hoàng Dũng,0,1
28962,Nguyễn Gia Phúc,0,0
52677,Lê Xuân Ngọc,0,0
2796,Hoàng Quang Vi,0,0
30496,Nguyễn Thu Chi,0,0
24217,Dương Văn Linh,0,1
7371,Phạm Thanh Chi,0,0
35766,Vũ Văn Quang,0,1
20590,Dương Xuân Quang,0,1
59291,Dương Gia Tùng,0,0
49386,Dương Anh Dũng,0,1
33671,Nguyễn Kim Ngọc,0,0
34429,Hoàng Kim Anh,1,1
12622,Vũ Thị Bảo,0,0
33424,Vũ Thanh Dương,0,0
48462,Đặng Xuân Ngọc,0,0
1965,Đặng Trần Vi,0,0
3437,Phạm Trần Yến,0,1
73381,Dương Xuân Yến,1,1
52064,Lê Thu Hồng,1,1
29998,Hoàng Xuân Hoàng,0,0
28577,Trần Hữu Lan,0,1
29894,Mai Minh Anh,1,1
55538,Phạm Kim Anh,0,1
2425,Vũ Ngọc Chi,0,0
62664,Nguyễn Đức Ánh,0,0
22154,Phạm Kim Minh,0,0
35925,Vũ Gia Hoàng,0,1
39544,Hoàng Minh Nam,0,1
20458,Đặng Ngọc Nhiên,0,1
57395,Nguyễn Minh Ánh,1,1
33840,Bùi Thu Yến,0,0
33181,Trần Văn Mai,0,0
77699,Đặng Hữu Trọng,0,0
77287,Vũ Thu Trung,0,0
49607,Hoàng Minh Lan,0,0
7420,Hoàng Anh Hưng,0,0
79224,Trần Thanh Thảo,0,1
26294,Đặng Thị Minh,0,0
33336,Phạm Thanh Dương,0,1
73877,Lê Thu Nhiên,1,1
43098,Mai Quang Vũ,0,1
23173,Lê Hoàng Linh,1,1
38129,Hoàng Quang Vũ,0,0
29537,Trần Ngọc Vũ,0,0
25005,Dương Trần Tú,0,0
68018,Mai Xuân Mai,0,0
61397,Mai Văn Huy,0,1
43085,Bùi Thu Lan,0,1
75274,Lê Trần Duyên,0,0
69786,Dương Hoàng Vân,0,0
32759,Đặng Đức Trọng,0,0
8454,Nguyễn Đức Khoa,1,1
41084,Vũ Đức Trọng,1,1
40602,Lê Trần Minh,0,0
20211,Bùi Minh Mai,0,0
66,Phạm Thị Trung,0,0
7943,Hoàng Hoàng Nam,1,1
48980,Trần Ngọc Chi,0,1
30744,Trần Kim Quang,0,0
62380,Đặng Gia Hồng,0,1
24872,Đặng Đức Ngọc,0,0
45560,Nguyễn Ngọc Yến,0,0
63990,Bùi Xuân Chi,0,1
7967,Phạm Anh Minh,0,0
40560,Hoàng Thị Vân,0,0
68891,Hoàng Hữu Minh,0,0
57301,Bùi Quang Linh,0,0
22155,Trần Đức Linh,0,0
8589,Đặng Anh Vân,0,0
14234,Vũ Đức Quang,0,0
40905,Vũ Anh Thành,0,0
65415,Bùi Kim Dương,1,0
79183,Hoàng Kim Linh,0,0
8985,Đặng Đức Vũ,0,0
53821,Trần Ngọc Ngọc,0,1
44716,Vũ Minh Chi,0,1
9848,Bùi Gia Ánh,0,0
63362,Bùi Thu Linh,0,0
27975,Vũ Kim Trung,1,1
72237,Bùi Văn Dũng,0,0
13990,Lê Thu Khoa,0,1
15172,Dương Minh Vi,0,0
57835,Hoàng Xuân Phúc,1,0
52205,Bùi Xuân Bảo,0,0
4605,Dương Thanh Trung,0,0
11357,Hoàng Anh Trung,1,1
46478,Bùi Thu Ngọc,0,0
62915,Trần Kim Anh,0,1
5478,Hoàng Ngọc Ánh,0,1
77897,Đặng Đức Duyên,1,0
7934,Đặng Thanh Vũ,1,1
33282,Hoàng Minh Linh,0,1
54336,Bùi Hoàng Huy,0,0
40933,Mai Kim Tùng,0,1
17684,Mai Kim Minh,0,0
50596,Phạm Hoàng Quang,1,1
76197,Dương Kim Anh,0,1
9141,Lê Xuân Thảo,0,0
67813,Phạm Kim Nam,1,1
74468,Bùi Anh Dương,0,0
73469,Nguyễn Thị Linh,0,0
47574,Dương Thu Vi,0,0
27464,Mai Minh Thành,1,1
12828,Trần Minh Tú,1,1
2992,Phạm Kim Vi,0,0
55729,Đặng Anh Dương,1,1
31528,Mai Hoàng Thành,1,1
52488,Trần Quang Anh,0,0
54924,Nguyễn Thanh Quang,0,0
40749,Vũ Hữu Phúc,0,1
15440,Trần Hữu Nhiên,0,1
23217,Dương Đức Hương,1,1
58901,Nguyễn Quang Hương,0,1
64563,Hoàng Gia Tùng,0,1
70905,Đặng Thanh Khoa,0,0
53010,Hoàng Quang Ánh,0,0
21736,Nguyễn Trần Khoa,0,0
55852,Phạm Gia Huy,0,0
9575,Dương Thị Thành,0,1
43418,Trần Thu Tú,0,1
21064,Dương Ngọc Quang,0,1
28355,Vũ Minh Tùng,0,0
53041,Mai Văn Thảo,0,0
54494,Lê Đức Châu,0,1
67827,Phạm Thu Trung,0,0
76201,Bùi Đức Mai,1,1
63854,Trần Xuân Ngọc,0,1
56062,Dương Thu Hưng,0,1
28880,Phạm Đức Chi,0,0
51204,Mai Thị Tú,0,0
30567,Dương Anh Thảo,0,0
15619,Phạm Ngọc Vũ,0,0
5083,Đặng Đức Châu,0,0
68836,Vũ Thu Linh,0,0
60913,Hoàng Hữu Tú,0,0
11692,Dương Văn Hương,0,1
62650,Dương Kim Dương,0,0
72615,Nguyễn Đức Dũng,0,1
29729,Đặng Anh Trung,0,1
62723,Dương Xuân Hoàng,1,1
15843,Nguyễn Quang Nam,0,0
8350,Vũ Văn Tú,0,1
34420,Bùi Thanh Ngọc,0,0
44783,Mai Đức Trung,0,0
69467,Phạm Ngọc Linh,0,0
77019,Mai Gia Minh,0,0
23239,Nguyễn Anh Lan,1,0
64602,Đặng Văn Anh,0,1
10012,Vũ Quang Dương,0,0
3974,Hoàng Thanh Anh,0,1
36331,Vũ Hữu Phúc,0,0
18013,Nguyễn Hữu Chi,0,0
34916,Vũ Kim Hưng,1,1
9266,Đặng Văn Vũ,0,1
10393,Bùi Thu Anh,1,0
3638,Mai Văn Quang,0,0
43792,Bùi Thị Tú,0,0
26704,Trần Thu Anh,1,1
23830,Mai Thị Lan,0,0
31382,Lê Anh Vũ,1,1
34760,Lê Thu Huy,0,1
42456,Dương Kim Vũ,0,1
67695,Hoàng Văn Vi,1,1
22232,Vũ Hữu Tú,0,0
9976,Mai Văn Ngọc,0,1
53256,Đặng Hữu Hương,0,0
42337,Nguyễn Kim Tùng,1,1
23011,Trần Hoàng Tú,0,0
24761,Phạm Trần Khoa,0,1
70635,Lê Anh Hồng,1,0
67451,Hoàng Xuân Hương,0,1
27734,Vũ Xuân Khoa,0,0
4640,Phạm Thị Yến,0,1
13486,Bùi Ngọc Nam,0,0
43311,Bùi Đức Châu,0,0
3827,Dương Kim Chi,0,0
15161,Vũ Quang Thảo,0,0
52232,Nguyễn Quang Khoa,1,1
45088,Bùi Hữu Tùng,1,1
33088,Bùi Thị Yến,0,1
50566,Vũ Kim Ánh,0,0
18065,Trần Văn Vi,0,0
8635,Lê Hữu Linh,0,0
68409,Vũ Thanh Lan,0,0
56692,Nguyễn Hữu Mai,0,0
53692,Dương Gia Linh,0,0
21843,Dương Thanh Vân,0,0
7277,Nguyễn Hữu Dũng,0,1
76153,Mai Xuân Vân,0,1
26001,Dương Anh Tùng,0,0
72622,Phạm Văn Hưng,1,1
74698,Nguyễn Thanh Xuân,1,1
50281,Trần Minh Huy,0,0
56860,Dương Minh Trọng,0,0
46698,Trần Thu Châu,0,1
68339,Trần Hữu Quang,1,1
44908,Nguyễn Văn Khoa,0,0
4257,Mai Đức Ánh,0,0
9674,Vũ Hoàng Dũng,1,1
56621,Dương Thu Duyên,0,0
44799,Đặng Thanh Yến,0,0
57536,Phạm Quang Minh,0,1
35192,Hoàng Quang Hương,0,0
76601,Phạm Xuân Dũng,0,0
50845,Đặng Ngọc Dương,0,0
65824,Dương Văn Vi,0,0
30805,Dương Quang Quang,0,0
23954,Nguyễn Thu Quang,1,1
62706,Dương Thanh Nhiên,0,0
16553,Dương Minh Ngọc,0,0
40117,Bùi Kim Thảo,0,0
72567,Nguyễn Kim Lan,0,1
49415,Mai Anh Xuân,1,1
71179,Đặng Thu Hương,0,0
30787,Phạm Minh Hưng,0,0
64010,Mai Đức Quang,0,0
5087,Phạm Gia Duyên,1,1
65696,Nguyễn Anh Nhiên,0,0
21003,Vũ Thu Xuân,0,0
54142,Nguyễn Anh Bảo,0,0
4230,Mai Xuân Anh,0,0
75276,Đặng Đức Anh,1,1
8262,Hoàng Gia Hương,0,0
55917,Bùi Anh Thảo,0,0
12484,Trần Thu Nam,0,0
29559,Lê Thị Hồng,0,0
36182,Dương Hoàng Yến,0,0
847,Bùi Đức Vũ,0,0
21867,Phạm Đức Xuân,0,0
44008,Đặng Trần Minh,1,0
76614,Lê Hoàng Trọng,0,1
47537,Trần Thu Châu,1,1
63645,Dương Xuân Duyên,1,1
75815,Lê Xuân Trung,0,0
78275,Đặng Kim Xuân,0,1
11227,Phạm Anh Chi,0,0
73819,Phạm Minh Lan,0,0
74187,Trần Hoàng Hương,0,0
6114,Đặng Hoàng Hương,0,0
44685,Trần Hoàng Hồng,0,0
76528,Mai Đức Bảo,1,1
29923,Trần Hoàng Hoàng,1,1
41261,Trần Thu Trọng,1,1
65147,Phạm Thu Duyên,0,0
35164,Lê Trần Chi,0,0
55470,Dương Minh Phúc,1,1
21910,Dương Văn Huy,0,0
72449,Vũ Hữu Hồng,0,0
74538,Hoàng Hữu Linh,0,0
5027,Mai Hoàng Dương,0,1
64586,Mai Ngọc Hương,0,0
37366,Phạm Hữu Mai,0,0
59083,Vũ Gia Duyên,0,0
49189,Đặng Anh Vũ,0,0
45251,Trần Kim Huy,0,0
21649,Mai Trần Lan,0,0
54703,Bùi Quang Yến,0,0
4632,Vũ Thị Châu,0,0
70854,Hoàng Thu Hoàng,0,0
1,Đặng Văn Vũ,0,0
38844,Hoàng Thanh Xuân,1,1
46874,Dương Thu Trọng,1,1
31558,Lê Thị Tùng,1,1
74622,Dương Hữu Lan,0,1
78554,Vũ Xuân Trung,0,0
50729,Nguyễn Anh Ánh,0,0
9493,Hoàng Văn Tùng,0,0
12077,Hoàng Hữu Huy,0,0
75073,Mai Thị Dũng,1,1
35100,Nguyễn Gia Tú,0,0
79116,Mai Xuân Chi,0,0
2627,Phạm Thanh Tú,0,0
39242,Đặng Xuân Khoa,0,0
51709,Lê Hữu Tú,0,0
77542,Bùi Minh Thành,0,0
75690,Trần Kim Ánh,1,0
69503,Nguyễn Minh Hương,0,0
15450,Đặng Thanh Linh,0,0
78269,Trần Minh Bảo,1,1
4930,Trần Hoàng Hoàng,0,0
56820,Hoàng Thanh Yến,0,0
23275,Hoàng Hữu Thảo,0,1
79580,Lê Trần Lan,0,0
64477,Lê Hữu Xuân,0,1
46945,Hoàng Hữu Mai,0,0
39620,Nguyễn Minh Hoàng,1,1
4622,Mai Gia Tùng,1,1
66380,Mai Hữu Ánh,0,0
49450,Trần Thanh Ánh,0,0
48559,Mai Anh Duyên,0,0
29479,Đặng Trần Vi,0,0
74403,Dương Thu Nhiên,0,1
65190,Bùi Văn Trọng,0,0
57777,Phạm Hữu Huy,0,1
55606,Mai Thị Ánh,0,0
48194,Lê Quang Anh,0,0
76560,Lê Minh Vũ,0,0
19854,Mai Kim Vân,0,0
76139,Phạm Hữu Ngọc,0,0
18980,Mai Thu Vi,0,0
25352,Trần Ngọc Ngọc,1,1
33717,Phạm Thu Trọng,1,1
74073,Đặng Thị Châu,0,0
25170,Bùi Thanh Vân,1,1
48841,Nguyễn Hữu Hoàng,0,0
13306,Nguyễn Thị Ánh,0,0
68803,Mai Kim Linh,0,1
78612,Nguyễn Thanh Vi,0,0
52898,Dương Hoàng Mai,0,0
61899,Vũ Hữu Châu,1,1
45278,Vũ Thị Dương,0,0
15193,Vũ Ngọc Mai,1,1
61078,Hoàng Thu Anh,1,0
49462,Vũ Thị Xuân,0,0
10821,Nguyễn Văn Dũng,0,0
13479,Dương Trần Trung,1,1
15826,Trần Thu Ánh,0,1
10011,Đặng Hữu Nam,0,1
76723,Lê Thị Mai,0,1
52399,Đặng Xuân Hưng,0,0
50933,Nguyễn Kim Xuân,0,1
77408,Hoàng Xuân Hồng,1,1
34959,Mai Thị Tú,1,1
15238,Trần Trần Lan,0,0
44287,Hoàng Văn Trung,0,0
64417,Đặng Văn Tùng,0,1
29872,Lê Thu Xuân,0,0
34522,Hoàng Gia Yến,1,1
30532,Nguyễn Hữu Châu,0,0
63343,Đặng Hữu Xuân,0,1
79436,Lê Hoàng Nam,1,1
76361,Nguyễn Văn Bảo,0,0
49336,Bùi Trần Anh,0,1
20522,Lê Kim Thành,0,1
69854,Trần Thị Nhiên,1,1
51493,Dương Hữu Hưng,1,1
14904,Dương Kim Khoa,1,1
44392,Vũ Minh Thành,0,1
60705,Dương Gia Hoàng,0,0
9497,Dương Văn Xuân,0,0
1465,Lê Gia Hồng,0,0
52956,Lê Ngọc Lan,0,1
20051,Trần Thị Tú,0,0
14730,Nguyễn Anh Vũ,0,0
78243,Nguyễn Đức Linh,0,0
17307,Đặng Đức Hương,0,0
76643,Dương Đức Bảo,0,1
25341,Hoàng Văn Duyên,1,1
3091,Nguyễn Đức Vũ,0,0
343,Trần Anh Huy,0,1
46234,Hoàng Kim Ánh,0,0
13856,Nguyễn Hữu Duyên,0,0
8914,Vũ Quang Xuân,0,0
41448,Nguyễn Hữu Quang,0,0
77268,Vũ Đức Thảo,0,0
40689,Bùi Đức Bảo,0,0
45082,Vũ Thị Anh,0,0
77247,Mai Anh Vi,0,0
29600,Nguyễn Trần Minh,0,0
38389,Lê Hoàng Nhiên,0,0
64893,Đặng Minh Dũng,0,0
22213,Trần Thanh Ánh,0,0
39920,Nguyễn Thu Duyên,0,1
69189,Dương Thị Tú,0,0
72238,Trần Ngọc Anh,0,0
23471,Bùi Minh Hoàng,0,1
15305,Vũ Kim Huy,0,0
47124,Phạm Quang Thảo,0,0
63744,Nguyễn Trần Chi,1,1
9425,Nguyễn Kim Duyên,0,1
20359,Nguyễn Thị Nhiên,0,0
53754,Nguyễn Minh Anh,0,0
77609,Đặng Thu Hồng,1,1
34744,Bùi Quang Vân,0,1
23353,Đặng Gia Minh,0,0
12996,Dương Kim Vi,0,0
1950,Dương Anh Ngọc,0,0
38158,Đặng Quang Châu,0,0
71501,Nguyễn Đức Dương,0,1
48310,Vũ Kim Duyên,1,1
12404,Trần Minh Mai,0,0
39831,Dương Đức Xuân,0,0
70686,Dương Hoàng Quang,0,0
69260,Bùi Quang Hồng,0,0
52349,Nguyễn Thu Vi,0,1
51240,Hoàng Thanh Huy,0,0
44880,Đặng Đức Yến,0,1
77539,Hoàng Hoàng Ánh,0,0
42144,Lê Ngọc Vi,0,0
37249,Bùi Quang Ánh,1,1
2521,Bùi Văn Mai,0,0
65373,Hoàng Thanh Hoàng,0,0
68953,Nguyễn Văn Tùng,1,1
12169,Đặng Ngọc Ánh,0,0
32177,Lê Thanh Hồng,0,1
52357,Vũ Minh Vũ,0,0
23308,Phạm Xuân Tú,0,0
26032,Bùi Anh Huy,1,1
22884,Trần Hoàng Lan,0,0
79244,Phạm Hữu Ánh,0,1
27592,Trần Minh Vi,1,0
4878,Nguyễn Trần Hoàng,0,1
76484,Vũ Xuân Vi,0,0
34751,Dương Gia Phúc,0,0
73415,Bùi Thị Hưng,0,0
24707,Mai Gia Vi,0,0
18869,Nguyễn Hữu Trọng,0,0
24135,Mai Hoàng Khoa,0,0
27025,Dương Thu Dương,0,0
25074,Mai Hữu Nam,0,0
43795,Phạm Anh Quang,0,0
65065,Bùi Văn Dương,0,0
2033,Hoàng Trần Quang,0,1
65163,Phạm Thu Khoa,0,0
27779,Lê Hữu Thành,1,1
51249,Bùi Xuân Tú,0,0
25706,Hoàng Hoàng Nam,0,0
8461,Trần Ngọc Trung,1,0
61564,Hoàng Xuân Ánh,0,1
79626,Nguyễn Minh Khoa,0,1
68855,Dương Trần Lan,1,1
49418,Lê Hữu Yến,0,1
14156,Đặng Gia Dũng,0,1
23740,Nguyễn Hữu Nhiên,0,0
60803,Bùi Văn Xuân,0,1
49165,Dương Trần Hồng,0,0
53487,Phạm Thị Yến,0,0
41278,Hoàng Hoàng Minh,1,1
32457,Mai Thị Anh,0,1
65238,Dương Xuân Phúc,1,0
68472,Nguyễn Kim Vân,0,0
42,Nguyễn Quang Hoàng,0,0
55947,Mai Gia Khoa,0,0
45097,Mai Văn Vân,0,0
5506,Lê Trần Ngọc,0,0
73977,Vũ Xuân Thành,0,0
71599,Trần Thị Mai,0,1
40538,Hoàng Trần Hương,0,1
40091,Vũ Văn Vân,1,1
59761,Phạm Thu Châu,1,1
79861,Hoàng Xuân Chi,0,0
14084,Dương Ngọc Duyên,0,0
44279,Lê Hữu Bảo,0,0
49420,Trần Thị Quang,0,0
9408,Lê Thanh Hoàng,1,1
9498,Bùi Thanh Xuân,0,1
65106,Hoàng Thu Trung,0,0
46406,Lê Đức Linh,0,0
4135,Dương Hữu Vi,0,0
74883,Trần Thị Hưng,0,0
71399,Phạm Thanh Huy,0,0
71275,Lê Anh Duyên,0,0
50757,Dương Đức Bảo,0,1
77743,Vũ Xuân Anh,0,0
51005,Bùi Văn Tùng,1,1
71561,Lê Hoàng Mai,0,0
65429,Lê Xuân Chi,1,1
1128,Dương Anh Lan,0,1
38616,Lê Trần Hồng,0,0
21702,Nguyễn Ngọc Hương,1,1
4096,Bùi Văn Châu,0,0
50238,Lê Anh Vũ,1,1
7927,Dương Ngọc Lan,0,0
18865,Bùi Thu Hưng,0,0
17126,Dương Gia Tùng,0,0
65151,Hoàng Xuân Hoàng,0,0
79624,Nguyễn Gia Hương,0,1
71358,Trần Ngọc Dương,0,1
29896,Đặng Hữu Huy,0,0
13248,Phạm Thị Nhiên,0,0
62179,Hoàng Trần Vũ,0,1
3728,Hoàng Đức Nam,0,0
78545,Lê Thị Hưng,0,0
16772,Trần Hoàng Dương,0,0
13984,Phạm Minh Quang,1,1
70891,Vũ Thị Quang,0,1
6179,Dương Hoàng Mai,0,1
48929,Mai Văn Yến,0,0
27941,Dương Hữu Duyên,0,1
30369,Vũ Gia Lan,0,0
21106,Bùi Đức Hồng,1,1
66841,Đặng Thu Chi,0,0
38463,Dương Gia Ngọc,0,0
59146,Phạm Văn Minh,0,0
17543,Vũ Kim Dương,1,1
31543,Hoàng Kim Lan,0,0
64879,Trần Ngọc Thảo,1,1
67230,Phạm Trần Huy,0,0
9886,Trần Xuân Dương,0,0
79980,Vũ Anh Minh,1,1
31095,Mai Đức Hương,0,0
7931,Nguyễn Thanh Trọng,0,0
61737,Bùi Đức Xuân,0,0
13668,Vũ Minh Phúc,0,0
47661,Vũ Hoàng Châu,0,0
23549,Mai Ngọc Yến,0,0
31737,Vũ Thanh Phúc,0,0
71291,Trần Gia Nam,0,0
73727,Hoàng Văn Linh,0,0
38208,Đặng Văn Hồng,0,0
72341,Vũ Văn Khoa,0,0
18143,Trần Ngọc Khoa,0,1
71181,Đặng Xuân Quang,0,1
72865,Dương Văn Mai,0,1
68879,Phạm Minh Minh,0,0
61508,Vũ Anh Minh,0,0
61256,Phạm Trần Dũng,0,1
61065,Lê Thị Mai,1,1
59370,Nguyễn Quang Xuân,1,1
20919,Nguyễn Thu Anh,0,0
6246,Vũ Quang Hưng,0,0
63758,Lê Thu Quang,0,0
73225,Trần Kim Hồng,0,0
8620,Phạm Kim Duyên,0,0
18014,Bùi Hoàng Vân,0,1
10972,Phạm Đức Xuân,0,0
62393,Hoàng Hữu Vi,0,0
78427,Hoàng Thu Thảo,0,0
70049,Đặng Hữu Linh,0,0
19255,Bùi Văn Tùng,1,0
10638,Nguyễn Quang Hương,1,1
35880,Nguyễn Ngọc Chi,0,0
37985,Trần Hữu Bảo,0,0
60513,Đặng Hoàng Dương,0,0
53414,Bùi Thị Khoa,0,0
28058,Bùi Thị Linh,0,0
55614,Nguyễn Xuân Hoàng,0,0
72464,Đặng Văn Ngọc,0,0
45812,Nguyễn Xuân Yến,1,1
6236,Mai Kim Mai,0,0
6860,Lê Hữu Mai,1,1
71675,Nguyễn Trần Huy,1,1
6257,Dương Ngọc Linh,0,0
55747,Mai Văn Dũng,0,0
1770,Phạm Kim Tú,0,0
59750,Mai Quang Châu,0,0
54513,Dương Hoàng Dương,0,1
38971,Phạm Trần Quang,1,1
33750,Phạm Hữu Châu,0,1
35079,Nguyễn Đức Minh,0,1
78315,Phạm Ngọc Minh,1,1
54966,Dương Kim Tùng,0,0
56148,Vũ Hoàng Vi,0,0
45741,Bùi Anh Nam,1,1
31180,Vũ Thu Duyên,0,1
30737,Phạm Quang Châu,0,0
65191,Mai Xuân Anh,1,1
35799,Bùi Kim Lan,0,0
74503,Lê Ngọc Vũ,0,0
57798,Nguyễn Kim Minh,0,1
53163,Đặng Văn Hưng,0,0
54342,Lê Hoàng Huy,1,1
22563,Đặng Kim Vân,0,1
61262,Nguyễn Gia Bảo,0,0
72860,Dương Anh Linh,0,0
39664,Vũ Thị Thảo,0,0
59696,Đặng Ngọc Bảo,0,1
52735,Bùi Thu Chi,0,0
66082,Vũ Gia Phúc,0,0
17583,Dương Trần Khoa,0,0
6757,Mai Hữu Duyên,0,0
63495,Lê Gia Anh,0,0
44847,Bùi Đức Linh,0,0
40609,Mai Đức Thành,0,0
48366,Đặng Thị Quang,0,0
73501,Đặng Văn Tú,0,1
63169,Vũ Trần Minh,0,0
32749,Phạm Thanh Phúc,0,1
39949,Đặng Thu Hưng,0,1
66006,Phạm Trần Ngọc,0,0
77621,Bùi Trần Quang,0,0
77021,Đặng Gia Linh,1,0
77814,Hoàng Văn Hưng,0,1
11365,Vũ Văn Yến,1,1
21111,Dương Trần Nam,0,1
31843,Mai Thu Duyên,0,0
52295,Vũ Gia Xuân,1,1
15264,Dương Quang Châu,0,0
75864,Hoàng Anh Dũng,0,0
32143,Bùi Đức Khoa,0,0
29321,Phạm Thu Hưng,0,1
8182,Vũ Đức Mai,0,1
20757,Trần Kim Linh,1,1
54983,Dương Thị Tú,0,0
55960,Mai Văn Vân,0,0
66565,Vũ Hữu Yến,0,1
9554,Đặng Văn Châu,0,0
34497,Mai Anh Thành,1,0
60440,Phạm Văn Vi,0,0
60847,Mai Trần Vi,1,0
14155,Vũ Hữu Hương,0,1
79507,Trần Minh Hương,1,1
13654,Nguyễn Trần Vũ,0,1
46550,Phạm Trần Linh,0,1
34028,Bùi Gia Xuân,0,0
57925,Phạm Trần Vi,1,0
41257,Dương Ngọc Lan,0,1
32004,Mai Quang Nam,0,1
29722,Phạm Quang Thảo,0,0
3880,Hoàng Quang Ngọc,0,0
70970,Hoàng Thị Hương,0,1
45254,Mai Thanh Vi,0,0
52314,Vũ Ngọc Huy,1,0
76074,Hoàng Thanh Phúc,0,0
12148,Mai Đức Trung,0,0
2608,Đặng Anh Thành,1,0
28034,Nguyễn Thu Phúc,0,0
2870,Mai Xuân Vũ,0,1
4423,Trần Minh Yến,1,1
34549,Hoàng Ngọc Nhiên,0,0
70796,Đặng Quang Vi,0,0
54764,Vũ Minh Hưng,0,0
2748,Dương Đức Vân,0,0
43076,Hoàng Thu Ánh,0,1
30463,Đặng Thu Vũ,0,1
12290,Lê Thị Hưng,0,0
68571,Đặng Kim Hoàng,1,1
12326,Hoàng Hữu Hoàng,0,0
54710,Mai Minh Nam,0,0
35149,Hoàng Thu Hoàng,0,0
75483,Vũ Gia Quang,0,0
2476,Nguyễn Văn Trung,1,1
18451,Phạm Kim Anh,0,1
6787,Vũ Minh Vi,0,0
16286,Phạm Anh Vũ,0,0
74209,Lê Minh Tú,0,0
25420,Mai Hữu Châu,0,0
78123,Đặng Thanh Tú,0,0
78350,Hoàng Trần Hoàng,0,1
9882,Lê Thu Duyên,0,0
40709,Bùi Ngọc Dương,0,0
7457,Mai Hoàng Mai,1,0
24889,Mai Thanh Ngọc,0,0
9688,Nguyễn Gia Thảo,1,1
46991,Trần Thị Duyên,0,0
22337,Vũ Ngọc Chi,0,0
24534,Hoàng Gia Huy,0,1
3108,Bùi Thị Hoàng,0,0
5127,Bùi Quang Ngọc,0,0
57911,Hoàng Thị Lan,0,0
70511,Lê Thu Ngọc,1,1
6361,Phạm Xuân Bảo,0,0
13413,Đặng Gia Huy,0,1
40369,Phạm Kim Minh,0,0
7831,Mai Kim Nhiên,0,1
34718,Vũ Thu Yến,0,0
40800,Bùi Hữu Thảo,0,1
16623,Mai Xuân Dương,0,0
28013,Hoàng Văn Tùng,0,0
69705,Đặng Minh Châu,0,1
58845,Dương Thị Thảo,0,1
77233,Trần Minh Khoa,0,0
17745,Nguyễn Ngọc Hoàng,1,1
66294,Nguyễn Thu Phúc,0,0
71550,Đặng Trần Quang,0,0
38140,Phạm Hoàng Quang,0,1
70862,Nguyễn Hữu Vân,0,0
8117,Đặng Kim Vũ,0,0
10866,Mai Văn Dũng,0,0
71754,Lê Anh Phúc,0,1
11992,Phạm Ngọc Ngọc,0,0
25488,Hoàng Đức Trọng,1,0
32164,Phạm Minh Thành,0,0
8469,Trần Hữu Yến,1,0
795,Lê Gia Mai,1,1
4300,Dương Kim Thảo,0,1
66578,Bùi Ngọc Vũ,0,0
32668,Hoàng Văn Phúc,1,1
51297,Phạm Anh Minh,1,1
24748,Dương Trần Bảo,0,1
62682,Trần Hữu Mai,1,1
35136,Vũ Thu Hồng,0,0
26942,Phạm Anh Phúc,0,1
73337,Mai Minh Dũng,0,0
27389,Bùi Quang Xuân,1,1
35858,Hoàng Xuân Quang,0,0
65426,Hoàng Kim Quang,0,0
29410,Mai Trần Hoàng,0,0
60864,Đặng Minh Hồng,0,0
33287,Dương Hoàng Duyên,1,0
4521,Vũ Văn Xuân,0,0
20472,Hoàng Đức Hương,0,0
6336,Dương Thanh Bảo,0,0
78074,Mai Ngọc Linh,0,0
6076,Phạm Ngọc Duyên,0,1
50074,Trần Xuân Lan,0,0
46380,Đặng Kim Chi,0,0
46515,Hoàng Thu Dương,0,0
64577,Đặng Hữu Bảo,0,1
17921,Bùi Thu Hưng,1,1
21310,Nguyễn Ngọc Vũ,0,0
34747,Phạm Đức Hương,0,1
71178,Mai Hoàng Xuân,1,1
64743,Mai Văn Lan,0,0
21520,Nguyễn Hoàng Khoa,1,1
70847,Mai Thanh Trọng,0,0
71242,Phạm Đức Ngọc,0,0
7282,Vũ Quang Linh,0,0
24354,Dương Kim Anh,0,1
56459,Lê Trần Quang,0,0
55993,Đặng Văn Hồng,0,0
12418,Nguyễn Hoàng Tùng,0,1
58000,Dương Ngọc Bảo,0,1
5067,Vũ Gia Hồng,0,1
4018,Trần Trần Thành,0,0
41683,Phạm Xuân Ngọc,0,1
51324,Lê Thu Dũng,1,1
23151,Trần Gia Dương,0,0
53950,Trần Quang Hoàng,0,0
15324,Dương Hữu Lan,0,1
44801,Phạm Gia Quang,0,0
51154,Phạm Kim Hương,0,1
12877,Phạm Xuân Bảo,0,1
53513,Bùi Ngọc Thảo,0,0
78,Mai Văn Hồng,0,1
27098,Trần Văn Mai,0,1
61548,Dương Minh Trung,0,0
57319,Bùi Hữu Ngọc,0,1
50452,Vũ Gia Quang,0,1
69179,Bùi Minh Dương,1,0
9585,Vũ Minh Vân,0,1
35020,Hoàng Anh Huy,0,0
9613,Trần Hữu Mai,1,1
71304,Mai Xuân Linh,0,0
42350,Mai Đức Dũng,0,0
72546,Hoàng Thị Dương,0,1
5585,Nguyễn Kim Chi,0,0
2990,Hoàng Xuân Yến,0,1
3472,Trần Kim Quang,0,0
49738,Hoàng Hoàng Linh,1,1
27366,Đặng Hữu Ánh,0,0
77887,Nguyễn Ngọc Anh,0,1
35414,Trần Đức Vân,0,0
30049,Đặng Văn Nhiên,0,1
75873,Bùi Hữu Ngọc,0,0
14616,Đặng Hoàng Mai,0,1
10375,Trần Minh Vân,1,1
54790,Hoàng Đức Mai,0,1
58924,Đặng Thu Vi,0,1
23840,Đặng Thị Mai,0,0
13744,Phạm Quang Quang,1,1
21061,Bùi Xuân Hưng,0,0
79207,Hoàng Trần Ngọc,0,1
29669,Mai Thu Châu,0,1
15832,Phạm Hữu Châu,0,0
30718,Trần Hoàng Duyên,0,0
68974,Mai Minh Châu,0,0
16979,Dương Văn Duyên,0,0
35609,Đặng Đức Huy,0,0
61689,Nguyễn Văn Quang,0,0
37804,Lê Quang Dương,0,0
26849,Hoàng Văn Quang,0,0
21055,Mai Thị Xuân,0,0
10387,Lê Minh Xuân,0,0
27224,Đặng Quang Vũ,1,1
77632,Vũ Minh Thảo,0,0
58311,Vũ Văn Thảo,0,0
33152,Lê Anh Vân,0,0
14482,Lê Kim Chi,0,0
75443,Lê Thị Dương,1,1
71172,Lê Minh Duyên,1,1
29724,Phạm Anh Thành,0,0
30349,Lê Thị Nhiên,0,0
77925,Nguyễn Thu Nam,0,0
11243,Phạm Hữu Yến,0,0
12116,Nguyễn Hoàng Hồng,0,0
17250,Mai Thu Yến,0,0
14738,Dương Văn Nam,1,1
36997,Vũ Thị Bảo,0,0
48850,Nguyễn Thanh Huy,1,1
14816,Mai Thu Xuân,1,1
64564,Đặng Anh Quang,0,0
7940,Trần Thị Vân,0,1
19668,Trần Ngọc Vũ,0,0
10420,Lê Kim Trọng,0,1
35037,Vũ Minh Thành,0,0
60479,Lê Thu Trung,0,0
34768,Bùi Anh Ánh,1,1
52387,Dương Gia Chi,0,1
60159,Hoàng Thanh Dương,0,0
66530,Lê Minh Khoa,0,0
69522,Trần Quang Minh,1,1
27834,Phạm Xuân Yến,0,0
51132,Lê Trần Nhiên,0,0
2037,Hoàng Văn Yến,0,1
52464,Vũ Hoàng Ngọc,0,0
14736,Trần Thanh Dương,0,0
28488,Vũ Thu Ánh,1,1
23593,Lê Thị Minh,0,1
50910,Đặng Văn Mai,0,0
66611,Trần Đức Thành,1,0
39033,Vũ Thị Thảo,0,0
74112,Dương Hoàng Hương,0,0
79703,Đặng Minh Vũ,0,0
61422,Mai Kim Phúc,1,1
59459,Bùi Đức Vi,0,0
14517,Dương Thu Hoàng,0,0
30564,Mai Kim Trung,0,1
71523,Nguyễn Xuân Ánh,0,0
41381,Mai Gia Yến,1,0
48711,Lê Thanh Vi,0,1
15054,Trần Đức Trung,0,1
42252,Nguyễn Thanh Dũng,0,0
56164,Dương Quang Tùng,0,0
33498,Vũ Trần Hương,0,0
44200,Lê Thu Yến,0,0
64346,Hoàng Hữu Châu,1,0
5607,Vũ Ngọc Bảo,0,1
78531,Lê Thị Trọng,1,1
13538,Hoàng Anh Yến,0,0
17720,Đặng Hoàng Thành,1,1
49397,Mai Trần Huy,0,0
70217,Đặng Văn Tùng,0,0
6003,Trần Thu Hồng,0,1
7348,Bùi Thu Chi,0,1
55375,Nguyễn Văn Nam,0,0
58233,Bùi Minh Hưng,0,0
70216,Trần Kim Nhiên,0,0
75052,Đặng Thị Huy,0,0
69069,Bùi Quang Nhiên,0,0
79473,Dương Gia Linh,1,1
61544,Vũ Quang Bảo,0,0
46453,Lê Ngọc Thảo,0,0
36948,Vũ Xuân Nhiên,0,0
27839,Vũ Thanh Minh,0,0
29766,Hoàng Ngọc Thành,0,1
9191,Lê Quang Minh,0,0
20996,Bùi Thanh Nhiên,0,0
79989,Trần Hoàng Dương,0,1
53385,Đặng Xuân Ngọc,1,1
23448,Phạm Minh Hương,0,1
25108,Đặng Trần Khoa,0,0
64348,Mai Gia Duyên,0,1
52269,Nguyễn Kim Mai,0,0
9343,Mai Văn Dương,0,0
64573,Đặng Thu Yến,0,0
44973,Mai Ngọc Hưng,0,1
24796,Đặng Anh Thảo,0,0
13244,Mai Xuân Ngọc,0,1
69272,Phạm Đức Trung,0,0
45876,Phạm Anh Vi,0,0
40054,Dương Minh Tùng,0,0
66633,Bùi Hữu Huy,1,1
11348,Trần Anh Thành,1,1
10785,Đặng Hoàng Hương,1,1
9932,Dương Hoàng Phúc,0,0
67765,Hoàng Kim Bảo,0,1
59986,Phạm Gia Ngọc,0,1
72508,Nguyễn Hữu Lan,1,0
16677,Dương Thị Xuân,0,0
70487,Mai Hữu Chi,0,0
64716,Nguyễn Hữu Yến,0,1
50230,Bùi Thanh Ánh,0,1
68294,Hoàng Thu Thảo,0,0
22603,Dương Xuân Anh,1,1
22354,Nguyễn Thị Vân,0,0
43896,Hoàng Gia Duyên,0,1
42825,Lê Hoàng Hồng,0,1
12590,Bùi Kim Quang,0,1
37580,Dương Thị Tùng,1,1
15917,Phạm Xuân Khoa,1,1
7316,Phạm Anh Nam,0,0
57640,Nguyễn Quang Dương,1,0
75014,Dương Ngọc Vi,0,0
41114,Dương Anh Anh,0,0
7853,Dương Gia Hưng,0,0
49366,Trần Anh Xuân,0,0
36149,Mai Hữu Yến,0,0
6998,Nguyễn Đức Minh,0,1
12228,Bùi Quang Minh,0,1
27062,Dương Thị Châu,0,0
61223,Đặng Hữu Huy,0,0
33721,Phạm Thị Chi,0,0
59758,Lê Anh Lan,0,0
71763,Nguyễn Quang Phúc,0,0
23760,Nguyễn Thanh Nam,0,1
56254,Trần Kim Lan,1,1
44770,Đặng Quang Nhiên,0,0
49605,Mai Xuân Mai,0,0
78329,Phạm Anh Chi,1,1
51771,Nguyễn Gia Hồng,0,1
18458,Phạm Trần Ánh,0,0
31521,Bùi Đức Thành,0,1
9079,Hoàng Anh Hương,1,1
47751,Vũ Trần Thành,1,1
26664,Đặng Thanh Vũ,0,0
18761,Phạm Đức Chi,0,0
32007,Mai Xuân Trung,0,0
23605,Bùi Ngọc Trọng,1,1
72451,Trần Thanh Hương,0,0
14045,Đặng Thị Khoa,0,0
74338,Hoàng Hữu Mai,0,0
18455,Đặng Kim Tùng,0,0
50300,Đặng Minh Dương,0,1
25614,Lê Quang Hoàng,0,0
71333,Đặng Kim Thảo,0,1
28137,Dương Thu Quang,1,1
31142,Lê Anh Nam,0,0
44590,Phạm Thanh Huy,0,1
54816,Bùi Trần Thảo,0,0
59019,Vũ Đức Lan,0,1
58273,Trần Anh Vi,0,1
37273,Hoàng Thanh Lan,0,0
74778,Lê Thanh Khoa,0,1
13935,Bùi Quang Yến,0,0
56614,Lê Hoàng Châu,0,0
74410,Lê Ngọc Hương,1,1
31568,Đặng Kim Hưng,1,1
21920,Hoàng Thanh Vi,0,0
17473,Phạm Anh Chi,0,0
67692,Trần Ngọc Quang,1,1
8449,Lê Anh Vi,0,0
38169,Lê Kim Thảo,0,0
7655,Hoàng Đức Hưng,1,1
11799,Mai Xuân Duyên,0,0
23003,Nguyễn Kim Châu,0,0
28959,Trần Hữu Anh,0,0
46382,Trần Trần Duyên,0,1
68453,Hoàng Kim Hương,0,1
989,Lê Thị Tú,0,0
32090,Trần Thu Trung,0,0
34279,Nguyễn Đức Quang,0,1
16285,Bùi Minh Vũ,0,0
50971,Bùi Thị Nam,1,1
44330,Nguyễn Thị Tùng,0,1
11862,Phạm Gia Tùng,0,0
44360,Mai Văn Nam,0,0
7444,Mai Trần Bảo,0,0
63699,Lê Minh Duyên,0,0
13402,Hoàng Thu Thành,0,0
15040,Lê Thị Duyên,0,1
17873,Đặng Đức Vân,0,0
59093,Đặng Hoàng Ánh,0,0
55111,Nguyễn Hữu Ánh,1,1
32678,Hoàng Trần Khoa,0,0
40485,Dương Đức Xuân,0,0
66138,Bùi Hữu Tùng,0,1
37897,Hoàng Kim Vân,0,0
67949,Hoàng Ngọc Minh,0,0
50602,Vũ Kim Quang,1,1
13697,Nguyễn Gia Anh,0,1
22401,Nguyễn Anh Dũng,0,0
2055,Hoàng Thị Hồng,0,0
42570,Vũ Thu Huy,0,1
47674,Hoàng Văn Mai,0,0
21322,Đặng Minh Hưng,0,0
53841,Vũ Minh Thành,0,0
30759,Trần Hữu Minh,0,0
12317,Hoàng Thu Quang,0,1
77782,Nguyễn Kim Hương,0,1
25669,Hoàng Trần Thành,0,0
42488,Dương Thu Lan,1,1
46289,Trần Hoàng Vi,1,1
57063,Nguyễn Thu Vi,0,1
62467,Hoàng Quang Châu,0,0
4237,Hoàng Xuân Dương,0,0
21703,Đặng Gia Nhiên,0,0
68898,Lê Gia Vân,0,0
19282,Phạm Văn Tú,0,0
7356,Trần Anh Trung,0,0
8513,Trần Thu Quang,0,0
57549,Nguyễn Thu Duyên,0,0
1639,Đặng Gia Ánh,0,0
4936,Phạm Trần Minh,0,1
23184,Mai Quang Dương,0,1
70830,Đặng Văn Vi,0,0
72217,Dương Xuân Linh,0,1
47221,Bùi Quang Mai,0,0
4776,Bùi Minh Quang,0,0
59454,Lê Thu Dũng,0,0
43680,Lê Anh Xuân,1,1
47017,Trần Thanh Quang,0,0
25088,Nguyễn Văn Nam,1,1
78282,Phạm Trần Khoa,0,1
40022,Dương Thị Hưng,0,0
62535,Bùi Minh Vi,1,1
45325,Trần Văn Lan,0,0
6532,Bùi Anh Vân,0,0
68086,Dương Xuân Ánh,1,1
13605,Bùi Thị Vân,0,0
59208,Mai Trần Vũ,0,1
68221,Trần Gia Nhiên,0,1
17739,Phạm Hữu Vi,0,0
23486,Nguyễn Xuân Chi,0,0
39813,Hoàng Văn Dũng,0,1
29689,Phạm Xuân Hưng,0,0
30866,Bùi Thị Hồng,0,0
3872,Vũ Văn Quang,0,0
41348,Lê Trần Yến,0,0
139,Phạm Xuân Châu,0,1
10371,Mai Quang Hồng,1,1
15444,Dương Đức Anh,1,1
45283,Dương Đức Thành,0,0
78590,Bùi Quang Yến,0,0
14604,Hoàng Xuân Bảo,1,1
13163,Dương Ngọc Hồng,1,1
21954,Vũ Kim Hương,0,1
68311,Dương Trần Yến,0,1
58276,Nguyễn Thị Lan,1,1
33257,Dương Thu Anh,0,0
49289,Phạm Ngọc Tùng,0,1
60373,Trần Hữu Ánh,0,0
55786,Hoàng Thanh Xuân,0,0
39868,Trần Kim Hồng,0,0
64925,Phạm Thu Hồng,0,1
36779,Mai Thanh Vũ,1,1
61455,Phạm Hữu Châu,1,1
58719,Phạm Hoàng Ánh,0,0
64293,Nguyễn Hữu Duyên,1,0
29106,Hoàng Kim Nam,0,0
69669,Trần Thu Lan,0,0
36208,Trần Văn Quang,0,0
39275,Vũ Thanh Hoàng,0,0
78377,Lê Quang Thành,0,0
32113,Đặng Trần Trọng,0,0
59246,Lê Gia Vũ,0,0
14040,Vũ Hữu Nhiên,0,1
38121,Đặng Quang Khoa,0,0
38567,Lê Minh Phúc,0,0
14433,Đặng Quang Bảo,0,0
7517,Trần Kim Nhiên,0,0
20620,Phạm Đức Mai,1,0
80000,Bùi Anh Yến,0,0
75958,Vũ Quang Duyên,0,1
25977,Bùi Hoàng Huy,0,1
56688,Đặng Thu Thành,0,0
34003,Dương Thị Hồng,0,0
61811,Mai Xuân Hồng,0,0
19996,Vũ Đức Nhiên,0,1
26804,Phạm Minh Hồng,0,0
64196,Dương Văn Vũ,0,0
44662,Phạm Minh Ánh,0,0
24306,Mai Hoàng Hương,1,1
27899,Phạm Đức Nam,0,0
40483,Lê Thị Lan,0,1
67318,Trần Thu Chi,0,0
39611,Đặng Trần Ánh,1,0
9985,Vũ Gia Dương,0,0
65309,Nguyễn Hoàng Bảo,0,0
52463,Lê Quang Hoàng,0,0
73231,Bùi Trần Hương,0,1
73146,Mai Đức Ánh,0,1
56710,Dương Thanh Duyên,0,0
66448,Bùi Minh Quang,0,0
66512,Phạm Minh Khoa,1,1
31017,Đặng Minh Minh,0,0
15469,Hoàng Văn Vân,0,0
17013,Hoàng Gia Quang,0,0
69464,Đặng Gia Khoa,0,1
15428,Trần Hoàng Vân,0,0
40457,Vũ Văn Ngọc,0,1
16345,Đặng Kim Nhiên,0,0
57544,Mai Đức Mai,1,0
51192,Nguyễn Hoàng Hoàng,0,0
58731,Dương Đức Vũ,0,0
4951,Mai Hoàng Tú,0,0
69972,Đặng Anh Vũ,0,0
631,Dương Thị Lan,1,1
21254,Mai Gia Phúc,0,0
13887,Lê Hoàng Dũng,1,1
29024,Nguyễn Hoàng Khoa,0,0
2752,Đặng Ngọc Mai,0,0
58584,Lê Hoàng Dương,0,0
63384,Lê Thị Vũ,0,0
44644,Trần Kim Tùng,0,0
78440,Bùi Văn Trung,0,0
55679,Đặng Minh Vũ,0,0
14940,Hoàng Trần Lan,0,1
47490,Bùi Thanh Tùng,0,0
64815,Phạm Trần Dũng,0,0
21373,Trần Gia Anh,0,1
5345,Trần Đức Lan,1,1
55510,Đặng Anh Tùng,0,1
6644,Đặng Anh Vũ,1,1
44248,Phạm Thị Tú,0,1
18461,Hoàng Hữu Minh,0,1
34350,Bùi Hoàng Mai,1,1
53549,Trần Minh Chi,0,0
3038,Bùi Đức Vũ,0,0
32502,Mai Thu Mai,1,0
75078,Vũ Hoàng Chi,0,0
37993,Nguyễn Minh Vân,0,0
55202,Hoàng Thanh Linh,0,1
4701,Phạm Thanh Khoa,0,0
1809,Dương Văn Phúc,0,0
58883,Hoàng Hoàng Minh,0,0
76327,Trần Thu Ánh,1,1
76148,Trần Đức Vân,0,0
23071,Nguyễn Thị Bảo,1,1
62498,Nguyễn Minh Linh,1,0
56323,Nguyễn Ngọc Linh,1,1
19016,Vũ Đức Nam,1,1
41703,Nguyễn Quang Trung,0,0
61876,Trần Minh Ánh,0,1
79129,Trần Gia Ngọc,0,0
69,Mai Anh Dũng,0,1
2445,Dương Hữu Tú,1,1
70236,Lê Minh Mai,0,0
75206,Dương Xuân Hương,0,0
50664,Nguyễn Xuân Bảo,0,0
50930,Nguyễn Ngọc Quang,0,0
29777,Đặng Anh Anh,0,0
30346,Nguyễn Xuân Vũ,0,1
17239,Lê Đức Ánh,0,0
72697,Bùi Hữu Trung,0,0
54628,Trần Kim Lan,0,0
24776,Bùi Văn Linh,0,0
25127,Phạm Văn Ánh,0,0
40257,Vũ Quang Yến,0,0
72224,Phạm Thanh Bảo,0,1
26368,Đặng Trần Bảo,0,1
43258,Nguyễn Thị Mai,0,0
36350,Trần Gia Ánh,0,0
16370,Mai Đức Linh,0,0
35784,Vũ Gia Anh,0,1
64264,Mai Gia Dương,0,0
6752,Vũ Hoàng Khoa,0,0
